Mean,Deviation,Contrast,Complexity_Entropy,Sharpness_LaplacianVar,Edge_Strength_Sobel,Noise_Level_Sigma,patient_id,modality,shape,voxel_spacing_mm
0.30167492650291244,0.4092602282087585,1.0,4.075348678379639,0.006182402817278971,0.020463094560164583,0.00533129089333967,BraTS20_Training_327,T1,"(240, 240, 155)","(np.float32(1.0), np.float32(1.0), np.float32(1.0))"
0.2614736587645274,0.361668076377785,1.0,4.503251992346895,0.009162084537468026,0.027364234845286734,0.007878594752880858,BraTS20_Training_327,T1ce,"(240, 240, 155)","(np.float32(1.0), np.float32(1.0), np.float32(1.0))"
0.25658074919202045,0.3509221562012621,1.0,4.161625353773103,0.004531144699002837,0.017155057990713443,0.0004647073152287198,BraTS20_Training_327,T2,"(240, 240, 155)","(np.float32(1.0), np.float32(1.0), np.float32(1.0))"
0.1821095176159182,0.2681547056630554,1.0,4.147806791184,0.004622148606374116,0.01950953272438577,0.006134961001004151,BraTS20_Training_327,FLAIR,"(240, 240, 155)","(np.float32(1.0), np.float32(1.0), np.float32(1.0))"
0.1955417203213147,0.33386734491949915,1.0,2.9340864268422395,0.016527330740312995,0.025519930244879942,0.017117828222190698,BraTS20_Training_034,T1,"(240, 240, 155)","(np.float32(1.0), np.float32(1.0), np.float32(1.0))"
0.20015130537974682,0.33948477996836957,1.0,2.9035201965046085,0.025817851317007603,0.026336968174106235,0.020905360284362032,BraTS20_Training_034,T1ce,"(240, 240, 155)","(np.float32(1.0), np.float32(1.0), np.float32(1.0))"
0.1596530421601805,0.27630858549423915,1.0,2.5863353476330517,0.015272432869237091,0.024241904509167526,0.008432866079640144,BraTS20_Training_034,T2,"(240, 240, 155)","(np.float32(1.0), np.float32(1.0), np.float32(1.0))"
0.17249589002267576,0.29839798620314173,1.0,2.738242626224988,0.03236346487574622,0.03487132514986008,0.037040564078770134,BraTS20_Training_034,FLAIR,"(240, 240, 155)","(np.float32(1.0), np.float32(1.0), np.float32(1.0))"
0.22702051942394422,0.3523052324947182,1.0,3.3475856580713406,0.013689469669719758,0.02637395188825475,0.012672616943774126,BraTS20_Training_016,T1,"(240, 240, 155)","(np.float32(1.0), np.float32(1.0), np.float32(1.0))"
0.22986632799671594,0.355550822909911,1.0,3.3691606702127626,0.02835893275815633,0.0304591933917081,0.02355706343246504,BraTS20_Training_016,T1ce,"(240, 240, 155)","(np.float32(1.0), np.float32(1.0), np.float32(1.0))"
0.14012541884412955,0.23914902852482461,1.0,3.1512504414535454,0.010648205102488676,0.026418711694326438,0.0133199713240132,BraTS20_Training_016,T2,"(240, 240, 155)","(np.float32(1.0), np.float32(1.0), np.float32(1.0))"
0.1485456652795845,0.24052033398486689,1.0,3.467366585998209,0.005433524924044669,0.017006829827005604,0.011320137733788036,BraTS20_Training_016,FLAIR,"(240, 240, 155)","(np.float32(1.0), np.float32(1.0), np.float32(1.0))"
0.23334311858530135,0.34916860556492224,1.0,4.25983145762334,0.009829397296291053,0.030171211455568503,0.0006134379068982356,BraTS20_Training_346,T1,"(240, 240, 155)","(np.float32(1.0), np.float32(1.0), np.float32(1.0))"
0.2212081574728439,0.3296876912244418,1.0,4.679219740977237,0.023678182709235978,0.03305051710792856,0.011921272434534684,BraTS20_Training_346,T1ce,"(240, 240, 155)","(np.float32(1.0), np.float32(1.0), np.float32(1.0))"
0.16891388433661486,0.2681167628624482,1.0,4.9000469884550935,0.022015228801846528,0.036296315311292154,0.007693469582462035,BraTS20_Training_346,T2,"(240, 240, 155)","(np.float32(1.0), np.float32(1.0), np.float32(1.0))"
0.2430534873534251,0.3510088781907813,1.0,3.9692723475167786,0.018318656126878816,0.03021079668598248,0.010854360500978127,BraTS20_Training_346,FLAIR,"(240, 240, 155)","(np.float32(1.0), np.float32(1.0), np.float32(1.0))"
0.21994612068965516,0.34318156633620145,1.0,3.356976220260566,0.018783796846787333,0.03015473485388641,0.02012661045357708,BraTS20_Training_058,T1,"(240, 240, 155)","(np.float32(1.0), np.float32(1.0), np.float32(1.0))"
0.21145833333333333,0.3305245451929123,1.0,3.405340398300378,0.028254917800453513,0.03288309526544792,0.023750684674356634,BraTS20_Training_058,T1ce,"(240, 240, 155)","(np.float32(1.0), np.float32(1.0), np.float32(1.0))"
0.12631079443612023,0.21649590173995006,1.0,3.0779534375277247,0.016707053297293144,0.02878172306203262,0.020741359063230082,BraTS20_Training_058,T2,"(240, 240, 155)","(np.float32(1.0), np.float32(1.0), np.float32(1.0))"
0.15948880546536795,0.25820551120770574,1.0,3.1711444655519254,0.022013187592530126,0.03142236626868177,0.028396631106152825,BraTS20_Training_058,FLAIR,"(240, 240, 155)","(np.float32(1.0), np.float32(1.0), np.float32(1.0))"
0.2336842641497131,0.36751091966017446,1.0,3.283191955713179,0.010051921466199387,0.02222794435268057,0.007640177173516881,BraTS20_Training_240,T1,"(240, 240, 155)","(np.float32(1.0), np.float32(1.0), np.float32(1.0))"
0.23323909865242817,0.36595840607784336,1.0,3.3001614269219943,0.02035832095494266,0.028191346298605376,0.013593019138758478,BraTS20_Training_240,T1ce,"(240, 240, 155)","(np.float32(1.0), np.float32(1.0), np.float32(1.0))"
0.15057231009337949,0.25308166128090753,1.0,3.671390692284785,0.010176188865685446,0.024106320796281486,0.00794321419093724,BraTS20_Training_240,T2,"(240, 240, 155)","(np.float32(1.0), np.float32(1.0), np.float32(1.0))"
0.15231341515934538,0.25272145508779226,1.0,3.409562035497149,0.005143671086807016,0.01997264036628098,0.007821712766507966,BraTS20_Training_240,FLAIR,"(240, 240, 155)","(np.float32(1.0), np.float32(1.0), np.float32(1.0))"
0.21093497918293,0.3422190192938877,1.0,3.197496265839469,0.016695795748649725,0.032065228493719136,0.01848925983227145,BraTS20_Training_077,T1,"(240, 240, 155)","(np.float32(1.0), np.float32(1.0), np.float32(1.0))"
0.21206341802890313,0.34097518358095297,1.0,3.1814657908341473,0.029668534358868667,0.032505981925405714,0.022509355924781992,BraTS20_Training_077,T1ce,"(240, 240, 155)","(np.float32(1.0), np.float32(1.0), np.float32(1.0))"
0.1478419750207297,0.25346754838059266,1.0,2.977312240121973,0.022979153517239673,0.03380699955293486,0.021153183408122504,BraTS20_Training_077,T2,"(240, 240, 155)","(np.float32(1.0), np.float32(1.0), np.float32(1.0))"
0.1267645413870246,0.2192301929997821,1.0,3.11284057991803,0.011475827297013092,0.023291244586984734,0.021150476718023434,BraTS20_Training_077,FLAIR,"(240, 240, 155)","(np.float32(1.0), np.float32(1.0), np.float32(1.0))"
0.23092001465911347,0.34891307007130323,1.0,3.691298106147156,0.005823467289033395,0.028566769034256558,0.014560328823254523,BraTS20_Training_120,T1,"(240, 240, 155)","(np.float32(1.0), np.float32(1.0), np.float32(1.0))"
0.23340725171078697,0.34849958502858097,1.0,3.6459525657795258,0.01727617337686843,0.032412478643426924,0.01841064816743234,BraTS20_Training_120,T1ce,"(240, 240, 155)","(np.float32(1.0), np.float32(1.0), np.float32(1.0))"
0.10321341368951398,0.1876082255238649,1.0,4.078787494442112,0.003977586752490344,0.021233430949272068,0.006878838302572144,BraTS20_Training_120,T2,"(240, 240, 155)","(np.float32(1.0), np.float32(1.0), np.float32(1.0))"
0.13761705793946932,0.2254220024219076,1.0,3.600014041027903,0.011880373015403393,0.029823127476738417,0.020309400338150718,BraTS20_Training_120,FLAIR,"(240, 240, 155)","(np.float32(1.0), np.float32(1.0), np.float32(1.0))"
0.2657188824152542,0.4071842017930842,1.0,3.4622933003759386,0.020023041850202688,0.023087019756222786,0.016403972030472332,BraTS20_Training_306,T1,"(240, 240, 155)","(np.float32(1.0), np.float32(1.0), np.float32(1.0))"
0.23491978157458324,0.36895062616397545,1.0,3.7271325022190607,0.025488118750283263,0.031778827208493135,0.03009840334227559,BraTS20_Training_306,T1ce,"(240, 240, 155)","(np.float32(1.0), np.float32(1.0), np.float32(1.0))"
0.15630741261012238,0.2529160666459559,1.0,3.9121479274784536,0.021152629381823253,0.027317976772778963,0.011793711336208879,BraTS20_Training_306,T2,"(240, 240, 155)","(np.float32(1.0), np.float32(1.0), np.float32(1.0))"
0.23699444135344544,0.37049439354990016,1.0,3.397673233452239,0.03410181010858793,0.03215984607463448,0.026020068155011688,BraTS20_Training_306,FLAIR,"(240, 240, 155)","(np.float32(1.0), np.float32(1.0), np.float32(1.0))"
0.21705426356589147,0.3448451943464717,1.0,3.3212335341873733,0.009325005234623821,0.032141741402577764,0.015575696727727163,BraTS20_Training_127,T1,"(240, 240, 155)","(np.float32(1.0), np.float32(1.0), np.float32(1.0))"
0.21302334239834242,0.3326867766545142,1.0,3.356327364442713,0.020636636522417408,0.03436015435349107,0.020090746790738814,BraTS20_Training_127,T1ce,"(240, 240, 155)","(np.float32(1.0), np.float32(1.0), np.float32(1.0))"
0.12027586222081306,0.22338997574919406,1.0,3.8928194077206744,0.014207428284710447,0.033791265036212687,0.012081565768094446,BraTS20_Training_127,T2,"(240, 240, 155)","(np.float32(1.0), np.float32(1.0), np.float32(1.0))"
0.14468412635337038,0.2388883834720931,1.0,3.3990750646704573,0.015681727195096598,0.031445400275246026,0.0198759589024816,BraTS20_Training_127,FLAIR,"(240, 240, 155)","(np.float32(1.0), np.float32(1.0), np.float32(1.0))"
0.2303827582465278,0.35310593128252526,1.0,3.3501391318393385,0.016043212212456595,0.025130848570237015,0.007761610133316646,BraTS20_Training_234,T1,"(240, 240, 155)","(np.float32(1.0), np.float32(1.0), np.float32(1.0))"
0.25230306140378744,0.38184283700391153,1.0,3.2357028795699545,0.02476952067200825,0.024653717965817272,0.018478834213395256,BraTS20_Training_234,T1ce,"(240, 240, 155)","(np.float32(1.0), np.float32(1.0), np.float32(1.0))"
0.16587637510501996,0.28833638496229147,1.0,3.7167637725634903,0.005082479190067851,0.017980931855178142,0.006044674738230705,BraTS20_Training_234,T2,"(240, 240, 155)","(np.float32(1.0), np.float32(1.0), np.float32(1.0))"
0.16881702196382428,0.27448235420167755,1.0,3.2492544529521834,0.013266013514979736,0.024990944088755147,0.010793602343044462,BraTS20_Training_234,FLAIR,"(240, 240, 155)","(np.float32(1.0), np.float32(1.0), np.float32(1.0))"
0.2318359841696535,0.34701552072655256,1.0,3.7218614158557224,0.01632020861009452,0.030583357865371082,0.01714773273139321,BraTS20_Training_040,T1,"(240, 240, 155)","(np.float32(1.0), np.float32(1.0), np.float32(1.0))"
0.22693555330937407,0.3379447887404586,1.0,3.7398061921716566,0.03504016462108754,0.03362645726341289,0.02270911635444909,BraTS20_Training_040,T1ce,"(240, 240, 155)","(np.float32(1.0), np.float32(1.0), np.float32(1.0))"
0.11961614353891335,0.21033554290838635,1.0,4.123614609306874,0.012684720835612404,0.027455777404455445,0.008660377919621657,BraTS20_Training_040,T2,"(240, 240, 155)","(np.float32(1.0), np.float32(1.0), np.float32(1.0))"
0.15007605088495574,0.24476781286597424,1.0,3.627877592778901,0.015827243062625628,0.02931373352059418,0.02101803478741198,BraTS20_Training_040,FLAIR,"(240, 240, 155)","(np.float32(1.0), np.float32(1.0), np.float32(1.0))"
0.21035813270010711,0.3424427973625697,1.0,4.168376716975761,0.005684900211688058,0.03021810376178179,0.010829990180745222,BraTS20_Training_154,T1,"(240, 240, 155)","(np.float32(1.0), np.float32(1.0), np.float32(1.0))"
0.2159425266962641,0.34706977961004887,1.0,4.14469284946928,0.011098014357748322,0.030786682653390258,0.012607986231458632,BraTS20_Training_154,T1ce,"(240, 240, 155)","(np.float32(1.0), np.float32(1.0), np.float32(1.0))"
0.07893159608187718,0.1693901159178975,1.0,3.2935461374072093,0.009596129352746773,0.026757643094099292,0.013971276073907345,BraTS20_Training_154,T2,"(240, 240, 155)","(np.float32(1.0), np.float32(1.0), np.float32(1.0))"
0.21338547597020588,0.34769716960718167,1.0,3.7566917892180864,0.0072529281363054015,0.03395106635908129,0.011086686508572948,BraTS20_Training_154,FLAIR,"(240, 240, 155)","(np.float32(1.0), np.float32(1.0), np.float32(1.0))"
0.1850755124056095,0.32667223491726516,1.0,2.9661480413765844,0.01532165941391481,0.027332067195106256,0.018541984517354042,BraTS20_Training_056,T1,"(240, 240, 155)","(np.float32(1.0), np.float32(1.0), np.float32(1.0))"
0.17638679650741945,0.3089726174022197,1.0,2.9700446206626148,0.030408467806466555,0.027453665082762514,0.022563730667337585,BraTS20_Training_056,T1ce,"(240, 240, 155)","(np.float32(1.0), np.float32(1.0), np.float32(1.0))"
0.11660590277777778,0.21974043197860538,1.0,2.6304608037093486,0.011654604655511101,0.024303690160211937,0.013602399515199683,BraTS20_Training_056,T2,"(240, 240, 155)","(np.float32(1.0), np.float32(1.0), np.float32(1.0))"
0.19733304971122112,0.3474387325461221,1.0,2.8333938899554183,0.013255036015668398,0.027113666477801453,0.018240225004817943,BraTS20_Training_056,FLAIR,"(240, 240, 155)","(np.float32(1.0), np.float32(1.0), np.float32(1.0))"
0.19310202746412608,0.3287519741927599,1.0,3.9285777626882132,0.004771450190937126,0.0267845143640372,0.01047751115633493,BraTS20_Training_156,T1,"(240, 240, 155)","(np.float32(1.0), np.float32(1.0), np.float32(1.0))"
0.20463412704963135,0.34178372804680845,1.0,3.890759891449169,0.010862273510910011,0.027187798497414453,0.012158290680293025,BraTS20_Training_156,T1ce,"(240, 240, 155)","(np.float32(1.0), np.float32(1.0), np.float32(1.0))"
0.09774060128083492,0.1955716443380613,1.0,3.4598644468094397,0.011784806787071809,0.02724844906090576,0.013059350666578753,BraTS20_Training_156,T2,"(240, 240, 155)","(np.float32(1.0), np.float32(1.0), np.float32(1.0))"
0.14287360129564194,0.25009846658908075,1.0,3.688033498627461,0.0027153507709068224,0.02113887778347839,0.0062281243577719915,BraTS20_Training_156,FLAIR,"(240, 240, 155)","(np.float32(1.0), np.float32(1.0), np.float32(1.0))"
0.26745826774235865,0.3941166773549884,1.0,3.5879071966395304,0.024164382308031016,0.02268503918612667,0.010369248182300374,BraTS20_Training_279,T1,"(240, 240, 155)","(np.float32(1.0), np.float32(1.0), np.float32(1.0))"
0.24725557170542636,0.3697012416188079,1.0,3.9761388199438272,0.020713453677847563,0.025050163927310555,0.01692282782767347,BraTS20_Training_279,T1ce,"(240, 240, 155)","(np.float32(1.0), np.float32(1.0), np.float32(1.0))"
0.13306431253236664,0.22763874654795332,1.0,3.9518734725375757,0.007206075940655771,0.016912161508504154,0.00824466615067319,BraTS20_Training_279,T2,"(240, 240, 155)","(np.float32(1.0), np.float32(1.0), np.float32(1.0))"
0.21129254869897157,0.3201274261776442,1.0,3.6853305969864407,0.021393322008184758,0.027948311886260152,0.013396719045908301,BraTS20_Training_279,FLAIR,"(240, 240, 155)","(np.float32(1.0), np.float32(1.0), np.float32(1.0))"
0.2200282557354926,0.34665118445115634,1.0,3.3717989170695937,0.014813667063693697,0.02792454132598333,0.013157268142148647,BraTS20_Training_001,T1,"(240, 240, 155)","(np.float32(1.0), np.float32(1.0), np.float32(1.0))"
0.21068636156648451,0.33184617724662735,1.0,3.449046516920947,0.022970220912090538,0.029288517358772474,0.020240491036136347,BraTS20_Training_001,T1ce,"(240, 240, 155)","(np.float32(1.0), np.float32(1.0), np.float32(1.0))"
0.1551269758251976,0.26192971586571556,1.0,3.0775308890070394,0.006227233392467063,0.02290957800332488,0.013362069433421988,BraTS20_Training_001,T2,"(240, 240, 155)","(np.float32(1.0), np.float32(1.0), np.float32(1.0))"
0.16069508380547684,0.27058600082385914,1.0,3.2449727015924252,0.011054119229393988,0.02443505625756492,0.020865760970584013,BraTS20_Training_001,FLAIR,"(240, 240, 155)","(np.float32(1.0), np.float32(1.0), np.float32(1.0))"
0.2592357200950951,0.39674270796253386,1.0,3.3214540202332494,0.017426932766725686,0.02107956159748189,0.009331547808622137,BraTS20_Training_232,T1,"(240, 240, 155)","(np.float32(1.0), np.float32(1.0), np.float32(1.0))"
0.24749044953802413,0.37941128168364496,1.0,3.2168081803522957,0.021741569465092047,0.019764192808092815,0.01930699267571333,BraTS20_Training_232,T1ce,"(240, 240, 155)","(np.float32(1.0), np.float32(1.0), np.float32(1.0))"
0.13487934795968534,0.23022026527368566,1.0,3.620243566787565,0.011998947864184963,0.022653385924829343,0.01023636190567424,BraTS20_Training_232,T2,"(240, 240, 155)","(np.float32(1.0), np.float32(1.0), np.float32(1.0))"
0.17001154577560446,0.2732045926840919,1.0,3.2398166512715942,0.011796626592712597,0.02190872269479806,0.015578831227419581,BraTS20_Training_232,FLAIR,"(240, 240, 155)","(np.float32(1.0), np.float32(1.0), np.float32(1.0))"
0.26205030391786344,0.3977305259498637,1.0,3.4945533193787823,0.005970557802990181,0.01958597067106323,0.005911492793612604,BraTS20_Training_334,T1,"(240, 240, 155)","(np.float32(1.0), np.float32(1.0), np.float32(1.0))"
0.22054876571065649,0.3389226541188574,1.0,4.206866858359121,0.008578761189548745,0.022779045098834112,0.008765338690418352,BraTS20_Training_334,T1ce,"(240, 240, 155)","(np.float32(1.0), np.float32(1.0), np.float32(1.0))"
0.16953089084488682,0.2721484041683126,1.0,4.192415558617153,0.0065553791730876216,0.023880047499921633,0.008826875481886955,BraTS20_Training_334,T2,"(240, 240, 155)","(np.float32(1.0), np.float32(1.0), np.float32(1.0))"
0.1585735575572412,0.2595749407736515,1.0,3.576319148098729,0.004782267352603713,0.018552940018139397,0.008354926003315598,BraTS20_Training_334,FLAIR,"(240, 240, 155)","(np.float32(1.0), np.float32(1.0), np.float32(1.0))"
0.21979922943188177,0.34409854824804764,1.0,3.3905465571105036,0.005926089778254412,0.02812531856225154,0.013963546800003945,BraTS20_Training_102,T1,"(240, 240, 155)","(np.float32(1.0), np.float32(1.0), np.float32(1.0))"
0.21614167458808617,0.3332212636075477,1.0,3.3559078581323525,0.02065671102862393,0.030933205594274864,0.018322370550129204,BraTS20_Training_102,T1ce,"(240, 240, 155)","(np.float32(1.0), np.float32(1.0), np.float32(1.0))"
0.12303353558314656,0.21624638127703694,1.0,3.644435825008953,0.014408157685557489,0.034752487979013064,0.014329687836849559,BraTS20_Training_102,T2,"(240, 240, 155)","(np.float32(1.0), np.float32(1.0), np.float32(1.0))"
0.21093068181818184,0.33022555595755787,1.0,3.1444555989880514,0.01713003351698806,0.037338926970631306,0.024941791737574923,BraTS20_Training_102,FLAIR,"(240, 240, 155)","(np.float32(1.0), np.float32(1.0), np.float32(1.0))"
0.20313515211640212,0.3331813089607653,1.0,3.1998698138861807,0.011496934870244396,0.024819345304072624,0.014624177623311176,BraTS20_Training_010,T1,"(240, 240, 155)","(np.float32(1.0), np.float32(1.0), np.float32(1.0))"
0.2116660455177897,0.34306446693239595,1.0,3.1475362347393188,0.024923977155588837,0.026392995397756233,0.019388127828582912,BraTS20_Training_010,T1ce,"(240, 240, 155)","(np.float32(1.0), np.float32(1.0), np.float32(1.0))"
0.14662323579647607,0.24927247675463088,1.0,2.957805066958797,0.02053677636853871,0.029163741338982675,0.021708938464106695,BraTS20_Training_010,T2,"(240, 240, 155)","(np.float32(1.0), np.float32(1.0), np.float32(1.0))"
0.17783395224907686,0.295944156540975,1.0,3.032822989002429,0.02830227630675555,0.0347870547667071,0.030303961392106265,BraTS20_Training_010,FLAIR,"(240, 240, 155)","(np.float32(1.0), np.float32(1.0), np.float32(1.0))"
0.1983742045651985,0.34037339974867414,1.0,3.633776805143472,0.017399349342495863,0.03320291144509024,0.020248268734529243,BraTS20_Training_181,T1,"(240, 240, 155)","(np.float32(1.0), np.float32(1.0), np.float32(1.0))"
0.16793293797064468,0.29447583161878377,1.0,3.75678033067435,0.021674618765671828,0.033707189226505646,0.027860164739976715,BraTS20_Training_181,T1ce,"(240, 240, 155)","(np.float32(1.0), np.float32(1.0), np.float32(1.0))"
0.1396335877337734,0.24331949751405396,1.0,3.7638082616154005,0.0156888240531974,0.027287230148005888,0.011823927786605178,BraTS20_Training_181,T2,"(240, 240, 155)","(np.float32(1.0), np.float32(1.0), np.float32(1.0))"
0.1788781257785252,0.30540468358761774,1.0,3.439303420323092,0.022159654808227257,0.031763935543629496,0.02447776123541585,BraTS20_Training_181,FLAIR,"(240, 240, 155)","(np.float32(1.0), np.float32(1.0), np.float32(1.0))"
0.21765885238421173,0.34805745274871974,1.0,3.3618494041510547,0.012861038261043109,0.030911515828190003,0.017018394783981754,BraTS20_Training_073,T1,"(240, 240, 155)","(np.float32(1.0), np.float32(1.0), np.float32(1.0))"
0.20652074849718827,0.32791560176711904,1.0,3.357815118504225,0.0282345302103818,0.03191812530993158,0.02134469981213453,BraTS20_Training_073,T1ce,"(240, 240, 155)","(np.float32(1.0), np.float32(1.0), np.float32(1.0))"
0.12113994135002878,0.21941193594508343,1.0,3.142250492100038,0.013565882687752991,0.027243199131977088,0.015395296595961528,BraTS20_Training_073,T2,"(240, 240, 155)","(np.float32(1.0), np.float32(1.0), np.float32(1.0))"
0.12191105769230769,0.21178494169376513,1.0,3.1842977398677133,0.016334471336474542,0.0279991472133366,0.021480242203566386,BraTS20_Training_073,FLAIR,"(240, 240, 155)","(np.float32(1.0), np.float32(1.0), np.float32(1.0))"
0.24540699764205195,0.37734226053024783,1.0,3.1965069274930804,0.012585810053910242,0.019316049681260057,0.0066802487736164744,BraTS20_Training_238,T1,"(240, 240, 155)","(np.float32(1.0), np.float32(1.0), np.float32(1.0))"
0.21024900628581997,0.32509744999220147,1.0,3.147934485458821,0.01210604825598797,0.01599588897920576,0.007807870517201656,BraTS20_Training_238,T1ce,"(240, 240, 155)","(np.float32(1.0), np.float32(1.0), np.float32(1.0))"
0.12758949776473877,0.23233464085281794,1.0,3.5252362113229307,0.004284167749478677,0.015330441055292458,0.006065829830820413,BraTS20_Training_238,T2,"(240, 240, 155)","(np.float32(1.0), np.float32(1.0), np.float32(1.0))"
0.12351694987111654,0.22583460265319677,1.0,3.2960802481802123,0.0027944457758509447,0.012486206004720736,0.006930470939379058,BraTS20_Training_238,FLAIR,"(240, 240, 155)","(np.float32(1.0), np.float32(1.0), np.float32(1.0))"
0.2164451246658837,0.34782315881378667,1.0,3.6172953205983807,0.011950192974436617,0.018392624270147286,0.01078125113925742,BraTS20_Training_256,T1,"(240, 240, 155)","(np.float32(1.0), np.float32(1.0), np.float32(1.0))"
0.19303668585012793,0.31548236141151986,1.0,3.346825506059713,0.010575264874078234,0.016615438424194825,0.000834550846251208,BraTS20_Training_256,T1ce,"(240, 240, 155)","(np.float32(1.0), np.float32(1.0), np.float32(1.0))"
0.12076442166059496,0.22047620040567903,1.0,3.6093118519847547,0.005530438231697586,0.015764525357415248,0.011831981150842172,BraTS20_Training_256,T2,"(240, 240, 155)","(np.float32(1.0), np.float32(1.0), np.float32(1.0))"
0.1345768297025919,0.2345841335621029,1.0,3.636902520083088,0.005821014309808754,0.017719007759965173,0.011588062621964029,BraTS20_Training_256,FLAIR,"(240, 240, 155)","(np.float32(1.0), np.float32(1.0), np.float32(1.0))"
0.18962431278935185,0.3135550833550642,1.0,3.1854212339679653,0.005659700671537422,0.016037710391872736,0.005584507589399266,BraTS20_Training_138,T1,"(240, 240, 155)","(np.float32(1.0), np.float32(1.0), np.float32(1.0))"
0.17025299660273138,0.28813831443194565,1.0,3.4247707892673676,0.007480281767633329,0.023454452742824167,0.00957413402091358,BraTS20_Training_138,T1ce,"(240, 240, 155)","(np.float32(1.0), np.float32(1.0), np.float32(1.0))"
0.15515218237125072,0.2640986287913082,1.0,3.2717822385095894,0.003826080701530192,0.018412340718482727,0.007671864221497715,BraTS20_Training_138,T2,"(240, 240, 155)","(np.float32(1.0), np.float32(1.0), np.float32(1.0))"
0.16203462577160496,0.283465381717656,1.0,2.9937925502206113,0.0031913341725132416,0.01759386617156129,0.0031025042163331526,BraTS20_Training_138,FLAIR,"(240, 240, 155)","(np.float32(1.0), np.float32(1.0), np.float32(1.0))"
0.22909370538338789,0.3688886588753896,1.0,3.5157623319017537,0.015349862479822046,0.018651760538689867,0.012440098388376902,BraTS20_Training_226,T1,"(240, 240, 155)","(np.float32(1.0), np.float32(1.0), np.float32(1.0))"
0.2321177450736877,0.37271854691468115,1.0,3.5085717498919182,0.01869614159493965,0.01830327990101562,0.013591909644135447,BraTS20_Training_226,T1ce,"(240, 240, 155)","(np.float32(1.0), np.float32(1.0), np.float32(1.0))"
0.14943410334733362,0.25477383693815914,1.0,3.460212431796455,0.023782289025581993,0.025515376649705775,0.0356146365574995,BraTS20_Training_226,T2,"(240, 240, 155)","(np.float32(1.0), np.float32(1.0), np.float32(1.0))"
0.20290240874932908,0.33196101676625855,1.0,3.3111445592497715,0.021535001411070575,0.026036058089809938,0.024182833868580618,BraTS20_Training_226,FLAIR,"(240, 240, 155)","(np.float32(1.0), np.float32(1.0), np.float32(1.0))"
0.22300626833516687,0.3613963339063438,1.0,3.964751765012294,0.01971591952374555,0.03467896080150205,0.026435157243380882,BraTS20_Training_195,T1,"(240, 240, 155)","(np.float32(1.0), np.float32(1.0), np.float32(1.0))"
0.2161733177382496,0.3517651832617858,1.0,4.0544981008578755,0.029627189758778344,0.03861080508350625,0.039185661147926945,BraTS20_Training_195,T1ce,"(240, 240, 155)","(np.float32(1.0), np.float32(1.0), np.float32(1.0))"
0.14557755825530083,0.24373441386116554,1.0,4.115337796342075,0.021551026972418758,0.02979611755737563,0.012111824553493711,BraTS20_Training_195,T2,"(240, 240, 155)","(np.float32(1.0), np.float32(1.0), np.float32(1.0))"
0.2318205705705706,0.3694526620850141,1.0,3.5939888954745647,0.036808787602354606,0.03656154534492835,0.031117645995200175,BraTS20_Training_195,FLAIR,"(240, 240, 155)","(np.float32(1.0), np.float32(1.0), np.float32(1.0))"
0.24120837784900284,0.3793725783154007,1.0,2.4709437258911384,0.014051901846373002,0.022379359673235805,0.010373523957856783,BraTS20_Training_194,T1,"(240, 240, 155)","(np.float32(1.0), np.float32(1.0), np.float32(1.0))"
0.19472971366057837,0.30647201893473414,1.0,2.6347293440704838,0.01573506012697817,0.02261023784598856,0.012635734669041878,BraTS20_Training_194,T1ce,"(240, 240, 155)","(np.float32(1.0), np.float32(1.0), np.float32(1.0))"
0.14452830981182796,0.237488813635302,1.0,2.570583053164382,0.00511085096542953,0.017165063481578306,0.008019839887306684,BraTS20_Training_194,T2,"(240, 240, 155)","(np.float32(1.0), np.float32(1.0), np.float32(1.0))"
0.17263076836917562,0.2842011955683339,1.0,2.4786827950554695,0.01834973696381085,0.030777646382706334,0.027781540306765256,BraTS20_Training_194,FLAIR,"(240, 240, 155)","(np.float32(1.0), np.float32(1.0), np.float32(1.0))"
0.2460335475400774,0.390584028460613,1.0,2.9500001609689726,0.015333118387471159,0.022091243929144376,0.010332932918667465,BraTS20_Training_366,T1,"(240, 240, 155)","(np.float32(1.0), np.float32(1.0), np.float32(1.0))"
0.23701875,0.3751133516499022,1.0,2.9551674581630323,0.01728188888888889,0.020973233054100846,0.012824008427926392,BraTS20_Training_366,T1ce,"(240, 240, 155)","(np.float32(1.0), np.float32(1.0), np.float32(1.0))"
0.15636910754853364,0.25886910404777824,1.0,3.1613295612187846,0.015326311921400264,0.026879456788965077,0.017323235227136698,BraTS20_Training_366,T2,"(240, 240, 155)","(np.float32(1.0), np.float32(1.0), np.float32(1.0))"
0.20875583071278828,0.33775688518389657,1.0,2.934952916047227,0.013563930916498558,0.026297299346625058,0.018106640559149387,BraTS20_Training_366,FLAIR,"(240, 240, 155)","(np.float32(1.0), np.float32(1.0), np.float32(1.0))"
0.26837480228105226,0.3915286434211922,1.0,3.82637971019199,0.013579725233696261,0.02167100528138378,0.0007405605487040414,BraTS20_Training_026,T1,"(240, 240, 155)","(np.float32(1.0), np.float32(1.0), np.float32(1.0))"
0.23940236278584814,0.34609586952043114,1.0,3.7143312955142647,0.02392956015714407,0.03168558552203673,0.01758632782108841,BraTS20_Training_026,T1ce,"(240, 240, 155)","(np.float32(1.0), np.float32(1.0), np.float32(1.0))"
0.14458047536172536,0.2351754077395329,1.0,3.569230673837675,0.011502078985954907,0.02799243264965024,0.015347156260119458,BraTS20_Training_026,T2,"(240, 240, 155)","(np.float32(1.0), np.float32(1.0), np.float32(1.0))"
0.14041657592915213,0.2333219378137586,1.0,3.726314192699222,0.012386411491277057,0.027055116979883758,0.018454705754837892,BraTS20_Training_026,FLAIR,"(240, 240, 155)","(np.float32(1.0), np.float32(1.0), np.float32(1.0))"
0.2001681442080378,0.32891528999164626,1.0,3.3376501076990057,0.00778166198254615,0.02763031973135698,0.016789223447305383,BraTS20_Training_109,T1,"(240, 240, 155)","(np.float32(1.0), np.float32(1.0), np.float32(1.0))"
0.15387762827932097,0.2568293471106915,1.0,3.4420528640745327,0.015397345531657239,0.027645032712230788,0.01872367354543769,BraTS20_Training_109,T1ce,"(240, 240, 155)","(np.float32(1.0), np.float32(1.0), np.float32(1.0))"
0.12231543139221053,0.23472666649420623,1.0,3.7136114157453073,0.008705195763561336,0.02978528508916421,0.010390632640340552,BraTS20_Training_109,T2,"(240, 240, 155)","(np.float32(1.0), np.float32(1.0), np.float32(1.0))"
0.1285706610542768,0.2284495698884611,1.0,3.2494843568046305,0.009190284118948,0.026596999110527555,0.015867912706365162,BraTS20_Training_109,FLAIR,"(240, 240, 155)","(np.float32(1.0), np.float32(1.0), np.float32(1.0))"
0.23026183970856104,0.3593326970871271,1.0,3.460501821766712,0.011957728456661113,0.02796862985990493,0.016962650536544235,BraTS20_Training_043,T1,"(240, 240, 155)","(np.float32(1.0), np.float32(1.0), np.float32(1.0))"
0.21260769691878426,0.32857747285316913,1.0,3.4098340086797454,0.02912289452502417,0.02915427971163712,0.02164624487263851,BraTS20_Training_043,T1ce,"(240, 240, 155)","(np.float32(1.0), np.float32(1.0), np.float32(1.0))"
0.1368733040227028,0.22784665925147887,1.0,3.652278891589742,0.019923288507499973,0.03019020609331504,0.013486206012907124,BraTS20_Training_043,T2,"(240, 240, 155)","(np.float32(1.0), np.float32(1.0), np.float32(1.0))"
0.20306184058687765,0.32048550570747825,1.0,3.1930067397405857,0.03439798773824234,0.03917571147400168,0.037233207282186834,BraTS20_Training_043,FLAIR,"(240, 240, 155)","(np.float32(1.0), np.float32(1.0), np.float32(1.0))"
0.18595572558544832,0.3560407150377018,1.0,3.727155903483011,0.011366400548403448,0.018323092781188682,0.01605059804201991,BraTS20_Training_357,T1,"(240, 240, 155)","(np.float32(1.0), np.float32(1.0), np.float32(1.0))"
0.18652246592266752,0.35355607584081583,1.0,2.6336094208524026,0.016691047660090323,0.020065307953824295,0.019797149671826525,BraTS20_Training_357,T1ce,"(240, 240, 155)","(np.float32(1.0), np.float32(1.0), np.float32(1.0))"
0.14067406705881524,0.2754774883779681,1.0,3.7273989590385663,0.009890426316929525,0.022872214744603745,0.013349456776080647,BraTS20_Training_357,T2,"(240, 240, 155)","(np.float32(1.0), np.float32(1.0), np.float32(1.0))"
0.17012708730610054,0.32584433116567163,1.0,3.7270864590385657,0.01250474112572241,0.02194053733869484,0.019741539551857076,BraTS20_Training_357,FLAIR,"(240, 240, 155)","(np.float32(1.0), np.float32(1.0), np.float32(1.0))"
0.2189308969491074,0.36887477788328965,1.0,2.9163991376406115,0.013224214193792848,0.022655809766144997,0.009525369358838123,BraTS20_Training_289,T1,"(240, 240, 155)","(np.float32(1.0), np.float32(1.0), np.float32(1.0))"
0.22559359035759896,0.3767741769435553,1.0,2.872170075106202,0.02064334988476388,0.022466670244272714,0.0098803265831639,BraTS20_Training_289,T1ce,"(240, 240, 155)","(np.float32(1.0), np.float32(1.0), np.float32(1.0))"
0.14235189393939396,0.25338454601701405,1.0,3.2071227171044323,0.00823488465462708,0.01859635719065643,0.013182068818148695,BraTS20_Training_289,T2,"(240, 240, 155)","(np.float32(1.0), np.float32(1.0), np.float32(1.0))"
0.14624676060900552,0.2612961185104798,1.0,2.916058975043314,0.00782584950195544,0.01998008131816812,0.014104776062312498,BraTS20_Training_289,FLAIR,"(240, 240, 155)","(np.float32(1.0), np.float32(1.0), np.float32(1.0))"
0.2356100797579758,0.3562474165646615,1.0,3.615005435048037,0.01261462778703613,0.033471023898864916,0.01698556064611027,BraTS20_Training_115,T1,"(240, 240, 155)","(np.float32(1.0), np.float32(1.0), np.float32(1.0))"
0.2236445684318175,0.33556723622739404,1.0,3.6224569709660766,0.0297775399686043,0.03540348569895222,0.0227332954603949,BraTS20_Training_115,T1ce,"(240, 240, 155)","(np.float32(1.0), np.float32(1.0), np.float32(1.0))"
0.12137616738505748,0.21148920330469306,1.0,4.095026727948947,0.011944181205201647,0.03453526735319134,0.012100913074452968,BraTS20_Training_115,T2,"(240, 240, 155)","(np.float32(1.0), np.float32(1.0), np.float32(1.0))"
0.1875955101569714,0.29091750159446206,1.0,3.4715883311742846,0.03818646281745331,0.0426109977742473,0.036506594589003655,BraTS20_Training_115,FLAIR,"(240, 240, 155)","(np.float32(1.0), np.float32(1.0), np.float32(1.0))"
0.20556358987256873,0.3396039343614051,1.0,3.1971052135274864,0.011980072785247141,0.027556991225555483,0.016563151812587145,BraTS20_Training_064,T1,"(240, 240, 155)","(np.float32(1.0), np.float32(1.0), np.float32(1.0))"
0.18605372925685423,0.30547756869121445,1.0,3.1905374040481855,0.026284772733129062,0.02863599403292437,0.019330458975446625,BraTS20_Training_064,T1ce,"(240, 240, 155)","(np.float32(1.0), np.float32(1.0), np.float32(1.0))"
0.1252743437118437,0.22176634485250732,1.0,2.868096452828747,0.013502045158409628,0.027003261787098585,0.017959425512554823,BraTS20_Training_064,T2,"(240, 240, 155)","(np.float32(1.0), np.float32(1.0), np.float32(1.0))"
0.13407609605087017,0.23244757523684223,1.0,3.0346404487457352,0.011263641715456203,0.02385700574844878,0.019646221825398037,BraTS20_Training_064,FLAIR,"(240, 240, 155)","(np.float32(1.0), np.float32(1.0), np.float32(1.0))"
0.2123941407458991,0.3562268681514714,1.0,2.9577787116430674,0.011234449748648408,0.027806974208757194,0.016353124786726233,BraTS20_Training_023,T1,"(240, 240, 155)","(np.float32(1.0), np.float32(1.0), np.float32(1.0))"
0.18650070873832664,0.31132020895497725,1.0,3.0534063518133627,0.027295702706537202,0.028865264066254573,0.020873340097942134,BraTS20_Training_023,T1ce,"(240, 240, 155)","(np.float32(1.0), np.float32(1.0), np.float32(1.0))"
0.1080198195458232,0.2086966814890089,1.0,3.3974729460696493,0.018543822334108843,0.03213575553649212,0.014204378531342168,BraTS20_Training_023,T2,"(240, 240, 155)","(np.float32(1.0), np.float32(1.0), np.float32(1.0))"
0.18917678140096614,0.321089311865758,1.0,2.951278116989562,0.024621591519055287,0.03589366372610974,0.027279009312153695,BraTS20_Training_023,FLAIR,"(240, 240, 155)","(np.float32(1.0), np.float32(1.0), np.float32(1.0))"
0.21528199521750524,0.3474610144190809,1.0,3.5702479507502582,0.005880391701957499,0.024055318733180904,0.008470398940600402,BraTS20_Training_153,T1,"(240, 240, 155)","(np.float32(1.0), np.float32(1.0), np.float32(1.0))"
0.2089503646470828,0.3415674408045591,1.0,3.585190620622169,0.006348790537705074,0.026429179185005595,0.012706613391706893,BraTS20_Training_153,T1ce,"(240, 240, 155)","(np.float32(1.0), np.float32(1.0), np.float32(1.0))"
0.11584208577687802,0.21823893327843516,1.0,4.146928873018457,0.010348437700534655,0.029280086019650233,0.010471550749319245,BraTS20_Training_153,T2,"(240, 240, 155)","(np.float32(1.0), np.float32(1.0), np.float32(1.0))"
0.14536859839140717,0.2453153373121845,1.0,3.5498864435255943,0.0034238604800167806,0.015782669892231482,0.009724422215668016,BraTS20_Training_153,FLAIR,"(240, 240, 155)","(np.float32(1.0), np.float32(1.0), np.float32(1.0))"
0.2530346498842593,0.386040798226251,1.0,3.0211563230318714,0.018051285204475312,0.025735659954543653,0.010934387526620293,BraTS20_Training_177,T1,"(240, 240, 155)","(np.float32(1.0), np.float32(1.0), np.float32(1.0))"
0.2673315972222222,0.4031673709631418,1.0,2.963758061580472,0.030707908950617282,0.02440696581500496,0.016011229401872048,BraTS20_Training_177,T1ce,"(240, 240, 155)","(np.float32(1.0), np.float32(1.0), np.float32(1.0))"
0.16044228505733504,0.25631430958717716,1.0,3.2502344207954232,0.01825602366296075,0.029576483889474783,0.016367047451212008,BraTS20_Training_177,T2,"(240, 240, 155)","(np.float32(1.0), np.float32(1.0), np.float32(1.0))"
0.23568282781862743,0.36252364008076704,1.0,2.7989883614816837,0.0307774710297722,0.03696055364044047,0.029102073159669374,BraTS20_Training_177,FLAIR,"(240, 240, 155)","(np.float32(1.0), np.float32(1.0), np.float32(1.0))"
0.2506847426470588,0.3899744087786447,1.0,3.262042645176537,0.01874743387177558,0.024034254645358254,0.011071822633601104,BraTS20_Training_250,T1,"(240, 240, 155)","(np.float32(1.0), np.float32(1.0), np.float32(1.0))"
0.23603971354166667,0.37379278847484926,1.0,2.8369566371129395,0.024848234049479168,0.032140681668805855,0.02856952330309781,BraTS20_Training_250,T1ce,"(240, 240, 155)","(np.float32(1.0), np.float32(1.0), np.float32(1.0))"
0.2118925595238095,0.3289469625327036,1.0,3.2981318062124694,0.016429260274943312,0.022871261123022,0.009775483125239848,BraTS20_Training_250,T2,"(240, 240, 155)","(np.float32(1.0), np.float32(1.0), np.float32(1.0))"
0.2175309466646014,0.34753625562642043,1.0,3.3825013909023274,0.021685294934234066,0.0352463621725074,0.02134603495236101,BraTS20_Training_250,FLAIR,"(240, 240, 155)","(np.float32(1.0), np.float32(1.0), np.float32(1.0))"
0.2493440832766054,0.3886286689797335,1.0,3.756174352982643,0.01684232418936209,0.025270159934585482,0.015472076465777205,BraTS20_Training_298,T1,"(240, 240, 155)","(np.float32(1.0), np.float32(1.0), np.float32(1.0))"
0.22023599196623092,0.3554924610024342,1.0,3.9574907845547527,0.02912337733412997,0.036249139010696374,0.029529111920189685,BraTS20_Training_298,T1ce,"(240, 240, 155)","(np.float32(1.0), np.float32(1.0), np.float32(1.0))"
0.14604387979474465,0.24265058045030424,1.0,4.070301561289777,0.017813371022590587,0.027841193478326937,0.011467294654526214,BraTS20_Training_298,T2,"(240, 240, 155)","(np.float32(1.0), np.float32(1.0), np.float32(1.0))"
0.22303801974143952,0.3568789588038437,1.0,3.5507999850669743,0.03081602927538907,0.032847156101610826,0.025271379536674216,BraTS20_Training_298,FLAIR,"(240, 240, 155)","(np.float32(1.0), np.float32(1.0), np.float32(1.0))"
0.21089333808618504,0.3318040199542417,1.0,3.538754830225425,0.010971053837942817,0.028131134435588456,0.015459466953248012,BraTS20_Training_031,T1,"(240, 240, 155)","(np.float32(1.0), np.float32(1.0), np.float32(1.0))"
0.21615287334352698,0.33798498464035337,1.0,3.536913368099568,0.021648860809509115,0.02960776951915602,0.018973822721403386,BraTS20_Training_031,T1ce,"(240, 240, 155)","(np.float32(1.0), np.float32(1.0), np.float32(1.0))"
0.127524394873169,0.21562410210911373,1.0,3.1454430717350736,0.0077302269184332025,0.0230659306502024,0.0062940145811118875,BraTS20_Training_031,T2,"(240, 240, 155)","(np.float32(1.0), np.float32(1.0), np.float32(1.0))"
0.15820730874316938,0.25585252971326367,1.0,3.234762508934659,0.024928255173340498,0.03552514272666284,0.032375643954019886,BraTS20_Training_031,FLAIR,"(240, 240, 155)","(np.float32(1.0), np.float32(1.0), np.float32(1.0))"
0.2267348892980542,0.3467928704677099,1.0,3.9718406545682767,0.012333967264245932,0.023555113918022213,0.0011929405395327494,BraTS20_Training_220,T1,"(240, 240, 155)","(np.float32(1.0), np.float32(1.0), np.float32(1.0))"
0.21360739704256496,0.32928926039339323,1.0,3.186787148135947,0.02127209017791089,0.031323059118978175,0.010446561849629532,BraTS20_Training_220,T1ce,"(240, 240, 155)","(np.float32(1.0), np.float32(1.0), np.float32(1.0))"
0.1375141249681691,0.24092637432187022,1.0,3.968143630689159,0.01922205612515627,0.03502075353650004,0.010205756821341493,BraTS20_Training_220,T2,"(240, 240, 155)","(np.float32(1.0), np.float32(1.0), np.float32(1.0))"
0.19512251870877725,0.31556077675710587,1.0,3.5714240544418323,0.023277387631501525,0.03372978332085924,0.018477468768151747,BraTS20_Training_220,FLAIR,"(240, 240, 155)","(np.float32(1.0), np.float32(1.0), np.float32(1.0))"
0.20656498598069903,0.3442669287154603,1.0,3.0859305354641484,0.006532417203621661,0.02638971419437979,0.015280053907329238,BraTS20_Training_110,T1,"(240, 240, 155)","(np.float32(1.0), np.float32(1.0), np.float32(1.0))"
0.2022469005411973,0.3325449320586417,1.0,3.057824552481014,0.020811400099513367,0.028208002014652105,0.019606673889419,BraTS20_Training_110,T1ce,"(240, 240, 155)","(np.float32(1.0), np.float32(1.0), np.float32(1.0))"
0.11396328087744396,0.21237082396935975,1.0,3.399633916010984,0.014311176527473338,0.031001791619617594,0.013399423325813136,BraTS20_Training_110,T2,"(240, 240, 155)","(np.float32(1.0), np.float32(1.0), np.float32(1.0))"
0.19535662615740737,0.32672386812852544,1.0,2.9524480167567977,0.01693850224461703,0.03468072230771095,0.024336501506008523,BraTS20_Training_110,FLAIR,"(240, 240, 155)","(np.float32(1.0), np.float32(1.0), np.float32(1.0))"
0.2098902668784255,0.34038604906363934,1.0,3.3885916320593954,0.008955230578904327,0.031691925909046265,0.017744352614591678,BraTS20_Training_125,T1,"(240, 240, 155)","(np.float32(1.0), np.float32(1.0), np.float32(1.0))"
0.2098267020151414,0.3360862791826086,1.0,3.3934764436886273,0.01933478443750114,0.03297517370923379,0.024205665209640945,BraTS20_Training_125,T1ce,"(240, 240, 155)","(np.float32(1.0), np.float32(1.0), np.float32(1.0))"
0.12267450061951644,0.22999412912380077,1.0,3.8760607384234405,0.011498025839496604,0.031339701235367265,0.009710665081367708,BraTS20_Training_125,T2,"(240, 240, 155)","(np.float32(1.0), np.float32(1.0), np.float32(1.0))"
0.13187581851392335,0.2324508861604862,1.0,3.3401124102023547,0.015258936884997479,0.031685446297106214,0.02507026110435415,BraTS20_Training_125,FLAIR,"(240, 240, 155)","(np.float32(1.0), np.float32(1.0), np.float32(1.0))"
0.22809355202241716,0.3517429100485815,1.0,3.4330709472743366,0.007920206083709518,0.02599616033702651,0.01567315780920478,BraTS20_Training_091,T1,"(240, 240, 155)","(np.float32(1.0), np.float32(1.0), np.float32(1.0))"
0.20349081930647536,0.31308902461050153,1.0,3.492342898498988,0.01757617643399534,0.03263692953829965,0.02131247915960117,BraTS20_Training_091,T1ce,"(240, 240, 155)","(np.float32(1.0), np.float32(1.0), np.float32(1.0))"
0.14361873345045323,0.2443812738622531,1.0,3.7247170731567896,0.007954700140134979,0.0246425730478415,0.009870979266779713,BraTS20_Training_091,T2,"(240, 240, 155)","(np.float32(1.0), np.float32(1.0), np.float32(1.0))"
0.14501188901486523,0.24459363596888084,1.0,3.3883618379725187,0.012846038337649666,0.02479375475224761,0.021769982807602353,BraTS20_Training_091,FLAIR,"(240, 240, 155)","(np.float32(1.0), np.float32(1.0), np.float32(1.0))"
0.19839750957854407,0.3439558356950776,1.0,2.831528345790418,0.012429092533873549,0.024310327958835396,0.015392293208760203,BraTS20_Training_057,T1,"(240, 240, 155)","(np.float32(1.0), np.float32(1.0), np.float32(1.0))"
0.200765649160592,0.34578653052009056,1.0,2.8176743892495084,0.02936575392465178,0.0277899675319893,0.025869677640402808,BraTS20_Training_057,T1ce,"(240, 240, 155)","(np.float32(1.0), np.float32(1.0), np.float32(1.0))"
0.12038297172912558,0.22435398806090123,1.0,2.5307097884382856,0.016088101149975297,0.027282194649395415,0.020462821031350744,BraTS20_Training_057,T2,"(240, 240, 155)","(np.float32(1.0), np.float32(1.0), np.float32(1.0))"
0.19810549645390071,0.3426648456297787,1.0,2.5848545351556003,0.017888453800110657,0.029355122350985027,0.026618640844264158,BraTS20_Training_057,FLAIR,"(240, 240, 155)","(np.float32(1.0), np.float32(1.0), np.float32(1.0))"
0.21999289615214013,0.3491885602359641,1.0,3.3250332910424523,0.014361853195361329,0.0279171255553629,0.017210570139463637,BraTS20_Training_006,T1,"(240, 240, 155)","(np.float32(1.0), np.float32(1.0), np.float32(1.0))"
0.21833779306829765,0.3451498562931277,1.0,3.3244524797084303,0.022268411048452712,0.02757618611172717,0.01865491968585098,BraTS20_Training_006,T1ce,"(240, 240, 155)","(np.float32(1.0), np.float32(1.0), np.float32(1.0))"
0.1177369972511574,0.2081812701827094,1.0,3.0920341105220484,0.01116597917344835,0.021787847415515833,0.014603212094966032,BraTS20_Training_006,T2,"(240, 240, 155)","(np.float32(1.0), np.float32(1.0), np.float32(1.0))"
0.12664526985867447,0.22174379216504564,1.0,3.223947104412109,0.012696720518706612,0.022817229289315948,0.020609021115908156,BraTS20_Training_006,FLAIR,"(240, 240, 155)","(np.float32(1.0), np.float32(1.0), np.float32(1.0))"
0.23631869153911564,0.3683088486004366,1.0,3.2498954143969967,0.00897562371834363,0.02886004627155766,0.010118156788691093,BraTS20_Training_046,T1,"(240, 240, 155)","(np.float32(1.0), np.float32(1.0), np.float32(1.0))"
0.22043876599147122,0.33969424958855976,1.0,3.1943147387433117,0.02148222093285224,0.02923098564179626,0.014710847871578397,BraTS20_Training_046,T1ce,"(240, 240, 155)","(np.float32(1.0), np.float32(1.0), np.float32(1.0))"
0.12489993809216192,0.21852922958493173,1.0,3.7021999541199726,0.020652539723674458,0.03537216734241007,0.012083990759132888,BraTS20_Training_046,T2,"(240, 240, 155)","(np.float32(1.0), np.float32(1.0), np.float32(1.0))"
0.21039300976800976,0.33099150295575325,1.0,3.231486146971928,0.023622437186783,0.03669437371664304,0.01911443888884014,BraTS20_Training_046,FLAIR,"(240, 240, 155)","(np.float32(1.0), np.float32(1.0), np.float32(1.0))"
0.275905601651413,0.407619820635958,1.0,4.483912368402345,0.009528367997113348,0.02154463154905361,0.0022577279594519495,BraTS20_Training_343,T1,"(240, 240, 155)","(np.float32(1.0), np.float32(1.0), np.float32(1.0))"
0.22749721663698994,0.3392796691979841,1.0,5.350655371553649,0.01670848589190049,0.027542568243175188,0.015897588800346855,BraTS20_Training_343,T1ce,"(240, 240, 155)","(np.float32(1.0), np.float32(1.0), np.float32(1.0))"
0.19437217010998195,0.29716806364003456,1.0,4.844352395722659,0.006213816534633663,0.021003091719935287,0.0020941901740763715,BraTS20_Training_343,T2,"(240, 240, 155)","(np.float32(1.0), np.float32(1.0), np.float32(1.0))"
0.17185460739265304,0.2688935695438398,1.0,4.996686683716881,0.00425819847894337,0.01678872473319737,0.0004062729873765722,BraTS20_Training_343,FLAIR,"(240, 240, 155)","(np.float32(1.0), np.float32(1.0), np.float32(1.0))"
0.1977800993217054,0.3320487827789577,1.0,2.9453346148716952,0.004551915027266991,0.01731396172666397,0.0016690460261815738,BraTS20_Training_146,T1,"(240, 240, 155)","(np.float32(1.0), np.float32(1.0), np.float32(1.0))"
0.2113436948853616,0.3519994073447526,1.0,2.24357787025283,0.011982018630497464,0.027132424583467356,0.01872675275141634,BraTS20_Training_146,T1ce,"(240, 240, 155)","(np.float32(1.0), np.float32(1.0), np.float32(1.0))"
0.16837309306634748,0.2853031360161904,1.0,3.3848932573459263,0.006681165653916792,0.024153169717382194,0.006818381860763449,BraTS20_Training_146,T2,"(240, 240, 155)","(np.float32(1.0), np.float32(1.0), np.float32(1.0))"
0.20163754480286736,0.3401980925021995,1.0,2.911942123822975,0.0028863372255824374,0.019319738550943568,0.001868198360012178,BraTS20_Training_146,FLAIR,"(240, 240, 155)","(np.float32(1.0), np.float32(1.0), np.float32(1.0))"
0.22848222603319784,0.36646448784968716,1.0,3.0180181270235407,0.01033041429642574,0.022566481331068294,0.010295967190789254,BraTS20_Training_287,T1,"(240, 240, 155)","(np.float32(1.0), np.float32(1.0), np.float32(1.0))"
0.23672917664431672,0.3771266798485548,1.0,2.9861870487423228,0.01501855670883428,0.021914036386344052,0.010412595969029907,BraTS20_Training_287,T1ce,"(240, 240, 155)","(np.float32(1.0), np.float32(1.0), np.float32(1.0))"
0.19317626793868234,0.30987631048067077,1.0,3.120112451156332,0.020245329937504494,0.025840433407062584,0.010630232205026903,BraTS20_Training_287,T2,"(240, 240, 155)","(np.float32(1.0), np.float32(1.0), np.float32(1.0))"
0.22676143790849673,0.3627462930410747,1.0,2.7098353472179872,0.020983660130718954,0.032463366671452096,0.024966502218451186,BraTS20_Training_287,FLAIR,"(240, 240, 155)","(np.float32(1.0), np.float32(1.0), np.float32(1.0))"
0.2126572194021433,0.3406299851606703,1.0,2.7364105882868217,0.01612431233734443,0.017667393150755658,0.0023518436207257193,BraTS20_Training_219,T1,"(240, 240, 155)","(np.float32(1.0), np.float32(1.0), np.float32(1.0))"
0.21417646011396016,0.3447332690656418,1.0,2.421220666499965,0.025407364033165313,0.028698769014265456,0.014727965656051948,BraTS20_Training_219,T1ce,"(240, 240, 155)","(np.float32(1.0), np.float32(1.0), np.float32(1.0))"
0.1672505517872524,0.27921310927337023,1.0,2.956548179543266,0.018025997536205755,0.029353944795450407,0.0076832070307068625,BraTS20_Training_219,T2,"(240, 240, 155)","(np.float32(1.0), np.float32(1.0), np.float32(1.0))"
0.19180956196581198,0.31586132717536175,1.0,2.8378790674023304,0.019073155457942546,0.026482674307055896,0.022182630945671748,BraTS20_Training_219,FLAIR,"(240, 240, 155)","(np.float32(1.0), np.float32(1.0), np.float32(1.0))"
0.23359633190883194,0.37454307913525603,1.0,2.750216580524843,0.011243737672583827,0.020858740860556647,0.0158382436735024,BraTS20_Training_251,T1,"(240, 240, 155)","(np.float32(1.0), np.float32(1.0), np.float32(1.0))"
0.23453721174004194,0.3733404780288775,1.0,2.782310036793874,0.013523182429492504,0.019949754583246916,0.013446391820955342,BraTS20_Training_251,T1ce,"(240, 240, 155)","(np.float32(1.0), np.float32(1.0), np.float32(1.0))"
0.13871782673432637,0.23637669234131722,1.0,3.0612004494102116,0.008804071638128021,0.021572568498481465,0.010186666861482552,BraTS20_Training_251,T2,"(240, 240, 155)","(np.float32(1.0), np.float32(1.0), np.float32(1.0))"
0.1814804292929293,0.2948290427283871,1.0,2.6963898328630957,0.010082690732558524,0.02163882952720368,0.015739347714398458,BraTS20_Training_251,FLAIR,"(240, 240, 155)","(np.float32(1.0), np.float32(1.0), np.float32(1.0))"
0.24356580314435816,0.37954243945658606,1.0,3.6016322662736964,0.011065526821120757,0.019389683967596563,0.0006317181575438344,BraTS20_Training_342,T1,"(240, 240, 155)","(np.float32(1.0), np.float32(1.0), np.float32(1.0))"
0.20543683245398217,0.3234119402168901,1.0,4.065502522899656,0.012753667149937772,0.02378784925284424,0.014256138802690915,BraTS20_Training_342,T1ce,"(240, 240, 155)","(np.float32(1.0), np.float32(1.0), np.float32(1.0))"
0.18895177451203543,0.30018575356208854,1.0,4.1660115745457835,0.014896246974419852,0.026601638459834157,0.010265418674040665,BraTS20_Training_342,T2,"(240, 240, 155)","(np.float32(1.0), np.float32(1.0), np.float32(1.0))"
0.2159658695384656,0.3385101198086327,1.0,3.550858927364245,0.011570095139551225,0.022365170236907636,0.010782895628768495,BraTS20_Training_342,FLAIR,"(240, 240, 155)","(np.float32(1.0), np.float32(1.0), np.float32(1.0))"
0.21473042257683217,0.3550317299821046,1.0,3.131189543188766,0.005780837545898094,0.025576336304448728,0.011226430858424757,BraTS20_Training_094,T1,"(240, 240, 155)","(np.float32(1.0), np.float32(1.0), np.float32(1.0))"
0.22482215447154472,0.3663926616617938,1.0,3.0665768987920177,0.016917582144253863,0.025019219067179493,0.013863177354582557,BraTS20_Training_094,T1ce,"(240, 240, 155)","(np.float32(1.0), np.float32(1.0), np.float32(1.0))"
0.11994159247771015,0.21391937616970702,1.0,3.349661850810347,0.01931380880311044,0.02958228017492415,0.013315646339640866,BraTS20_Training_094,T2,"(240, 240, 155)","(np.float32(1.0), np.float32(1.0), np.float32(1.0))"
0.19893943129520053,0.32867903687622235,1.0,2.984979138755643,0.01880990589342888,0.03423563668287694,0.025040774778333975,BraTS20_Training_094,FLAIR,"(240, 240, 155)","(np.float32(1.0), np.float32(1.0), np.float32(1.0))"
0.23299638459335625,0.3540515588820738,1.0,3.4585619250446693,0.01368150898666761,0.025980201654097503,0.010675432251200774,BraTS20_Training_004,T1,"(240, 240, 155)","(np.float32(1.0), np.float32(1.0), np.float32(1.0))"
0.22663376508531002,0.3425160127921563,1.0,3.443127043495479,0.025300831922799374,0.027667498813649907,0.01719059260294746,BraTS20_Training_004,T1ce,"(240, 240, 155)","(np.float32(1.0), np.float32(1.0), np.float32(1.0))"
0.13696713036918706,0.2277064190609096,1.0,3.1562997482209685,0.008888993797357669,0.0211209815372645,0.013649271143190433,BraTS20_Training_004,T2,"(240, 240, 155)","(np.float32(1.0), np.float32(1.0), np.float32(1.0))"
0.13040436051374465,0.21654589659435566,1.0,3.3393869038984327,0.010245890979190498,0.020650731426920123,0.014568854947593936,BraTS20_Training_004,FLAIR,"(240, 240, 155)","(np.float32(1.0), np.float32(1.0), np.float32(1.0))"
0.2326520648150745,0.36901914440860617,1.0,4.926453039352472,0.010854004985389736,0.02370381774482524,0.0012534478302234095,BraTS20_Training_368,T1,"(240, 240, 155)","(np.float32(1.0), np.float32(1.0), np.float32(1.0))"
0.23806018186441968,0.3747029722835277,1.0,4.150933351021799,0.014775871542302749,0.023605478511857778,0.012194180765213957,BraTS20_Training_368,T1ce,"(240, 240, 155)","(np.float32(1.0), np.float32(1.0), np.float32(1.0))"
0.1763010054816457,0.28584823999855474,1.0,3.938942454274776,0.013040148577994692,0.02700487442923777,0.008148006304063319,BraTS20_Training_368,T2,"(240, 240, 155)","(np.float32(1.0), np.float32(1.0), np.float32(1.0))"
0.21517113291633982,0.34324058554207104,1.0,4.92704331713025,0.010161610653630943,0.02463487755562915,0.009938317899194042,BraTS20_Training_368,FLAIR,"(240, 240, 155)","(np.float32(1.0), np.float32(1.0), np.float32(1.0))"
0.20578121527777776,0.3383498339283713,1.0,3.343934089653003,0.016971943333333333,0.03203667182622634,0.021051767653111127,BraTS20_Training_078,T1,"(240, 240, 155)","(np.float32(1.0), np.float32(1.0), np.float32(1.0))"
0.17754839601769914,0.2934001639171751,1.0,3.431784597284428,0.036810794208630274,0.03538739643806295,0.025673735480858908,BraTS20_Training_078,T1ce,"(240, 240, 155)","(np.float32(1.0), np.float32(1.0), np.float32(1.0))"
0.12771482145003307,0.24234494763987222,1.0,3.8070073828932567,0.011637421256913038,0.030863565841142276,0.01191323642126076,BraTS20_Training_078,T2,"(240, 240, 155)","(np.float32(1.0), np.float32(1.0), np.float32(1.0))"
0.1585756511646207,0.26988349418238533,1.0,3.2243819707696817,0.02823290335502786,0.03668380234154592,0.031717097953396244,BraTS20_Training_078,FLAIR,"(240, 240, 155)","(np.float32(1.0), np.float32(1.0), np.float32(1.0))"
0.220143190483264,0.37395541559503,1.0,2.9465722228158904,0.006259363893381404,0.018763788531206645,0.007598006021753285,BraTS20_Training_133,T1,"(240, 240, 155)","(np.float32(1.0), np.float32(1.0), np.float32(1.0))"
0.21122450408593646,0.35982886892588367,1.0,3.1225939841526764,0.00965331069244842,0.024797095127785183,0.013734234385845125,BraTS20_Training_133,T1ce,"(240, 240, 155)","(np.float32(1.0), np.float32(1.0), np.float32(1.0))"
0.12371310590969455,0.22714358103607743,1.0,3.231857202351921,0.0034206936089197877,0.01627388401224862,0.005610922748063817,BraTS20_Training_133,T2,"(240, 240, 155)","(np.float32(1.0), np.float32(1.0), np.float32(1.0))"
0.14448270935112112,0.2547921864852544,1.0,3.0855892677293104,0.003291648033850399,0.0161331651208633,0.0014065605217579943,BraTS20_Training_133,FLAIR,"(240, 240, 155)","(np.float32(1.0), np.float32(1.0), np.float32(1.0))"
0.2382798611111111,0.36267680336974695,1.0,3.643229812013633,0.012520795247395832,0.023083622361754322,0.006695022766795438,BraTS20_Training_310,T1,"(240, 240, 155)","(np.float32(1.0), np.float32(1.0), np.float32(1.0))"
0.2346993703387688,0.35630019809534424,1.0,3.6747958445886892,0.014275462837131919,0.024647519722772154,0.012052481510258931,BraTS20_Training_310,T1ce,"(240, 240, 155)","(np.float32(1.0), np.float32(1.0), np.float32(1.0))"
0.2179913180522142,0.33396347587632885,1.0,3.8579839874731396,0.01038853877033652,0.02207950314722582,0.0057348969882139765,BraTS20_Training_310,T2,"(240, 240, 155)","(np.float32(1.0), np.float32(1.0), np.float32(1.0))"
0.16433178556653924,0.26082874176521553,1.0,3.5840500532617967,0.01240190606700971,0.024510358909745112,0.012473632216078737,BraTS20_Training_310,FLAIR,"(240, 240, 155)","(np.float32(1.0), np.float32(1.0), np.float32(1.0))"
0.21527039431673053,0.3481285998569665,1.0,3.212146293742669,0.012969936766929435,0.03056277905797344,0.018148276521558298,BraTS20_Training_079,T1,"(240, 240, 155)","(np.float32(1.0), np.float32(1.0), np.float32(1.0))"
0.22496068114958137,0.3587713815232358,1.0,3.1669685664428844,0.024931877149173932,0.030880096694960998,0.022282778492074478,BraTS20_Training_079,T1ce,"(240, 240, 155)","(np.float32(1.0), np.float32(1.0), np.float32(1.0))"
0.11775959595959597,0.20855866131295575,1.0,2.9109415255490334,0.018410568411386594,0.030547561009781073,0.02092015073818916,BraTS20_Training_079,T2,"(240, 240, 155)","(np.float32(1.0), np.float32(1.0), np.float32(1.0))"
0.19241545500578705,0.31236537330748354,1.0,2.8667172798137663,0.04294420972282505,0.040310930371816295,0.043089107801026455,BraTS20_Training_079,FLAIR,"(240, 240, 155)","(np.float32(1.0), np.float32(1.0), np.float32(1.0))"
0.2191459392398935,0.33558228543165497,1.0,3.4804512786471458,0.011684691218266268,0.029012126282594024,0.016430387969845913,BraTS20_Training_047,T1,"(240, 240, 155)","(np.float32(1.0), np.float32(1.0), np.float32(1.0))"
0.16834737718890438,0.2620248820727723,1.0,3.5738885926440296,0.02112596390843263,0.031593095105151126,0.020187591271708057,BraTS20_Training_047,T1ce,"(240, 240, 155)","(np.float32(1.0), np.float32(1.0), np.float32(1.0))"
0.12456134278054584,0.21647860943182667,1.0,3.835114193747035,0.01238840203130258,0.03203947424070522,0.011492058268580616,BraTS20_Training_047,T2,"(240, 240, 155)","(np.float32(1.0), np.float32(1.0), np.float32(1.0))"
0.14335595238095236,0.24198907545652992,1.0,3.3658171306346167,0.023369769841269844,0.0334209426135221,0.029027502461650173,BraTS20_Training_047,FLAIR,"(240, 240, 155)","(np.float32(1.0), np.float32(1.0), np.float32(1.0))"
0.2570766001267427,0.38784804138586726,1.0,3.0601593631282182,0.013118515279002632,0.022703803545092622,0.0027933392818369285,BraTS20_Training_221,T1,"(240, 240, 155)","(np.float32(1.0), np.float32(1.0), np.float32(1.0))"
0.16795068884408604,0.2644994145179841,1.0,2.761467050878377,0.014567912023788878,0.027602704685368334,0.011795512775133256,BraTS20_Training_221,T1ce,"(240, 240, 155)","(np.float32(1.0), np.float32(1.0), np.float32(1.0))"
0.13289181763285024,0.23473890181499296,1.0,3.4416158874129508,0.006388029825666877,0.023952818608167212,0.007271898891276841,BraTS20_Training_221,T2,"(240, 240, 155)","(np.float32(1.0), np.float32(1.0), np.float32(1.0))"
0.14806164717348924,0.24798166733586596,1.0,3.1603116321190727,0.006872306008686435,0.021541751898699207,0.010578463843524,BraTS20_Training_221,FLAIR,"(240, 240, 155)","(np.float32(1.0), np.float32(1.0), np.float32(1.0))"
0.22568776135005975,0.3501059684957195,1.0,3.393646256064748,0.017198261520278518,0.030878967239467002,0.018299401887621723,BraTS20_Training_074,T1,"(240, 240, 155)","(np.float32(1.0), np.float32(1.0), np.float32(1.0))"
0.18479430857487925,0.2877879725870996,1.0,3.4467550922146786,0.04156834474889515,0.03297614462175087,0.020765984354777847,BraTS20_Training_074,T1ce,"(240, 240, 155)","(np.float32(1.0), np.float32(1.0), np.float32(1.0))"
0.1297427789224664,0.22364937500795648,1.0,3.2044189163352472,0.020315352287364648,0.030843744784709467,0.020793920092533176,BraTS20_Training_074,T2,"(240, 240, 155)","(np.float32(1.0), np.float32(1.0), np.float32(1.0))"
0.1348412642928163,0.22209007027546415,1.0,3.2905754166294274,0.044503209419161964,0.0332060668451771,0.027023139647314103,BraTS20_Training_074,FLAIR,"(240, 240, 155)","(np.float32(1.0), np.float32(1.0), np.float32(1.0))"
0.20612679051915161,0.3477967213195426,1.0,3.0614924321925563,0.008568284472348258,0.028845060202685707,0.007340107923982686,BraTS20_Training_230,T1,"(240, 240, 155)","(np.float32(1.0), np.float32(1.0), np.float32(1.0))"
0.2162652450754078,0.3594596332011542,1.0,3.019601689616398,0.01636506310486329,0.02903734181031609,0.009721380383473938,BraTS20_Training_230,T1ce,"(240, 240, 155)","(np.float32(1.0), np.float32(1.0), np.float32(1.0))"
0.13843073025856042,0.242061877120225,1.0,3.2064720210729885,0.015792694454607983,0.026786343663888917,0.018476861771201947,BraTS20_Training_230,T2,"(240, 240, 155)","(np.float32(1.0), np.float32(1.0), np.float32(1.0))"
0.2018617206548241,0.33880576841260407,1.0,2.944396975520083,0.01295225522984684,0.028716850829726477,0.016816469357016438,BraTS20_Training_230,FLAIR,"(240, 240, 155)","(np.float32(1.0), np.float32(1.0), np.float32(1.0))"
0.242416649283827,0.3937867463820234,1.0,3.0888965785813642,0.0069365656016620696,0.017243750002592973,0.004850359769502486,BraTS20_Training_326,T1,"(240, 240, 155)","(np.float32(1.0), np.float32(1.0), np.float32(1.0))"
0.22002998074229693,0.3595741360384272,1.0,3.447128103512754,0.008451298735044126,0.019611385072177714,0.007281300076169075,BraTS20_Training_326,T1ce,"(240, 240, 155)","(np.float32(1.0), np.float32(1.0), np.float32(1.0))"
0.18914508785713458,0.31208702401181804,1.0,3.1593391414907317,0.004270728667633023,0.015269484947322755,0.0011377634159112679,BraTS20_Training_326,T2,"(240, 240, 155)","(np.float32(1.0), np.float32(1.0), np.float32(1.0))"
0.140399834320361,0.23957666230584643,1.0,3.1208278651758343,0.0039008305521736086,0.015465582236724862,0.006427618488307984,BraTS20_Training_326,FLAIR,"(240, 240, 155)","(np.float32(1.0), np.float32(1.0), np.float32(1.0))"
0.2669764909398646,0.4095654816614634,1.0,3.150695892034764,0.011519601276783586,0.021280669958794393,0.00840955229540879,BraTS20_Training_209,T1,"(240, 240, 155)","(np.float32(1.0), np.float32(1.0), np.float32(1.0))"
0.24187023305084743,0.37767477932466403,1.0,3.37175453004971,0.01554828992307447,0.028619159546144357,0.015680768019046734,BraTS20_Training_209,T1ce,"(240, 240, 155)","(np.float32(1.0), np.float32(1.0), np.float32(1.0))"
0.17520707031785177,0.2773330192429801,1.0,3.4903487607352144,0.014881661237988616,0.025650813708135014,0.007672505403133723,BraTS20_Training_209,T2,"(240, 240, 155)","(np.float32(1.0), np.float32(1.0), np.float32(1.0))"
0.2495522762345679,0.387926495173492,1.0,2.934624273435897,0.017239191338972715,0.029611147845845495,0.015118616095177409,BraTS20_Training_209,FLAIR,"(240, 240, 155)","(np.float32(1.0), np.float32(1.0), np.float32(1.0))"
0.22446897790647793,0.3471140602869398,1.0,3.3813862655460274,0.013202186820369737,0.02680392415521036,0.016202433405659338,BraTS20_Training_083,T1,"(240, 240, 155)","(np.float32(1.0), np.float32(1.0), np.float32(1.0))"
0.2300874175427747,0.3539213233653845,1.0,3.3618097046017557,0.023876740097005803,0.028833599189602106,0.01956379805311013,BraTS20_Training_083,T1ce,"(240, 240, 155)","(np.float32(1.0), np.float32(1.0), np.float32(1.0))"
0.14101466714559388,0.2342908824907774,1.0,3.091596616785694,0.016151407467961426,0.026445717418336685,0.022258286029778456,BraTS20_Training_083,T2,"(240, 240, 155)","(np.float32(1.0), np.float32(1.0), np.float32(1.0))"
0.12343422150691463,0.20939381847765887,1.0,3.228271616102797,0.012625570410467846,0.02410717111802423,0.021499164040109292,BraTS20_Training_083,FLAIR,"(240, 240, 155)","(np.float32(1.0), np.float32(1.0), np.float32(1.0))"
0.23663511827256944,0.35349019922908687,1.0,3.707725435391167,0.009767055426703558,0.03064658374770563,0.017527386214711112,BraTS20_Training_095,T1,"(240, 240, 155)","(np.float32(1.0), np.float32(1.0), np.float32(1.0))"
0.2362264141767818,0.3483847589886123,1.0,3.6579489813948234,0.01927335408564297,0.031597245051906524,0.021009985038648787,BraTS20_Training_095,T1ce,"(240, 240, 155)","(np.float32(1.0), np.float32(1.0), np.float32(1.0))"
0.1516080487833856,0.23984137871973119,1.0,3.877582323159077,0.013683587217800336,0.03319056862515702,0.014192177280868095,BraTS20_Training_095,T2,"(240, 240, 155)","(np.float32(1.0), np.float32(1.0), np.float32(1.0))"
0.1928813131313131,0.2941939840283891,1.0,3.330602172909093,0.04497546648301194,0.04150467856171865,0.039017217355565556,BraTS20_Training_095,FLAIR,"(240, 240, 155)","(np.float32(1.0), np.float32(1.0), np.float32(1.0))"
0.2308006443943944,0.3751917115707554,1.0,2.9387296087268746,0.011270720169619068,0.023018368751206976,0.007652320009178732,BraTS20_Training_196,T1,"(240, 240, 155)","(np.float32(1.0), np.float32(1.0), np.float32(1.0))"
0.22632407407407407,0.36724268447034064,1.0,2.9871877036751515,0.020835955061728396,0.02755312854291777,0.013455722802823405,BraTS20_Training_196,T1ce,"(240, 240, 155)","(np.float32(1.0), np.float32(1.0), np.float32(1.0))"
0.17158129161464836,0.2926062299067559,1.0,3.4022616311890013,0.010683904080053907,0.026060082745173598,0.007280879742693084,BraTS20_Training_196,T2,"(240, 240, 155)","(np.float32(1.0), np.float32(1.0), np.float32(1.0))"
0.12656092580598732,0.23726999513011998,1.0,3.098250418069195,0.006007661279497436,0.022827430831741175,0.014550473102126621,BraTS20_Training_196,FLAIR,"(240, 240, 155)","(np.float32(1.0), np.float32(1.0), np.float32(1.0))"
0.20080888957987839,0.3395952928055013,1.0,3.1007514450984583,0.00968332913926773,0.031701433314730326,0.008668727031883178,BraTS20_Training_311,T1,"(240, 240, 155)","(np.float32(1.0), np.float32(1.0), np.float32(1.0))"
0.19766192071468455,0.3288298874908894,1.0,3.087016157305797,0.00822248368447486,0.029583817082145986,0.007575030641719422,BraTS20_Training_311,T1ce,"(240, 240, 155)","(np.float32(1.0), np.float32(1.0), np.float32(1.0))"
0.13437347536984576,0.2276004237187215,1.0,3.0427120979786126,0.008346153434610126,0.021022894607596147,0.004584333533783727,BraTS20_Training_311,T2,"(240, 240, 155)","(np.float32(1.0), np.float32(1.0), np.float32(1.0))"
0.22509157135076255,0.3617988212578277,1.0,2.6258444246992574,0.01843649544512794,0.03368375791371475,0.010901486900776478,BraTS20_Training_311,FLAIR,"(240, 240, 155)","(np.float32(1.0), np.float32(1.0), np.float32(1.0))"
0.25246517036177707,0.38717792069673657,1.0,3.6382384084398782,0.020363356034911715,0.025006023644792486,0.017139196731129056,BraTS20_Training_293,T1,"(240, 240, 155)","(np.float32(1.0), np.float32(1.0), np.float32(1.0))"
0.17120338842215432,0.27883542575636894,1.0,4.00802917807022,0.01931322506714836,0.030468587460908986,0.02556560415099002,BraTS20_Training_293,T1ce,"(240, 240, 155)","(np.float32(1.0), np.float32(1.0), np.float32(1.0))"
0.16618319435903198,0.2650596443385383,1.0,3.963373869197727,0.014066700766157781,0.02469331302530536,0.013168249871107601,BraTS20_Training_293,T2,"(240, 240, 155)","(np.float32(1.0), np.float32(1.0), np.float32(1.0))"
0.22460733804402602,0.352236908174511,1.0,3.525756366941576,0.028815924236335666,0.0324306702069552,0.02596903299317213,BraTS20_Training_293,FLAIR,"(240, 240, 155)","(np.float32(1.0), np.float32(1.0), np.float32(1.0))"
0.23077438492882096,0.3640387533710117,1.0,5.0802513248517815,0.012580521921663911,0.02724089109915569,0.01422075328448798,BraTS20_Training_345,T1,"(240, 240, 155)","(np.float32(1.0), np.float32(1.0), np.float32(1.0))"
0.22076948924731182,0.35720459984267283,1.0,3.244908764839417,0.02307918933684589,0.03736264851675067,0.01720766033508373,BraTS20_Training_345,T1ce,"(240, 240, 155)","(np.float32(1.0), np.float32(1.0), np.float32(1.0))"
0.1594259131880463,0.2686277905991723,1.0,5.080216602629559,0.023110986068842508,0.031011519547239002,0.027368051155159445,BraTS20_Training_345,T2,"(240, 240, 155)","(np.float32(1.0), np.float32(1.0), np.float32(1.0))"
0.16025190025214733,0.27238875454819267,1.0,5.080112435962892,0.011926623568044878,0.031012412932788058,0.01966125394912382,BraTS20_Training_345,FLAIR,"(240, 240, 155)","(np.float32(1.0), np.float32(1.0), np.float32(1.0))"
0.25727862402289225,0.36950824156392587,1.0,3.7188056950744173,0.014162720182430862,0.027653502697468534,0.009636985394608905,BraTS20_Training_193,T1,"(240, 240, 155)","(np.float32(1.0), np.float32(1.0), np.float32(1.0))"
0.2626126365291262,0.3712315498509591,1.0,3.6774721248115463,0.030378180197500024,0.03053300091673491,0.010900027999466653,BraTS20_Training_193,T1ce,"(240, 240, 155)","(np.float32(1.0), np.float32(1.0), np.float32(1.0))"
0.16913249517455523,0.2589535236606978,1.0,3.966922536082716,0.004792039683119195,0.02367189342658444,0.009023283616745984,BraTS20_Training_193,T2,"(240, 240, 155)","(np.float32(1.0), np.float32(1.0), np.float32(1.0))"
0.13316962937801932,0.21746389210959013,1.0,3.5935030832900208,0.004952218484988711,0.021361118439555488,0.012815364352911989,BraTS20_Training_193,FLAIR,"(240, 240, 155)","(np.float32(1.0), np.float32(1.0), np.float32(1.0))"
0.17880539738491202,0.3347602320768357,1.0,2.6089195260166194,0.011088820176725021,0.02363684450587097,0.01603029250901001,BraTS20_Training_076,T1,"(240, 240, 155)","(np.float32(1.0), np.float32(1.0), np.float32(1.0))"
0.18170115059912853,0.3360922397287127,1.0,2.5635627766301132,0.02538703623606305,0.025142086065235596,0.023373909120023642,BraTS20_Training_076,T1ce,"(240, 240, 155)","(np.float32(1.0), np.float32(1.0), np.float32(1.0))"
0.11746624902874903,0.23062476823699363,1.0,2.4406245792120447,0.019434614348840747,0.027280768230723482,0.023487149719807136,BraTS20_Training_076,T2,"(240, 240, 155)","(np.float32(1.0), np.float32(1.0), np.float32(1.0))"
0.15243657042869643,0.29147928410135443,1.0,2.476313144336117,0.037097811869234845,0.03305830577234477,0.03979086807755547,BraTS20_Training_076,FLAIR,"(240, 240, 155)","(np.float32(1.0), np.float32(1.0), np.float32(1.0))"
0.23108751444024359,0.3538697863815028,1.0,3.5286857494480772,0.012703123033357433,0.030294628749853312,0.01713614910351835,BraTS20_Training_085,T1,"(240, 240, 155)","(np.float32(1.0), np.float32(1.0), np.float32(1.0))"
0.231342406859985,0.35016107225609316,1.0,3.504241510368492,0.02984046447471542,0.03256817610786417,0.024717464613935848,BraTS20_Training_085,T1ce,"(240, 240, 155)","(np.float32(1.0), np.float32(1.0), np.float32(1.0))"
0.12598263339486637,0.21663989858883245,1.0,3.7981007000011937,0.0156586367181241,0.03264762745266201,0.010624272198759803,BraTS20_Training_085,T2,"(240, 240, 155)","(np.float32(1.0), np.float32(1.0), np.float32(1.0))"
0.1975775286259542,0.3073737624663631,1.0,3.2253462083654663,0.031054526898846867,0.03986998234954182,0.03516427801764305,BraTS20_Training_085,FLAIR,"(240, 240, 155)","(np.float32(1.0), np.float32(1.0), np.float32(1.0))"
0.20300265766028633,0.3434153464125746,1.0,3.7001372197933042,0.007079531648409636,0.024694729068372744,0.00888678215171485,BraTS20_Training_358,T1,"(240, 240, 155)","(np.float32(1.0), np.float32(1.0), np.float32(1.0))"
0.19884382516042087,0.3344974139619031,1.0,3.748193355042791,0.017558692992159078,0.023669775226748884,0.010015717436846488,BraTS20_Training_358,T1ce,"(240, 240, 155)","(np.float32(1.0), np.float32(1.0), np.float32(1.0))"
0.153723482442838,0.2671300525825689,1.0,3.7667469402102984,0.010274515545166835,0.02563974810362545,0.007120611483661057,BraTS20_Training_358,T2,"(240, 240, 155)","(np.float32(1.0), np.float32(1.0), np.float32(1.0))"
0.18490228173452272,0.31166569397990423,1.0,3.3245686744318004,0.0061563435936956646,0.020159292477636884,0.008031076917576575,BraTS20_Training_358,FLAIR,"(240, 240, 155)","(np.float32(1.0), np.float32(1.0), np.float32(1.0))"
0.23224543805501408,0.3485843835727978,1.0,3.57430478399651,0.012987592125001215,0.029176394226538664,0.015407876757296119,BraTS20_Training_017,T1,"(240, 240, 155)","(np.float32(1.0), np.float32(1.0), np.float32(1.0))"
0.2074765652733404,0.3110757227350892,1.0,3.587828470366242,0.02247869578358687,0.029255638954921805,0.01714122110049655,BraTS20_Training_017,T1ce,"(240, 240, 155)","(np.float32(1.0), np.float32(1.0), np.float32(1.0))"
0.1470479292547835,0.24031408653255643,1.0,3.3383711524359225,0.01359428670634015,0.027458768724839256,0.01775854128593948,BraTS20_Training_017,T2,"(240, 240, 155)","(np.float32(1.0), np.float32(1.0), np.float32(1.0))"
0.14603856317600786,0.2382329229080846,1.0,3.5148862086407813,0.013437121479103037,0.02394850475165253,0.017711658973015465,BraTS20_Training_017,FLAIR,"(240, 240, 155)","(np.float32(1.0), np.float32(1.0), np.float32(1.0))"
0.21626302083333335,0.34042272544012286,1.0,3.353795427784911,0.014298497453403305,0.02886694682522824,0.01664475792474809,BraTS20_Training_067,T1,"(240, 240, 155)","(np.float32(1.0), np.float32(1.0), np.float32(1.0))"
0.21953067639500734,0.34408099965428,1.0,3.3096373826813266,0.024301248548551948,0.030225058281528005,0.01975151359264426,BraTS20_Training_067,T1ce,"(240, 240, 155)","(np.float32(1.0), np.float32(1.0), np.float32(1.0))"
0.14062904530744336,0.2385677032705195,1.0,3.14133743112053,0.017308691941619565,0.02945664581067538,0.021984402683737154,BraTS20_Training_067,T2,"(240, 240, 155)","(np.float32(1.0), np.float32(1.0), np.float32(1.0))"
0.13543930636429835,0.2305255597924816,1.0,3.251687609628527,0.013408967315837957,0.028498989733661727,0.024333632349083617,BraTS20_Training_067,FLAIR,"(240, 240, 155)","(np.float32(1.0), np.float32(1.0), np.float32(1.0))"
0.26198255692656175,0.3906763643613432,1.0,3.613669609448374,0.012152408939310912,0.01981178469258846,0.008720708894058014,BraTS20_Training_284,T1,"(240, 240, 155)","(np.float32(1.0), np.float32(1.0), np.float32(1.0))"
0.2417077769967329,0.36824711647520836,1.0,3.71254614738694,0.028043982994570362,0.02968180902403823,0.024487650551899262,BraTS20_Training_284,T1ce,"(240, 240, 155)","(np.float32(1.0), np.float32(1.0), np.float32(1.0))"
0.11997229426002767,0.2129195114850619,1.0,3.9355215266827055,0.004535159165887104,0.014313255692177663,0.010286152269455257,BraTS20_Training_284,T2,"(240, 240, 155)","(np.float32(1.0), np.float32(1.0), np.float32(1.0))"
0.2052010371220352,0.3105503813482665,1.0,3.8172423857913986,0.00997775946225472,0.020669448435184687,0.009328114268446114,BraTS20_Training_284,FLAIR,"(240, 240, 155)","(np.float32(1.0), np.float32(1.0), np.float32(1.0))"
0.2205009175842509,0.3410302764911093,1.0,3.6710514559497587,0.010922486942022103,0.03206428443518183,0.015991295880571986,BraTS20_Training_008,T1,"(240, 240, 155)","(np.float32(1.0), np.float32(1.0), np.float32(1.0))"
0.22722618957432678,0.3471715584217721,1.0,3.6325553489398392,0.026125330679751844,0.03435915791320197,0.020828115374498985,BraTS20_Training_008,T1ce,"(240, 240, 155)","(np.float32(1.0), np.float32(1.0), np.float32(1.0))"
0.14271661247591522,0.23323470978558836,1.0,3.2647632279276158,0.014764399588284866,0.032171767542736186,0.016029519466928027,BraTS20_Training_008,T2,"(240, 240, 155)","(np.float32(1.0), np.float32(1.0), np.float32(1.0))"
0.244038252101271,0.37546692134709486,1.0,3.508753682204323,0.012656797846230307,0.03158188757847962,0.015423931637279606,BraTS20_Training_008,FLAIR,"(240, 240, 155)","(np.float32(1.0), np.float32(1.0), np.float32(1.0))"
0.23170746527777777,0.3445620569663894,1.0,3.8129507324988445,0.0077302278202947845,0.030299887891848773,0.015015671815566452,BraTS20_Training_114,T1,"(240, 240, 155)","(np.float32(1.0), np.float32(1.0), np.float32(1.0))"
0.2149798883640181,0.317461351059368,1.0,3.809657229918288,0.018949071878309784,0.03201130182527801,0.01790520790895536,BraTS20_Training_114,T1ce,"(240, 240, 155)","(np.float32(1.0), np.float32(1.0), np.float32(1.0))"
0.12574426721643517,0.2229546612095567,1.0,4.170224699433749,0.005269675200313643,0.024149882288805807,0.006891328251132328,BraTS20_Training_114,T2,"(240, 240, 155)","(np.float32(1.0), np.float32(1.0), np.float32(1.0))"
0.11252070882717868,0.1889780062542249,1.0,3.597986315502474,0.011344168841891409,0.02413966329324794,0.016229864887982472,BraTS20_Training_114,FLAIR,"(240, 240, 155)","(np.float32(1.0), np.float32(1.0), np.float32(1.0))"
0.2183376107085346,0.33394059335618453,1.0,3.6500788625760183,0.009790003736777696,0.03141667097332915,0.018362936210368955,BraTS20_Training_117,T1,"(240, 240, 155)","(np.float32(1.0), np.float32(1.0), np.float32(1.0))"
0.20005987103174602,0.30377854948917193,1.0,3.665708824128233,0.02462882915249433,0.03398091636248722,0.021252585839556942,BraTS20_Training_117,T1ce,"(240, 240, 155)","(np.float32(1.0), np.float32(1.0), np.float32(1.0))"
0.12417749134026113,0.2184053429416188,1.0,4.075791693208293,0.012773432807510985,0.03407704913188133,0.010894464828629227,BraTS20_Training_117,T2,"(240, 240, 155)","(np.float32(1.0), np.float32(1.0), np.float32(1.0))"
0.12378839476495726,0.21220853526767303,1.0,3.5617167763316044,0.013038242837193884,0.02660385334870266,0.020362783192994185,BraTS20_Training_117,FLAIR,"(240, 240, 155)","(np.float32(1.0), np.float32(1.0), np.float32(1.0))"
0.2637844094094094,0.38773046236451586,1.0,3.37334340146964,0.010576088651996591,0.020978139558849473,0.0070957876448747,BraTS20_Training_328,T1,"(240, 240, 155)","(np.float32(1.0), np.float32(1.0), np.float32(1.0))"
0.23214443588866074,0.34520620199326757,1.0,4.056482557914757,0.01185128929069124,0.02393990174880151,0.01056873279250134,BraTS20_Training_328,T1ce,"(240, 240, 155)","(np.float32(1.0), np.float32(1.0), np.float32(1.0))"
0.214717811778291,0.328145433135675,1.0,3.5856837413519327,0.003169439088574678,0.01832808513447784,0.0013259857575207276,BraTS20_Training_328,T2,"(240, 240, 155)","(np.float32(1.0), np.float32(1.0), np.float32(1.0))"
0.19182138480392155,0.30398442221129507,1.0,3.5014702598206626,0.00794491787964578,0.02288524400370774,0.012308643873866095,BraTS20_Training_328,FLAIR,"(240, 240, 155)","(np.float32(1.0), np.float32(1.0), np.float32(1.0))"
0.2065017438546932,0.33539648168146863,1.0,3.974095057793161,0.0028553779963918806,0.01963798689366142,0.006602178689795089,BraTS20_Training_323,T1,"(240, 240, 155)","(np.float32(1.0), np.float32(1.0), np.float32(1.0))"
0.21244402538314178,0.34170573698582274,1.0,3.745369532494784,0.007310408933271082,0.019975066823767696,0.008492369349443819,BraTS20_Training_323,T1ce,"(240, 240, 155)","(np.float32(1.0), np.float32(1.0), np.float32(1.0))"
0.174369669834308,0.286473055748352,1.0,3.9113048072215877,0.007634687847856848,0.023267821955732973,0.008584217598131137,BraTS20_Training_323,T2,"(240, 240, 155)","(np.float32(1.0), np.float32(1.0), np.float32(1.0))"
0.1666882603406326,0.2738041507011244,1.0,3.4108755198785348,0.003923839028303172,0.0183366824774939,0.007696997920165333,BraTS20_Training_323,FLAIR,"(240, 240, 155)","(np.float32(1.0), np.float32(1.0), np.float32(1.0))"
0.2456488872762458,0.38910899050530295,1.0,3.159213450862209,0.01571849753445825,0.021420427422635054,0.011296855819797173,BraTS20_Training_275,T1,"(240, 240, 155)","(np.float32(1.0), np.float32(1.0), np.float32(1.0))"
0.20596366392801252,0.3366381881080392,1.0,3.6495600790627223,0.014191533511081704,0.025122907744662033,0.011191163504623467,BraTS20_Training_275,T1ce,"(240, 240, 155)","(np.float32(1.0), np.float32(1.0), np.float32(1.0))"
0.1665611850165122,0.2743773688052727,1.0,3.4591541983080565,0.02766535067137075,0.02794583040043932,0.017930450278896035,BraTS20_Training_275,T2,"(240, 240, 155)","(np.float32(1.0), np.float32(1.0), np.float32(1.0))"
0.22743982505735824,0.36309879124440103,1.0,3.2297090936888546,0.019134088580416115,0.02637475022676486,0.015091931955523722,BraTS20_Training_275,FLAIR,"(240, 240, 155)","(np.float32(1.0), np.float32(1.0), np.float32(1.0))"
0.2533251991064491,0.38640692759909706,1.0,3.092530186368252,0.02077910289011688,0.028033212223685156,0.010715104733557655,BraTS20_Training_164,T1,"(240, 240, 155)","(np.float32(1.0), np.float32(1.0), np.float32(1.0))"
0.19868760745755426,0.3033489684909849,1.0,3.165682446348346,0.019138920351920375,0.022329319790886894,0.013387434726120001,BraTS20_Training_164,T1ce,"(240, 240, 155)","(np.float32(1.0), np.float32(1.0), np.float32(1.0))"
0.16154213736083825,0.26034243014834796,1.0,3.399142343546271,0.014464140799595493,0.028758897081019436,0.014980720451747564,BraTS20_Training_164,T2,"(240, 240, 155)","(np.float32(1.0), np.float32(1.0), np.float32(1.0))"
0.1814703400830737,0.28807687265844906,1.0,3.0598183882174834,0.016265040281295794,0.029371699041428893,0.020346975234575286,BraTS20_Training_164,FLAIR,"(240, 240, 155)","(np.float32(1.0), np.float32(1.0), np.float32(1.0))"
0.2567291742479379,0.3672686523192726,1.0,3.6597086463964543,0.009539568210518063,0.03127522842543806,0.01809393034176789,BraTS20_Training_111,T1,"(240, 240, 155)","(np.float32(1.0), np.float32(1.0), np.float32(1.0))"
0.23577217761381172,0.3344600896982294,1.0,3.6311930392679725,0.02605024361316069,0.03277698527884543,0.02307552416610408,BraTS20_Training_111,T1ce,"(240, 240, 155)","(np.float32(1.0), np.float32(1.0), np.float32(1.0))"
0.15040204548424024,0.23268844321799456,1.0,4.01275151992882,0.01680954089884388,0.035156543249970605,0.013074519233824803,BraTS20_Training_111,T2,"(240, 240, 155)","(np.float32(1.0), np.float32(1.0), np.float32(1.0))"
0.21198302469135802,0.30879469848839275,1.0,3.4640492419699176,0.03131967803578318,0.04055045650181418,0.03581684727391207,BraTS20_Training_111,FLAIR,"(240, 240, 155)","(np.float32(1.0), np.float32(1.0), np.float32(1.0))"
0.2222989720497406,0.3481533945334249,1.0,5.077011689253658,0.0072688641475504,0.020873777557345822,0.0018453592761332805,BraTS20_Training_348,T1,"(240, 240, 155)","(np.float32(1.0), np.float32(1.0), np.float32(1.0))"
0.20800805259847785,0.3266504439537752,1.0,4.206974043513861,0.019292496211084986,0.029554448784377352,0.015210289496581684,BraTS20_Training_348,T1ce,"(240, 240, 155)","(np.float32(1.0), np.float32(1.0), np.float32(1.0))"
0.16135092338217336,0.2612040704553808,1.0,4.062629629261117,0.012258336966489055,0.028492871799559612,0.008678689367422618,BraTS20_Training_348,T2,"(240, 240, 155)","(np.float32(1.0), np.float32(1.0), np.float32(1.0))"
0.2060266449464114,0.3201838863486317,1.0,3.626479732198805,0.008067072375511535,0.023264761737787708,0.010236540450588315,BraTS20_Training_348,FLAIR,"(240, 240, 155)","(np.float32(1.0), np.float32(1.0), np.float32(1.0))"
0.2182386872759857,0.3447958536382005,1.0,3.3761612644730157,0.017287700136424822,0.02677707632870799,0.014197879529677082,BraTS20_Training_061,T1,"(240, 240, 155)","(np.float32(1.0), np.float32(1.0), np.float32(1.0))"
0.1994252057974407,0.31719448032301745,1.0,3.4681808241224887,0.03054316862688756,0.030989353040541318,0.02241349738551043,BraTS20_Training_061,T1ce,"(240, 240, 155)","(np.float32(1.0), np.float32(1.0), np.float32(1.0))"
0.12049616991643455,0.22031022260558594,1.0,3.1421860044897416,0.004686768004765808,0.019698040367264073,0.009305641327145137,BraTS20_Training_061,T2,"(240, 240, 155)","(np.float32(1.0), np.float32(1.0), np.float32(1.0))"
0.17229497630992197,0.2776541623124898,1.0,3.404635097384147,0.011420692671067562,0.024846864131043343,0.01597359471224519,BraTS20_Training_061,FLAIR,"(240, 240, 155)","(np.float32(1.0), np.float32(1.0), np.float32(1.0))"
0.25354576432022086,0.388668784820537,1.0,3.080546999373838,0.014308541390721378,0.02291581978657941,0.008867258117853468,BraTS20_Training_158,T1,"(240, 240, 155)","(np.float32(1.0), np.float32(1.0), np.float32(1.0))"
0.26322398361650484,0.39952587533927497,1.0,3.0144556899293318,0.024567899552659693,0.02275848697512982,0.015413202747288562,BraTS20_Training_158,T1ce,"(240, 240, 155)","(np.float32(1.0), np.float32(1.0), np.float32(1.0))"
0.16043451820464535,0.2576586240924992,1.0,3.310029766002991,0.020372310157945408,0.027817374754322364,0.014984128973388643,BraTS20_Training_158,T2,"(240, 240, 155)","(np.float32(1.0), np.float32(1.0), np.float32(1.0))"
0.2341457100591716,0.3629749719684399,1.0,2.8568591869512208,0.027956245696345833,0.036609176399967955,0.029044714432437415,BraTS20_Training_158,FLAIR,"(240, 240, 155)","(np.float32(1.0), np.float32(1.0), np.float32(1.0))"
0.21581627613663992,0.34536918979212883,1.0,3.3300564721292036,0.011578950282261346,0.02473416238562643,0.008225931982806262,BraTS20_Training_321,T1,"(240, 240, 155)","(np.float32(1.0), np.float32(1.0), np.float32(1.0))"
0.18559365592501365,0.31578125017742986,1.0,3.3980486865102546,0.0084894152369628,0.031958540173739114,0.010553291397578496,BraTS20_Training_321,T1ce,"(240, 240, 155)","(np.float32(1.0), np.float32(1.0), np.float32(1.0))"
0.13783511097820308,0.23002237012201038,1.0,3.502497870124961,0.017649686012733732,0.0261843973906282,0.01689208867376299,BraTS20_Training_321,T2,"(240, 240, 155)","(np.float32(1.0), np.float32(1.0), np.float32(1.0))"
0.23122780054644806,0.3651703767922946,1.0,3.204390285013589,0.026389777852662444,0.029557237936764996,0.018124642230327483,BraTS20_Training_321,FLAIR,"(240, 240, 155)","(np.float32(1.0), np.float32(1.0), np.float32(1.0))"
0.25219697485475673,0.38660261683670655,1.0,3.069918358425518,0.00994297139395579,0.021909839871750336,0.0023037552520229964,BraTS20_Training_223,T1,"(240, 240, 155)","(np.float32(1.0), np.float32(1.0), np.float32(1.0))"
0.13461506226053638,0.21609006021740093,1.0,2.6972294811669464,0.01040127847611498,0.01997198489487435,0.009919946656397203,BraTS20_Training_223,T1ce,"(240, 240, 155)","(np.float32(1.0), np.float32(1.0), np.float32(1.0))"
0.14659867488662134,0.2511022869046511,1.0,3.391492409615293,0.012241633983525384,0.029340799526072388,0.009833586143149437,BraTS20_Training_223,T2,"(240, 240, 155)","(np.float32(1.0), np.float32(1.0), np.float32(1.0))"
0.13849812064539788,0.2376931931597313,1.0,3.0931461296993357,0.006658612127714421,0.020227759364826833,0.013395973926810304,BraTS20_Training_223,FLAIR,"(240, 240, 155)","(np.float32(1.0), np.float32(1.0), np.float32(1.0))"
0.23503765124403542,0.3743806702471532,1.0,3.1199742475072627,0.013621183156226346,0.025342091920347483,0.016469586325509947,BraTS20_Training_228,T1,"(240, 240, 155)","(np.float32(1.0), np.float32(1.0), np.float32(1.0))"
0.24685249485596705,0.38766438246884755,1.0,3.06825002650105,0.021014611405833484,0.02356569832952523,0.014340014639766143,BraTS20_Training_228,T1ce,"(240, 240, 155)","(np.float32(1.0), np.float32(1.0), np.float32(1.0))"
0.1438523988250653,0.240387030031653,1.0,3.4278936459806575,0.017446882851550636,0.025485084761744076,0.020576907840832846,BraTS20_Training_228,T2,"(240, 240, 155)","(np.float32(1.0), np.float32(1.0), np.float32(1.0))"
0.20926293155847311,0.3387143095625461,1.0,3.2637082769412573,0.009961610189126542,0.026057418926390737,0.011238259824359075,BraTS20_Training_228,FLAIR,"(240, 240, 155)","(np.float32(1.0), np.float32(1.0), np.float32(1.0))"
0.2458686315165877,0.3764997482118478,1.0,3.6029210763562047,0.005099167118665876,0.023820326769878154,0.007452383981097504,BraTS20_Training_142,T1,"(240, 240, 155)","(np.float32(1.0), np.float32(1.0), np.float32(1.0))"
0.20395932653190946,0.32422431218213466,1.0,3.5867007145764376,0.015618738985268697,0.03269509020569257,0.01977270398384019,BraTS20_Training_142,T1ce,"(240, 240, 155)","(np.float32(1.0), np.float32(1.0), np.float32(1.0))"
0.14771120746943114,0.24350163465682464,1.0,3.8348532136294646,0.009037867341254398,0.030373368915534632,0.011790014999697037,BraTS20_Training_142,T2,"(240, 240, 155)","(np.float32(1.0), np.float32(1.0), np.float32(1.0))"
0.20660548139158574,0.3497538289004774,1.0,3.1598216556959717,0.010914199184589081,0.03491666772081289,0.00883763812914509,BraTS20_Training_142,FLAIR,"(240, 240, 155)","(np.float32(1.0), np.float32(1.0), np.float32(1.0))"
0.21644811656005686,0.34983380063221187,1.0,3.1897450813943378,0.012310248559214285,0.027642233383371653,0.016472427243730103,BraTS20_Training_018,T1,"(240, 240, 155)","(np.float32(1.0), np.float32(1.0), np.float32(1.0))"
0.21972974989149305,0.35176800482114196,1.0,3.151982703322121,0.025661201741960314,0.028543688239521307,0.022246824260689545,BraTS20_Training_018,T1ce,"(240, 240, 155)","(np.float32(1.0), np.float32(1.0), np.float32(1.0))"
0.14795349874614197,0.2512300729295888,1.0,2.9801430073503137,0.02204177416891718,0.030281974981422752,0.021086309924952383,BraTS20_Training_018,T2,"(240, 240, 155)","(np.float32(1.0), np.float32(1.0), np.float32(1.0))"
0.1572638378267974,0.2653981142352741,1.0,3.096075648360364,0.021565549608323725,0.029772104365362477,0.02555979235097453,BraTS20_Training_018,FLAIR,"(240, 240, 155)","(np.float32(1.0), np.float32(1.0), np.float32(1.0))"
0.22873565847236987,0.3772500137576893,1.0,3.014073705252473,0.016455646663241532,0.022664480739861194,0.013416606894077502,BraTS20_Training_247,T1,"(240, 240, 155)","(np.float32(1.0), np.float32(1.0), np.float32(1.0))"
0.19541655199618377,0.3238251506204833,1.0,3.1608242948644882,0.02027389116036422,0.021979289670151066,0.013028494884913868,BraTS20_Training_247,T1ce,"(240, 240, 155)","(np.float32(1.0), np.float32(1.0), np.float32(1.0))"
0.1269935369981326,0.2311220274246655,1.0,3.5801495501295486,0.01059912333308017,0.02164568918679862,0.01501871849443744,BraTS20_Training_247,T2,"(240, 240, 155)","(np.float32(1.0), np.float32(1.0), np.float32(1.0))"
0.17233476851851856,0.2996184094200027,1.0,3.307802285499752,0.012904882592592593,0.023427842818089534,0.015059498361774922,BraTS20_Training_247,FLAIR,"(240, 240, 155)","(np.float32(1.0), np.float32(1.0), np.float32(1.0))"
0.19822563559322037,0.3371750387350487,1.0,3.0388903652618136,0.0133754881240471,0.026239311519148868,0.01848923373690041,BraTS20_Training_025,T1,"(240, 240, 155)","(np.float32(1.0), np.float32(1.0), np.float32(1.0))"
0.20045270581363647,0.3381070143577809,1.0,3.0215029112958747,0.0313538011837929,0.027296554701325616,0.02310303065991056,BraTS20_Training_025,T1ce,"(240, 240, 155)","(np.float32(1.0), np.float32(1.0), np.float32(1.0))"
0.14348482510288066,0.2507599201191124,1.0,3.1312283660015265,0.017614006746515604,0.027866517750335384,0.014406780347757326,BraTS20_Training_025,T2,"(240, 240, 155)","(np.float32(1.0), np.float32(1.0), np.float32(1.0))"
0.17173196634134133,0.29604962156471565,1.0,2.7236761842269317,0.026775821429537647,0.033578834075912604,0.034929622453389,BraTS20_Training_025,FLAIR,"(240, 240, 155)","(np.float32(1.0), np.float32(1.0), np.float32(1.0))"
0.2605978037766831,0.40312036393840817,1.0,3.3000082382724925,0.02192563934759397,0.023357317202164687,0.015420728855492347,BraTS20_Training_203,T1,"(240, 240, 155)","(np.float32(1.0), np.float32(1.0), np.float32(1.0))"
0.23123738606770833,0.36564745989876557,1.0,3.5451408170184333,0.025565516975731534,0.03127573996534485,0.028506205228701023,BraTS20_Training_203,T1ce,"(240, 240, 155)","(np.float32(1.0), np.float32(1.0), np.float32(1.0))"
0.17598611075468937,0.28048348750702495,1.0,3.5913224993712753,0.02233264413429533,0.02576285930741743,0.012544833716294525,BraTS20_Training_203,T2,"(240, 240, 155)","(np.float32(1.0), np.float32(1.0), np.float32(1.0))"
0.2205773469917012,0.3465949242503315,1.0,3.2003922717780355,0.022888319640769882,0.028487651119559778,0.023763102056607196,BraTS20_Training_203,FLAIR,"(240, 240, 155)","(np.float32(1.0), np.float32(1.0), np.float32(1.0))"
0.24223201857903653,0.3826044750832182,1.0,3.5034744668977456,0.0068820481178363925,0.0228207745675896,0.007442230450775836,BraTS20_Training_325,T1,"(240, 240, 155)","(np.float32(1.0), np.float32(1.0), np.float32(1.0))"
0.2199478341630837,0.34959951156363417,1.0,3.7795807446287233,0.011341545354793666,0.0246517867424866,0.00873388892307253,BraTS20_Training_325,T1ce,"(240, 240, 155)","(np.float32(1.0), np.float32(1.0), np.float32(1.0))"
0.19730513972055888,0.3134241431941951,1.0,3.474012263206764,0.0042836612702738235,0.018640306635231734,0.0013831814899911425,BraTS20_Training_325,T2,"(240, 240, 155)","(np.float32(1.0), np.float32(1.0), np.float32(1.0))"
0.23346083906071022,0.36984017465777225,1.0,3.2488895539920986,0.013826391693532197,0.03054390943012604,0.014896439252890697,BraTS20_Training_325,FLAIR,"(240, 240, 155)","(np.float32(1.0), np.float32(1.0), np.float32(1.0))"
0.2531764137588001,0.37003744567747077,1.0,4.546702834675547,0.007553877013097837,0.03141789745056268,0.01003962970456382,BraTS20_Training_361,T1,"(240, 240, 155)","(np.float32(1.0), np.float32(1.0), np.float32(1.0))"
0.2623526277212941,0.3778074113478434,1.0,4.471942863037636,0.018216164750045272,0.029051343458744584,0.01166764810307376,BraTS20_Training_361,T1ce,"(240, 240, 155)","(np.float32(1.0), np.float32(1.0), np.float32(1.0))"
0.1938782411024708,0.2893412465850707,1.0,4.507297090059678,0.011783039242705273,0.03131181167610975,0.007419770655051106,BraTS20_Training_361,T2,"(240, 240, 155)","(np.float32(1.0), np.float32(1.0), np.float32(1.0))"
0.23634778645833332,0.34284629833827746,1.0,4.003739676846175,0.007104903814621913,0.027716986040485964,0.008696525953520941,BraTS20_Training_361,FLAIR,"(240, 240, 155)","(np.float32(1.0), np.float32(1.0), np.float32(1.0))"
0.19790207238762406,0.35422016738756235,1.0,3.1112036973435053,0.01533447576378431,0.019608281685834637,0.015264878739633126,BraTS20_Training_259,T1,"(240, 240, 155)","(np.float32(1.0), np.float32(1.0), np.float32(1.0))"
0.19531024338498842,0.347913467319504,1.0,2.922331428499888,0.017128751058685904,0.016319755054034497,0.00935119219860502,BraTS20_Training_259,T1ce,"(240, 240, 155)","(np.float32(1.0), np.float32(1.0), np.float32(1.0))"
0.14914456597786563,0.27202679145190595,1.0,3.0551282470639722,0.015140203965829338,0.01932101604144331,0.01491339170945712,BraTS20_Training_259,T2,"(240, 240, 155)","(np.float32(1.0), np.float32(1.0), np.float32(1.0))"
0.18323429786512377,0.32896989876790406,1.0,2.9342125184201997,0.01834326195370923,0.020573540990394646,0.013175938320550211,BraTS20_Training_259,FLAIR,"(240, 240, 155)","(np.float32(1.0), np.float32(1.0), np.float32(1.0))"
0.2524025831873905,0.38570398971795755,1.0,3.5114354582039162,0.004929651932834624,0.023077749646010042,0.0074066847417778355,BraTS20_Training_141,T1,"(240, 240, 155)","(np.float32(1.0), np.float32(1.0), np.float32(1.0))"
0.20599622619979133,0.32934154721223124,1.0,3.5725526188730297,0.017150328532882217,0.03376670641668562,0.02066517449267372,BraTS20_Training_141,T1ce,"(240, 240, 155)","(np.float32(1.0), np.float32(1.0), np.float32(1.0))"
0.1396446672048798,0.23557566371579503,1.0,3.7079128132740897,0.009087237864906379,0.027842228293798166,0.009586778396120068,BraTS20_Training_141,T2,"(240, 240, 155)","(np.float32(1.0), np.float32(1.0), np.float32(1.0))"
0.2017340113897083,0.3394024627660964,1.0,3.131660527482415,0.009328279197110285,0.03377276543770804,0.008268216535611776,BraTS20_Training_141,FLAIR,"(240, 240, 155)","(np.float32(1.0), np.float32(1.0), np.float32(1.0))"
0.197760841259058,0.3433999362376495,1.0,3.6831746093702833,0.010537851389660357,0.023205983967834857,0.011936051480565816,BraTS20_Training_347,T1,"(240, 240, 155)","(np.float32(1.0), np.float32(1.0), np.float32(1.0))"
0.19870722211443292,0.34262524730030164,1.0,3.692602124599108,0.016550901877073528,0.022525581408304792,0.01581165913152051,BraTS20_Training_347,T1ce,"(240, 240, 155)","(np.float32(1.0), np.float32(1.0), np.float32(1.0))"
0.17074154160675772,0.29666370773169765,1.0,3.462358484563779,0.013401851898091177,0.02319137001748927,0.009818021975552043,BraTS20_Training_347,T2,"(240, 240, 155)","(np.float32(1.0), np.float32(1.0), np.float32(1.0))"
0.19192402884021015,0.3300570560609007,1.0,3.178679075982965,0.015280155791356706,0.02128430320675523,0.009255111681320496,BraTS20_Training_347,FLAIR,"(240, 240, 155)","(np.float32(1.0), np.float32(1.0), np.float32(1.0))"
0.26465069444444445,0.39021371533031407,1.0,3.618493878237636,0.02562847200963719,0.028159919042825565,0.023187714031902132,BraTS20_Training_235,T1,"(240, 240, 155)","(np.float32(1.0), np.float32(1.0), np.float32(1.0))"
0.21355844843035474,0.31409758691085615,1.0,3.622441845920288,0.019365140653954484,0.022735930230852675,0.015197055032594357,BraTS20_Training_235,T1ce,"(240, 240, 155)","(np.float32(1.0), np.float32(1.0), np.float32(1.0))"
0.11849937963311974,0.20474320874554225,1.0,4.211534651781773,0.008050269727544645,0.01907616962219873,0.013613430770348288,BraTS20_Training_235,T2,"(240, 240, 155)","(np.float32(1.0), np.float32(1.0), np.float32(1.0))"
0.15646412037037039,0.25118988107630147,1.0,3.8318096135583573,0.012085790227742766,0.023152577640033912,0.01559665322902829,BraTS20_Training_235,FLAIR,"(240, 240, 155)","(np.float32(1.0), np.float32(1.0), np.float32(1.0))"
0.21551968198565055,0.350535494007335,1.0,3.980411650117062,0.00780412371537636,0.024237424121597018,0.014476439481948027,BraTS20_Training_365,T1,"(240, 240, 155)","(np.float32(1.0), np.float32(1.0), np.float32(1.0))"
0.19910179429502065,0.3232755109638492,1.0,4.031732596525152,0.015591657286805076,0.024996261182473053,0.016549781371139646,BraTS20_Training_365,T1ce,"(240, 240, 155)","(np.float32(1.0), np.float32(1.0), np.float32(1.0))"
0.2389941352359263,0.3817075854189796,1.0,4.786357644348789,0.011911144774524977,0.019402916837443697,0.011906020266551883,BraTS20_Training_365,T2,"(240, 240, 155)","(np.float32(1.0), np.float32(1.0), np.float32(1.0))"
0.20161286712891335,0.3276775952034912,1.0,3.4894071143746124,0.007867304271001614,0.021683941354907716,0.006173271660289021,BraTS20_Training_365,FLAIR,"(240, 240, 155)","(np.float32(1.0), np.float32(1.0), np.float32(1.0))"
0.22414255653723095,0.358679585305509,1.0,3.588271595143784,0.020453943134211415,0.03216038169104611,0.020070445118701662,BraTS20_Training_302,T1,"(240, 240, 155)","(np.float32(1.0), np.float32(1.0), np.float32(1.0))"
0.2183177647267337,0.3514286666874012,1.0,3.6581971801788296,0.029271531054464252,0.035818073968748754,0.0308303508883966,BraTS20_Training_302,T1ce,"(240, 240, 155)","(np.float32(1.0), np.float32(1.0), np.float32(1.0))"
0.16068123080907779,0.2591787962473109,1.0,3.663507986088893,0.02066670234727936,0.026006561967562358,0.010797848709908008,BraTS20_Training_302,T2,"(240, 240, 155)","(np.float32(1.0), np.float32(1.0), np.float32(1.0))"
0.23550308737000547,0.3723310698329032,1.0,3.2116449798714024,0.03967980105984129,0.035088061117939974,0.02895165442849692,BraTS20_Training_302,FLAIR,"(240, 240, 155)","(np.float32(1.0), np.float32(1.0), np.float32(1.0))"
0.2628427979390681,0.3910547672541144,1.0,3.662383381240996,0.007152446132179698,0.01970897662941091,0.006577461429568547,BraTS20_Training_333,T1,"(240, 240, 155)","(np.float32(1.0), np.float32(1.0), np.float32(1.0))"
0.23678101050733733,0.3569416357831587,1.0,4.332894685120169,0.008591137088111843,0.02328494955389335,0.007915824538163757,BraTS20_Training_333,T1ce,"(240, 240, 155)","(np.float32(1.0), np.float32(1.0), np.float32(1.0))"
0.14626173486200744,0.23791025793799883,1.0,4.412510576594514,0.004561387618136465,0.02113713540487811,0.0071529091219971795,BraTS20_Training_333,T2,"(240, 240, 155)","(np.float32(1.0), np.float32(1.0), np.float32(1.0))"
0.15321936904858907,0.25471275337635974,1.0,3.6694118251200045,0.0054365211871478004,0.018734291918199666,0.008666807174642042,BraTS20_Training_333,FLAIR,"(240, 240, 155)","(np.float32(1.0), np.float32(1.0), np.float32(1.0))"
0.24529299313358302,0.3847179879783058,1.0,3.2405971668605473,0.013929986276517651,0.021532627417150504,0.010129217997929523,BraTS20_Training_272,T1,"(240, 240, 155)","(np.float32(1.0), np.float32(1.0), np.float32(1.0))"
0.2299282546854083,0.36403885681233555,1.0,2.8213662104716906,0.023828291327962454,0.02787905804149496,0.02892521799541831,BraTS20_Training_272,T1ce,"(240, 240, 155)","(np.float32(1.0), np.float32(1.0), np.float32(1.0))"
0.20897044724295194,0.3298348576982922,1.0,3.2384972890550614,0.00803381065753323,0.017708014783553404,0.006100380346081591,BraTS20_Training_272,T2,"(240, 240, 155)","(np.float32(1.0), np.float32(1.0), np.float32(1.0))"
0.1839667878327546,0.30203840787857217,1.0,3.4806618888969743,0.009477834112850235,0.021553607744356593,0.013600382784740987,BraTS20_Training_272,FLAIR,"(240, 240, 155)","(np.float32(1.0), np.float32(1.0), np.float32(1.0))"
0.22666266175189745,0.3733595068637581,1.0,3.8208429299993734,0.01472586096763276,0.023166487224997957,0.010404063068100993,BraTS20_Training_173,T1,"(240, 240, 155)","(np.float32(1.0), np.float32(1.0), np.float32(1.0))"
0.23756750476278268,0.38781135044729403,1.0,3.3878018462508193,0.019071483444928334,0.01929843962244957,0.0076678415143022,BraTS20_Training_173,T1ce,"(240, 240, 155)","(np.float32(1.0), np.float32(1.0), np.float32(1.0))"
0.170911188136295,0.28741189316589644,1.0,3.613564008337102,0.012387426161436408,0.02501146464970919,0.007752042719528976,BraTS20_Training_173,T2,"(240, 240, 155)","(np.float32(1.0), np.float32(1.0), np.float32(1.0))"
0.20857743570913215,0.34418217607959073,1.0,3.27987300269306,0.015237590517457333,0.024201924462646716,0.010455787289310929,BraTS20_Training_173,FLAIR,"(240, 240, 155)","(np.float32(1.0), np.float32(1.0), np.float32(1.0))"
0.24622052106636835,0.38803228810769336,1.0,2.594605033416422,0.021045565702746124,0.02341755002036824,0.00849526969037677,BraTS20_Training_197,T1,"(240, 240, 155)","(np.float32(1.0), np.float32(1.0), np.float32(1.0))"
0.20145366257755215,0.3199737641865823,1.0,2.7326207885443794,0.019976863184656482,0.024358601362774585,0.011977516988215593,BraTS20_Training_197,T1ce,"(240, 240, 155)","(np.float32(1.0), np.float32(1.0), np.float32(1.0))"
0.1708943813131313,0.2812478254410303,1.0,2.932770458774488,0.011413740587695132,0.020006007545797205,0.006805195542541385,BraTS20_Training_197,T2,"(240, 240, 155)","(np.float32(1.0), np.float32(1.0), np.float32(1.0))"
0.14675737218196458,0.24980728363570515,1.0,2.7040052781744373,0.014900497240308994,0.025979688356185575,0.018798581264781598,BraTS20_Training_197,FLAIR,"(240, 240, 155)","(np.float32(1.0), np.float32(1.0), np.float32(1.0))"
0.21550014633886763,0.3343490328461426,1.0,3.525517208808707,0.013441986247102784,0.030942455932893288,0.016990424901369334,BraTS20_Training_020,T1,"(240, 240, 155)","(np.float32(1.0), np.float32(1.0), np.float32(1.0))"
0.2207017493928355,0.3392776921585335,1.0,3.4944898635108066,0.026437056653760272,0.03207379136241495,0.02059320444282198,BraTS20_Training_020,T1ce,"(240, 240, 155)","(np.float32(1.0), np.float32(1.0), np.float32(1.0))"
0.13194478677621285,0.22774198813746627,1.0,3.285790691415182,0.0112221516894796,0.028798463797665885,0.017423522659486827,BraTS20_Training_020,T2,"(240, 240, 155)","(np.float32(1.0), np.float32(1.0), np.float32(1.0))"
0.14231151097098305,0.23409163897864013,1.0,3.374074036324369,0.013698684276458335,0.028259966978409993,0.023144985840385036,BraTS20_Training_020,FLAIR,"(240, 240, 155)","(np.float32(1.0), np.float32(1.0), np.float32(1.0))"
0.23758974421875512,0.35976844045752093,1.0,4.362937951875309,0.009070290889573854,0.02817920146996432,0.009915507798628119,BraTS20_Training_354,T1,"(240, 240, 155)","(np.float32(1.0), np.float32(1.0), np.float32(1.0))"
0.18865548085524456,0.28668493398269046,1.0,4.480459125035479,0.01315312330164721,0.02670226616351465,0.010577614674461607,BraTS20_Training_354,T1ce,"(240, 240, 155)","(np.float32(1.0), np.float32(1.0), np.float32(1.0))"
0.18957165723430816,0.2900795377569526,1.0,5.369266394481884,0.014376022587813156,0.02754414504464296,0.01228345954831263,BraTS20_Training_354,T2,"(240, 240, 155)","(np.float32(1.0), np.float32(1.0), np.float32(1.0))"
0.22023193977294073,0.33219268216077175,1.0,5.3694052833707735,0.02015813988375087,0.03009584215693665,0.01642462544081187,BraTS20_Training_354,FLAIR,"(240, 240, 155)","(np.float32(1.0), np.float32(1.0), np.float32(1.0))"
0.20429371843434344,0.3285946018849685,1.0,3.318132884659408,0.011357234991965105,0.02890043402966454,0.01616654979283383,BraTS20_Training_080,T1,"(240, 240, 155)","(np.float32(1.0), np.float32(1.0), np.float32(1.0))"
0.21102771253769428,0.3356097076702252,1.0,3.3048164233920354,0.024308565134633982,0.030998925066656895,0.020809285399028574,BraTS20_Training_080,T1ce,"(240, 240, 155)","(np.float32(1.0), np.float32(1.0), np.float32(1.0))"
0.12496294688786008,0.21777557970003805,1.0,2.8946339580958074,0.018729897935004187,0.0306868536881271,0.021147722822667626,BraTS20_Training_080,T2,"(240, 240, 155)","(np.float32(1.0), np.float32(1.0), np.float32(1.0))"
0.15332418699186992,0.2542091196325463,1.0,2.9516290531945324,0.027410798797012362,0.03499278747479866,0.030468554977019894,BraTS20_Training_080,FLAIR,"(240, 240, 155)","(np.float32(1.0), np.float32(1.0), np.float32(1.0))"
0.2174142279861589,0.34742512336081627,1.0,3.9954276758701703,0.016127367651728883,0.026334363589443674,0.010626922649583362,BraTS20_Training_168,T1,"(240, 240, 155)","(np.float32(1.0), np.float32(1.0), np.float32(1.0))"
0.19817667937273348,0.31396351780610393,1.0,3.58687613376103,0.017570483958303386,0.019953364055189597,0.011668469748648286,BraTS20_Training_168,T1ce,"(240, 240, 155)","(np.float32(1.0), np.float32(1.0), np.float32(1.0))"
0.14834404767187317,0.24893066152869447,1.0,3.7688288506604026,0.007150793406918591,0.019586008377885072,0.010629597752900507,BraTS20_Training_168,T2,"(240, 240, 155)","(np.float32(1.0), np.float32(1.0), np.float32(1.0))"
0.1746699905033238,0.28804658744339456,1.0,3.438147885943985,0.014953150745529664,0.023984045786267956,0.017364160132844357,BraTS20_Training_168,FLAIR,"(240, 240, 155)","(np.float32(1.0), np.float32(1.0), np.float32(1.0))"
0.21723734204234973,0.3491893799085574,1.0,3.158297285258752,0.013707901871696676,0.025316257533356073,0.015098818809308138,BraTS20_Training_019,T1,"(240, 240, 155)","(np.float32(1.0), np.float32(1.0), np.float32(1.0))"
0.223815671741453,0.35613972184699594,1.0,3.086863634900489,0.026984113427638064,0.02579192976916525,0.019561615963799694,BraTS20_Training_019,T1ce,"(240, 240, 155)","(np.float32(1.0), np.float32(1.0), np.float32(1.0))"
0.15112431347697505,0.25237623338047127,1.0,2.901496483153794,0.021351534727342532,0.029142977143632363,0.024496154026758397,BraTS20_Training_019,T2,"(240, 240, 155)","(np.float32(1.0), np.float32(1.0), np.float32(1.0))"
0.18339604339659943,0.3001772196955457,1.0,2.974824097925874,0.028871584723963593,0.034120304605069735,0.0318533587306613,BraTS20_Training_019,FLAIR,"(240, 240, 155)","(np.float32(1.0), np.float32(1.0), np.float32(1.0))"
0.2546455351056578,0.3890451838361164,1.0,3.1700262950035847,0.015383110172255887,0.024620597633287097,0.00781389952882032,BraTS20_Training_199,T1,"(240, 240, 155)","(np.float32(1.0), np.float32(1.0), np.float32(1.0))"
0.2536122981956315,0.38592613539751885,1.0,3.1815943386886083,0.022149854032570082,0.02840867571482741,0.014745874668120279,BraTS20_Training_199,T1ce,"(240, 240, 155)","(np.float32(1.0), np.float32(1.0), np.float32(1.0))"
0.18612529342723003,0.2903353140369402,1.0,3.4728973910013727,0.01310375718150943,0.02729357296523112,0.008583128627112318,BraTS20_Training_199,T2,"(240, 240, 155)","(np.float32(1.0), np.float32(1.0), np.float32(1.0))"
0.15046888252756577,0.2429707790994148,1.0,3.114126982339411,0.013405277085801784,0.028712043572377697,0.021396377141773962,BraTS20_Training_199,FLAIR,"(240, 240, 155)","(np.float32(1.0), np.float32(1.0), np.float32(1.0))"
0.21617716646204213,0.3543336310910724,1.0,3.236393581422701,0.00778787628488556,0.02791013074330255,0.015751158834418202,BraTS20_Training_105,T1,"(240, 240, 155)","(np.float32(1.0), np.float32(1.0), np.float32(1.0))"
0.20487405156893004,0.3316425437737672,1.0,3.1954842755055135,0.024285913995950394,0.029624853958009387,0.020785292192432782,BraTS20_Training_105,T1ce,"(240, 240, 155)","(np.float32(1.0), np.float32(1.0), np.float32(1.0))"
0.11933581452638188,0.21438442525316426,1.0,3.488702013139546,0.013708879910838892,0.030615977576548478,0.012179128932116624,BraTS20_Training_105,T2,"(240, 240, 155)","(np.float32(1.0), np.float32(1.0), np.float32(1.0))"
0.18812662197231833,0.3108005599067894,1.0,2.9868373338034746,0.03390473985917048,0.03732476820403374,0.03809065862944443,BraTS20_Training_105,FLAIR,"(240, 240, 155)","(np.float32(1.0), np.float32(1.0), np.float32(1.0))"
0.2080848765432099,0.34919874191152933,1.0,3.444085693063003,0.018834363511659808,0.033212527691085965,0.02231910786727521,BraTS20_Training_286,T1,"(240, 240, 155)","(np.float32(1.0), np.float32(1.0), np.float32(1.0))"
0.21353578456536618,0.3576447710174618,1.0,3.54389436596155,0.02866607038241835,0.03576437401416554,0.029292792135135415,BraTS20_Training_286,T1ce,"(240, 240, 155)","(np.float32(1.0), np.float32(1.0), np.float32(1.0))"
0.13500673615488532,0.23424070710735545,1.0,3.657705056572584,0.01896038327739682,0.027203239889925665,0.01143640404545314,BraTS20_Training_286,T2,"(240, 240, 155)","(np.float32(1.0), np.float32(1.0), np.float32(1.0))"
0.21063399386647794,0.3477895385370938,1.0,3.156385520462156,0.04184727478113705,0.03414559685119271,0.03043554600623368,BraTS20_Training_286,FLAIR,"(240, 240, 155)","(np.float32(1.0), np.float32(1.0), np.float32(1.0))"
0.2416322035655058,0.3680244873138509,1.0,3.451333145401832,0.00822560568581223,0.02711040185898151,0.01530989227862138,BraTS20_Training_119,T1,"(240, 240, 155)","(np.float32(1.0), np.float32(1.0), np.float32(1.0))"
0.20745967432950196,0.3140828026364326,1.0,3.4286249179998216,0.022665150548289072,0.028935153609749412,0.019447659987250402,BraTS20_Training_119,T1ce,"(240, 240, 155)","(np.float32(1.0), np.float32(1.0), np.float32(1.0))"
0.16827652459836662,0.26323615319437826,1.0,3.500253392744653,0.014567022840566579,0.02975025292129056,0.014493515842781432,BraTS20_Training_119,T2,"(240, 240, 155)","(np.float32(1.0), np.float32(1.0), np.float32(1.0))"
0.2127868716931217,0.3270591353045881,1.0,3.0095047589362323,0.02902693404751018,0.03656921861607725,0.033662647142746915,BraTS20_Training_119,FLAIR,"(240, 240, 155)","(np.float32(1.0), np.float32(1.0), np.float32(1.0))"
0.21115119369394877,0.33676640686722636,1.0,4.203436040307957,0.008923856665002084,0.028884876048889816,0.010288938769214004,BraTS20_Training_350,T1,"(240, 240, 155)","(np.float32(1.0), np.float32(1.0), np.float32(1.0))"
0.16053928132366332,0.260627872397396,1.0,4.321535890312371,0.01521591001690163,0.02639201045338269,0.011334625161544652,BraTS20_Training_350,T1ce,"(240, 240, 155)","(np.float32(1.0), np.float32(1.0), np.float32(1.0))"
0.1692548976313985,0.27530183763270755,1.0,4.219209886714486,0.01331338572640634,0.027134400008546437,0.007565220286816789,BraTS20_Training_350,T2,"(240, 240, 155)","(np.float32(1.0), np.float32(1.0), np.float32(1.0))"
0.20784941635948745,0.3219425291765082,1.0,3.6672439866701847,0.01116472962561571,0.024422389251390352,0.00956616207426428,BraTS20_Training_350,FLAIR,"(240, 240, 155)","(np.float32(1.0), np.float32(1.0), np.float32(1.0))"
0.19265828121167525,0.3206986150342508,1.0,3.2160476853669673,0.011587859477681563,0.027534889702459476,0.017901820503741908,BraTS20_Training_032,T1,"(240, 240, 155)","(np.float32(1.0), np.float32(1.0), np.float32(1.0))"
0.19695435996563573,0.3251629686301863,1.0,3.2177371724940387,0.01919973208275764,0.028601594720172752,0.023021874495960395,BraTS20_Training_032,T1ce,"(240, 240, 155)","(np.float32(1.0), np.float32(1.0), np.float32(1.0))"
0.1305245766212309,0.22514808163728214,1.0,2.8480748750806524,0.009020313274953206,0.023523962803340757,0.008402436170602837,BraTS20_Training_032,T2,"(240, 240, 155)","(np.float32(1.0), np.float32(1.0), np.float32(1.0))"
0.18378080411841285,0.3067242984115101,1.0,2.9582884660014748,0.03316868959452765,0.04120224119031224,0.03932253290347665,BraTS20_Training_032,FLAIR,"(240, 240, 155)","(np.float32(1.0), np.float32(1.0), np.float32(1.0))"
0.19477187742812743,0.32151604957414953,1.0,3.231206106604529,0.009039656169609549,0.025856522729596883,0.019056322034571013,BraTS20_Training_037,T1,"(240, 240, 155)","(np.float32(1.0), np.float32(1.0), np.float32(1.0))"
0.17596625339344582,0.29004082864941294,1.0,3.2817687591580103,0.024056979199556267,0.03172668949335349,0.023562794489115798,BraTS20_Training_037,T1ce,"(240, 240, 155)","(np.float32(1.0), np.float32(1.0), np.float32(1.0))"
0.13923393147927196,0.24529969498184068,1.0,3.5547977899476093,0.011536008275584026,0.0263999666923461,0.012064988063277915,BraTS20_Training_037,T2,"(240, 240, 155)","(np.float32(1.0), np.float32(1.0), np.float32(1.0))"
0.13876527777777778,0.24962011989797245,1.0,3.1386951072030698,0.017022525641025642,0.025849164855423896,0.024387637059089706,BraTS20_Training_037,FLAIR,"(240, 240, 155)","(np.float32(1.0), np.float32(1.0), np.float32(1.0))"
0.20480230564024393,0.35466458619123276,1.0,2.8374301139458153,0.01625065517280554,0.02492278030252627,0.009675536464020678,BraTS20_Training_159,T1,"(240, 240, 155)","(np.float32(1.0), np.float32(1.0), np.float32(1.0))"
0.21526791633518957,0.3676341705095766,1.0,2.842544060108485,0.025176632575951756,0.02446531397492468,0.015891179539417283,BraTS20_Training_159,T1ce,"(240, 240, 155)","(np.float32(1.0), np.float32(1.0), np.float32(1.0))"
0.12194414119359534,0.22672304210183844,1.0,3.0795148269573773,0.008786546435724003,0.02334231345330031,0.01237991866378177,BraTS20_Training_159,T2,"(240, 240, 155)","(np.float32(1.0), np.float32(1.0), np.float32(1.0))"
0.1793984375,0.32089146503332694,1.0,2.6797326837898097,0.02432874014060357,0.03523812741318099,0.02711900402664287,BraTS20_Training_159,FLAIR,"(240, 240, 155)","(np.float32(1.0), np.float32(1.0), np.float32(1.0))"
0.21776505251891679,0.351115177831098,1.0,3.6950417233529795,0.021973526942920683,0.03239570421616533,0.02068345655475672,BraTS20_Training_184,T1,"(240, 240, 155)","(np.float32(1.0), np.float32(1.0), np.float32(1.0))"
0.20927915219907406,0.3381222811131011,1.0,3.779223698122315,0.025437300094100865,0.03283293012644965,0.027363727233553722,BraTS20_Training_184,T1ce,"(240, 240, 155)","(np.float32(1.0), np.float32(1.0), np.float32(1.0))"
0.1766040552463072,0.2861925472471509,1.0,3.7731320254813716,0.021408529193596496,0.028068676153387782,0.012852392965581287,BraTS20_Training_184,T2,"(240, 240, 155)","(np.float32(1.0), np.float32(1.0), np.float32(1.0))"
0.22251320888696322,0.3547905004803981,1.0,3.333210632448696,0.03048841265288128,0.03121712432736635,0.025791776718231744,BraTS20_Training_184,FLAIR,"(240, 240, 155)","(np.float32(1.0), np.float32(1.0), np.float32(1.0))"
0.23833750474646573,0.3656451680250297,1.0,4.2863033971955975,0.013031045680353778,0.02723496203024487,0.01017562830851877,BraTS20_Training_169,T1,"(240, 240, 155)","(np.float32(1.0), np.float32(1.0), np.float32(1.0))"
0.23599105387906114,0.3589081524305904,1.0,4.3170582138604505,0.026522043057373778,0.025912048205123134,0.016375613764616496,BraTS20_Training_169,T1ce,"(240, 240, 155)","(np.float32(1.0), np.float32(1.0), np.float32(1.0))"
0.1820969794048374,0.28243093531458946,1.0,3.9742996115071825,0.02470348795092539,0.026300451271655065,0.010772988206408166,BraTS20_Training_169,T2,"(240, 240, 155)","(np.float32(1.0), np.float32(1.0), np.float32(1.0))"
0.2316039737654321,0.35746025859289526,1.0,3.602684048246538,0.026008855305319788,0.029328990280964095,0.020223419958592396,BraTS20_Training_169,FLAIR,"(240, 240, 155)","(np.float32(1.0), np.float32(1.0), np.float32(1.0))"
0.20917296006944444,0.3457983951266987,1.0,3.408272561520711,0.013944282446967231,0.029992797757045664,0.02075275223447034,BraTS20_Training_303,T1,"(240, 240, 155)","(np.float32(1.0), np.float32(1.0), np.float32(1.0))"
0.2204826233009103,0.359754266918205,1.0,3.48965005382111,0.024721699298901362,0.03119004925501064,0.02703867421740962,BraTS20_Training_303,T1ce,"(240, 240, 155)","(np.float32(1.0), np.float32(1.0), np.float32(1.0))"
0.1455194488313693,0.24313929954945482,1.0,3.5846825674849256,0.018605093909082854,0.02480621903366094,0.011585323263938347,BraTS20_Training_303,T2,"(240, 240, 155)","(np.float32(1.0), np.float32(1.0), np.float32(1.0))"
0.23009305377035133,0.37430614106448656,1.0,3.0441403284221527,0.03371189437979159,0.031806175104540015,0.02759432225214918,BraTS20_Training_303,FLAIR,"(240, 240, 155)","(np.float32(1.0), np.float32(1.0), np.float32(1.0))"
0.2412340989211689,0.39162354864363963,1.0,3.123731200138568,0.004902314870017592,0.017774410957023368,0.006256524213016686,BraTS20_Training_140,T1,"(240, 240, 155)","(np.float32(1.0), np.float32(1.0), np.float32(1.0))"
0.20585023647748465,0.34044515136982595,1.0,3.145110372918656,0.011808222686439176,0.022905166476974187,0.019040624195551727,BraTS20_Training_140,T1ce,"(240, 240, 155)","(np.float32(1.0), np.float32(1.0), np.float32(1.0))"
0.16122983785726366,0.26798594322915303,1.0,3.1617156947765492,0.008783015669109754,0.021425331113309774,0.010899782395613155,BraTS20_Training_140,T2,"(240, 240, 155)","(np.float32(1.0), np.float32(1.0), np.float32(1.0))"
0.21814320908311913,0.3580245168891227,1.0,3.0200263126105105,0.007806678811562469,0.026864469056813563,0.0068099791403224315,BraTS20_Training_140,FLAIR,"(240, 240, 155)","(np.float32(1.0), np.float32(1.0), np.float32(1.0))"
0.2212655266881086,0.3491032490544701,1.0,4.106581615716311,0.006224858163604821,0.025841824434781925,0.008337825947381566,BraTS20_Training_336,T1,"(240, 240, 155)","(np.float32(1.0), np.float32(1.0), np.float32(1.0))"
0.20755685401617902,0.32510846541567395,1.0,4.130070478866025,0.013061525588925722,0.024426302262914496,0.00935329577835393,BraTS20_Training_336,T1ce,"(240, 240, 155)","(np.float32(1.0), np.float32(1.0), np.float32(1.0))"
0.15938820734607792,0.26091731146752284,1.0,4.315725501908178,0.010802272612267136,0.02675385316486433,0.007629729387775648,BraTS20_Training_336,T2,"(240, 240, 155)","(np.float32(1.0), np.float32(1.0), np.float32(1.0))"
0.2148856148258565,0.3369708586145752,1.0,3.662446015958561,0.007173729727492091,0.0258973057718157,0.0100523164395542,BraTS20_Training_336,FLAIR,"(240, 240, 155)","(np.float32(1.0), np.float32(1.0), np.float32(1.0))"
0.20658831671645003,0.34420501255396707,1.0,3.9072759114002835,0.008006872881229784,0.021798863706748033,0.009100062563922316,BraTS20_Training_176,T1,"(240, 240, 155)","(np.float32(1.0), np.float32(1.0), np.float32(1.0))"
0.21285441071001673,0.3510213689149787,1.0,3.865748358649789,0.024173781632006997,0.023369933609423413,0.018379645337616015,BraTS20_Training_176,T1ce,"(240, 240, 155)","(np.float32(1.0), np.float32(1.0), np.float32(1.0))"
0.19523380835846024,0.3229822408534259,1.0,3.5985334379291225,0.019324448161838308,0.025364073442981274,0.016417580844596366,BraTS20_Training_176,T2,"(240, 240, 155)","(np.float32(1.0), np.float32(1.0), np.float32(1.0))"
0.23385635689943415,0.38376217869146995,1.0,3.1611679200137783,0.01751127959642263,0.02299933976338214,0.010797919229438714,BraTS20_Training_176,FLAIR,"(240, 240, 155)","(np.float32(1.0), np.float32(1.0), np.float32(1.0))"
0.21009880784590088,0.3415519651263065,1.0,3.1634628171479533,0.01214390264312827,0.027115127661827356,0.016576373726762766,BraTS20_Training_060,T1,"(240, 240, 155)","(np.float32(1.0), np.float32(1.0), np.float32(1.0))"
0.21718217408145196,0.3500331517885182,1.0,3.119297620070743,0.022600375390866817,0.028518172965941082,0.020063889034478127,BraTS20_Training_060,T1ce,"(240, 240, 155)","(np.float32(1.0), np.float32(1.0), np.float32(1.0))"
0.13884496155038425,0.23906285190978785,1.0,3.412915814217799,0.01796903379719376,0.028547526814395513,0.013322436791132316,BraTS20_Training_060,T2,"(240, 240, 155)","(np.float32(1.0), np.float32(1.0), np.float32(1.0))"
0.1385763888888889,0.2395598868829832,1.0,3.012954641676387,0.015289929857402783,0.026898673040447664,0.0231923561753553,BraTS20_Training_060,FLAIR,"(240, 240, 155)","(np.float32(1.0), np.float32(1.0), np.float32(1.0))"
0.2262418742840779,0.33807169047020336,1.0,3.649114638225938,0.009412226916309442,0.03034460310040282,0.017723472427531,BraTS20_Training_112,T1,"(240, 240, 155)","(np.float32(1.0), np.float32(1.0), np.float32(1.0))"
0.16256332553431568,0.2472440231546951,1.0,3.7262674166425005,0.019588631556396778,0.030234173870308762,0.01815235499945053,BraTS20_Training_112,T1ce,"(240, 240, 155)","(np.float32(1.0), np.float32(1.0), np.float32(1.0))"
0.16029366383788887,0.2562585295662845,1.0,4.081108278293619,0.015347806338152954,0.03328696966946161,0.010620620369456924,BraTS20_Training_112,T2,"(240, 240, 155)","(np.float32(1.0), np.float32(1.0), np.float32(1.0))"
0.14964608886483885,0.24718191498201095,1.0,3.62713436846203,0.012776036493568961,0.028997087071573842,0.021461205996057782,BraTS20_Training_112,FLAIR,"(240, 240, 155)","(np.float32(1.0), np.float32(1.0), np.float32(1.0))"
0.21192545572916666,0.3217887341060572,1.0,2.70439536932244,0.0021255069308810763,0.02465482701238715,0.007135317424270453,BraTS20_Training_149,T1,"(240, 240, 155)","(np.float32(1.0), np.float32(1.0), np.float32(1.0))"
0.23543402777777778,0.3502250621352204,1.0,2.640126561235966,0.009377489001480369,0.02908362888002806,0.01430298499204348,BraTS20_Training_149,T1ce,"(240, 240, 155)","(np.float32(1.0), np.float32(1.0), np.float32(1.0))"
0.18534401371308018,0.2904378611442108,1.0,3.9163709743702273,0.007398340888657444,0.028590529333501865,0.010673495304014036,BraTS20_Training_149,T2,"(240, 240, 155)","(np.float32(1.0), np.float32(1.0), np.float32(1.0))"
0.20874645104358502,0.32094288537782606,1.0,3.5401643183723155,0.0052553234876156945,0.023762964456802114,0.013558100103078768,BraTS20_Training_149,FLAIR,"(240, 240, 155)","(np.float32(1.0), np.float32(1.0), np.float32(1.0))"
0.2046235087250712,0.32643796093604405,1.0,3.3390443568850454,0.011284723966069676,0.02775967155024868,0.018025353385459374,BraTS20_Training_007,T1,"(240, 240, 155)","(np.float32(1.0), np.float32(1.0), np.float32(1.0))"
0.2117506435279475,0.33356511224212637,1.0,3.3031512116061226,0.023843825369435533,0.03032511534787673,0.024161767218678364,BraTS20_Training_007,T1ce,"(240, 240, 155)","(np.float32(1.0), np.float32(1.0), np.float32(1.0))"
0.14038322838513753,0.23237779424772195,1.0,3.0319786922907315,0.020916344864782898,0.02895467872783124,0.02473563228881034,BraTS20_Training_007,T2,"(240, 240, 155)","(np.float32(1.0), np.float32(1.0), np.float32(1.0))"
0.1896898148148148,0.3047744805415077,1.0,3.070856562047606,0.03338974486308685,0.038515222305285035,0.03451438446688164,BraTS20_Training_007,FLAIR,"(240, 240, 155)","(np.float32(1.0), np.float32(1.0), np.float32(1.0))"
0.24142717470760236,0.37538889941387915,1.0,3.2596581079572533,0.013855165264525838,0.021230869601154487,0.007082875144056607,BraTS20_Training_273,T1,"(240, 240, 155)","(np.float32(1.0), np.float32(1.0), np.float32(1.0))"
0.23855274579678362,0.3738255632728942,1.0,2.745326114962807,0.018151025135137736,0.02704264188299299,0.011539060897011304,BraTS20_Training_273,T1ce,"(240, 240, 155)","(np.float32(1.0), np.float32(1.0), np.float32(1.0))"
0.22039621226181638,0.34733885315448393,1.0,3.225331007015536,0.008443156972876568,0.019004721731885905,0.012718294494204169,BraTS20_Training_273,T2,"(240, 240, 155)","(np.float32(1.0), np.float32(1.0), np.float32(1.0))"
0.2024033090168244,0.32401952264357853,1.0,3.4197523542167665,0.012246367951688463,0.024643852905437826,0.01265744464642171,BraTS20_Training_273,FLAIR,"(240, 240, 155)","(np.float32(1.0), np.float32(1.0), np.float32(1.0))"
0.24532480587909042,0.38872706088196246,1.0,3.162181635092343,0.016578866791312562,0.02179519137226572,0.012988735836721688,BraTS20_Training_254,T1,"(240, 240, 155)","(np.float32(1.0), np.float32(1.0), np.float32(1.0))"
0.1996555608566582,0.3181231470118192,1.0,3.2586659442465242,0.017471339930350976,0.019078769002068407,0.010647403241652654,BraTS20_Training_254,T1ce,"(240, 240, 155)","(np.float32(1.0), np.float32(1.0), np.float32(1.0))"
0.14880370534435855,0.2550126871722703,1.0,3.667226369518166,0.015831639361065353,0.02523567221692736,0.014988554920938115,BraTS20_Training_254,T2,"(240, 240, 155)","(np.float32(1.0), np.float32(1.0), np.float32(1.0))"
0.1834776355252831,0.30158196559361944,1.0,3.5376330394195286,0.011224416429104232,0.021740669436097298,0.014019136832382576,BraTS20_Training_254,FLAIR,"(240, 240, 155)","(np.float32(1.0), np.float32(1.0), np.float32(1.0))"
0.22855672514619882,0.3485535737606694,1.0,3.507838461429773,0.013734649276700527,0.0312046883113807,0.017675680243404,BraTS20_Training_011,T1,"(240, 240, 155)","(np.float32(1.0), np.float32(1.0), np.float32(1.0))"
0.17269274010443386,0.2656737768754546,1.0,3.543887758887016,0.026528396113203945,0.031328085212718904,0.01807157434497639,BraTS20_Training_011,T1ce,"(240, 240, 155)","(np.float32(1.0), np.float32(1.0), np.float32(1.0))"
0.1367787601321809,0.2273176362264304,1.0,3.8543070648589377,0.015813913526579258,0.029529837188267183,0.010595934131419862,BraTS20_Training_011,T2,"(240, 240, 155)","(np.float32(1.0), np.float32(1.0), np.float32(1.0))"
0.1264571841344891,0.20799755016629873,1.0,3.317682449302475,0.01566478222895363,0.026377993966418524,0.02149672387793276,BraTS20_Training_011,FLAIR,"(240, 240, 155)","(np.float32(1.0), np.float32(1.0), np.float32(1.0))"
0.18304985774596183,0.3096763753812446,1.0,3.3526019419596524,0.009295011836646463,0.027190881601014953,0.012654369155747138,BraTS20_Training_239,T1,"(240, 240, 155)","(np.float32(1.0), np.float32(1.0), np.float32(1.0))"
0.1880827702702703,0.3129690732378736,1.0,3.3467048640506256,0.019270878807001467,0.02788373403263621,0.014291228934333959,BraTS20_Training_239,T1ce,"(240, 240, 155)","(np.float32(1.0), np.float32(1.0), np.float32(1.0))"
0.14606604134139994,0.24843542693898185,1.0,3.4476114051042526,0.010483575439940374,0.02727695112429593,0.014595351144585225,BraTS20_Training_239,T2,"(240, 240, 155)","(np.float32(1.0), np.float32(1.0), np.float32(1.0))"
0.19760024487297212,0.3318585186866473,1.0,3.192666671596555,0.01581142683618892,0.03532315774663651,0.020284719928746184,BraTS20_Training_239,FLAIR,"(240, 240, 155)","(np.float32(1.0), np.float32(1.0), np.float32(1.0))"
0.22119718949970912,0.33662755653960114,1.0,3.585460796335606,0.012135462405425994,0.029886526474966636,0.016902623397660323,BraTS20_Training_104,T1,"(240, 240, 155)","(np.float32(1.0), np.float32(1.0), np.float32(1.0))"
0.14893082808462532,0.23350951254669394,1.0,3.675411340412472,0.01527745648220134,0.027897585464729816,0.01580074042158949,BraTS20_Training_104,T1ce,"(240, 240, 155)","(np.float32(1.0), np.float32(1.0), np.float32(1.0))"
0.13193724892694011,0.22936386448467955,1.0,4.0625554994800295,0.011835015389176983,0.03188334930790162,0.011873081582035316,BraTS20_Training_104,T2,"(240, 240, 155)","(np.float32(1.0), np.float32(1.0), np.float32(1.0))"
0.11948873299319729,0.21674990415478787,1.0,3.6579020744433453,0.017204723083488877,0.026337988214007128,0.018107842529579418,BraTS20_Training_104,FLAIR,"(240, 240, 155)","(np.float32(1.0), np.float32(1.0), np.float32(1.0))"
0.21485162873717087,0.3421691881233204,1.0,3.4031893067768264,0.007321096355524732,0.02829800594901758,0.016492914904034966,BraTS20_Training_082,T1,"(240, 240, 155)","(np.float32(1.0), np.float32(1.0), np.float32(1.0))"
0.22277170981661273,0.3508064854561444,1.0,3.3534702981108957,0.013088379756181857,0.02935838325930699,0.019343468242070058,BraTS20_Training_082,T1ce,"(240, 240, 155)","(np.float32(1.0), np.float32(1.0), np.float32(1.0))"
0.11898204851104707,0.20979853105950225,1.0,3.1362110353371637,0.011715317688046576,0.02558539306381522,0.017703164705867244,BraTS20_Training_082,T2,"(240, 240, 155)","(np.float32(1.0), np.float32(1.0), np.float32(1.0))"
0.17997738730723606,0.2915524384286365,1.0,3.1718906254457075,0.034512844069294404,0.04151477093335211,0.03901825378314032,BraTS20_Training_082,FLAIR,"(240, 240, 155)","(np.float32(1.0), np.float32(1.0), np.float32(1.0))"
0.2388793276972625,0.3865163518929519,1.0,2.78062875146268,0.01836310767535415,0.02291214497756961,0.010473615215295183,BraTS20_Training_183,T1,"(240, 240, 155)","(np.float32(1.0), np.float32(1.0), np.float32(1.0))"
0.18666303619302946,0.3035807923530466,1.0,2.8256376210997267,0.013793560941843738,0.0189327442694441,0.008592648036260192,BraTS20_Training_183,T1ce,"(240, 240, 155)","(np.float32(1.0), np.float32(1.0), np.float32(1.0))"
0.16008234372139848,0.2725039291157874,1.0,3.1869932840568302,0.010278401450705826,0.021680793891776497,0.008395727015705897,BraTS20_Training_183,T2,"(240, 240, 155)","(np.float32(1.0), np.float32(1.0), np.float32(1.0))"
0.13760101571767497,0.24431654104460715,1.0,2.9166179994303763,0.007811239708351098,0.02048412920834874,0.013319777752305258,BraTS20_Training_183,FLAIR,"(240, 240, 155)","(np.float32(1.0), np.float32(1.0), np.float32(1.0))"
0.20117483211233214,0.3318159675221634,1.0,2.6064288052656677,0.0029448352319231437,0.025274503671119646,0.007127895281276979,BraTS20_Training_266,T1,"(240, 240, 155)","(np.float32(1.0), np.float32(1.0), np.float32(1.0))"
0.22649830426356585,0.36593439702898184,1.0,2.475307127247476,0.007358928061715042,0.027249005329054173,0.010986074274801015,BraTS20_Training_266,T1ce,"(240, 240, 155)","(np.float32(1.0), np.float32(1.0), np.float32(1.0))"
0.1662594511911409,0.27714123588039236,1.0,3.352354433207852,0.00729733382543339,0.028317431481313358,0.007461406254014172,BraTS20_Training_266,T2,"(240, 240, 155)","(np.float32(1.0), np.float32(1.0), np.float32(1.0))"
0.21965419823232327,0.3557783265299304,1.0,2.906638615396148,0.0030737423955463734,0.022964835220388814,0.00272263960092297,BraTS20_Training_266,FLAIR,"(240, 240, 155)","(np.float32(1.0), np.float32(1.0), np.float32(1.0))"
0.2398361175610595,0.3849367346169444,1.0,2.9222970804159,0.011226103906339028,0.020514257811493495,0.0024281919180070494,BraTS20_Training_224,T1,"(240, 240, 155)","(np.float32(1.0), np.float32(1.0), np.float32(1.0))"
0.1853769041218638,0.30341859608771315,1.0,2.639365991505034,0.01558905608668632,0.027336056201419774,0.012796677258866091,BraTS20_Training_224,T1ce,"(240, 240, 155)","(np.float32(1.0), np.float32(1.0), np.float32(1.0))"
0.11652142115048118,0.2169116669908046,1.0,3.3547230016309046,0.007140477558347093,0.024629600220007472,0.009682994388079305,BraTS20_Training_224,T2,"(240, 240, 155)","(np.float32(1.0), np.float32(1.0), np.float32(1.0))"
0.11419338276246171,0.21572195760128496,1.0,3.0603052302679656,0.005517035068875195,0.01727898360802637,0.010912914035586741,BraTS20_Training_224,FLAIR,"(240, 240, 155)","(np.float32(1.0), np.float32(1.0), np.float32(1.0))"
0.21997140997504086,0.35754710311607524,1.0,3.711988294160602,0.01850150949118504,0.028763601206042287,0.01902814851558017,BraTS20_Training_297,T1,"(240, 240, 155)","(np.float32(1.0), np.float32(1.0), np.float32(1.0))"
0.21412919291556146,0.3491271286225665,1.0,3.7811573831853225,0.027427136383242613,0.03172851753580542,0.030727032100152606,BraTS20_Training_297,T1ce,"(240, 240, 155)","(np.float32(1.0), np.float32(1.0), np.float32(1.0))"
0.16810041583038446,0.2720613814912194,1.0,3.7675714651119288,0.017941749936508933,0.022203904664928623,0.010618498267756361,BraTS20_Training_297,T2,"(240, 240, 155)","(np.float32(1.0), np.float32(1.0), np.float32(1.0))"
0.2264957533972822,0.36558216204700594,1.0,3.3891306814805233,0.025949177348768462,0.029616077702869455,0.02391640024616056,BraTS20_Training_297,FLAIR,"(240, 240, 155)","(np.float32(1.0), np.float32(1.0), np.float32(1.0))"
0.26712153033276104,0.40750346751729444,1.0,3.5004511614234883,0.007345226992757579,0.01988760767409561,0.00942557780444778,BraTS20_Training_352,T1,"(240, 240, 155)","(np.float32(1.0), np.float32(1.0), np.float32(1.0))"
0.2526322142033462,0.3854458869055204,1.0,3.8758116829755656,0.01953550199463589,0.02429626892586777,0.013204792823280742,BraTS20_Training_352,T1ce,"(240, 240, 155)","(np.float32(1.0), np.float32(1.0), np.float32(1.0))"
0.16699444702649593,0.26879546020787715,1.0,3.861065116533645,0.019025565569734684,0.03001923897021147,0.012604948525512505,BraTS20_Training_352,T2,"(240, 240, 155)","(np.float32(1.0), np.float32(1.0), np.float32(1.0))"
0.19309700963718823,0.307149686170073,1.0,3.53043188574783,0.005229488761178496,0.021229298800218642,0.001522037761543893,BraTS20_Training_352,FLAIR,"(240, 240, 155)","(np.float32(1.0), np.float32(1.0), np.float32(1.0))"
0.23059124932414168,0.3585980488963997,1.0,3.392633211121044,0.01449301909044925,0.027582437594975036,0.012428146591362993,BraTS20_Training_318,T1,"(240, 240, 155)","(np.float32(1.0), np.float32(1.0), np.float32(1.0))"
0.23643496577145864,0.3663394608577878,1.0,3.378508334779887,0.022605567378939772,0.02847496570344447,0.014503801886595134,BraTS20_Training_318,T1ce,"(240, 240, 155)","(np.float32(1.0), np.float32(1.0), np.float32(1.0))"
0.09037661414667052,0.20355232419444028,1.0,3.6984912402362817,0.0015521932323143426,0.016689413554479976,0.002947031387362578,BraTS20_Training_318,T2,"(240, 240, 155)","(np.float32(1.0), np.float32(1.0), np.float32(1.0))"
0.18191794069497255,0.2880999766294178,1.0,3.446919822162666,0.011286570176949853,0.02327331352268867,0.010641927998616775,BraTS20_Training_318,FLAIR,"(240, 240, 155)","(np.float32(1.0), np.float32(1.0), np.float32(1.0))"
0.2364359441408622,0.3631295323004729,1.0,3.267370636770786,0.006079144250516754,0.02119743441043495,0.0015868981178582776,BraTS20_Training_148,T1,"(240, 240, 155)","(np.float32(1.0), np.float32(1.0), np.float32(1.0))"
0.20698863636363635,0.32092856468645553,1.0,2.6241910672027577,0.00928593064483216,0.02781515759455855,0.012911208317822451,BraTS20_Training_148,T1ce,"(240, 240, 155)","(np.float32(1.0), np.float32(1.0), np.float32(1.0))"
0.17943538600976172,0.2830128747975001,1.0,3.846313170640964,0.00857848210564588,0.030219681002292952,0.007857460416458852,BraTS20_Training_148,T2,"(240, 240, 155)","(np.float32(1.0), np.float32(1.0), np.float32(1.0))"
0.19594040247678018,0.31111088603292236,1.0,3.332740970204339,0.0058024041999614456,0.025801449593526638,0.002540736816253934,BraTS20_Training_148,FLAIR,"(240, 240, 155)","(np.float32(1.0), np.float32(1.0), np.float32(1.0))"
0.25874641656781333,0.38853842854826837,1.0,3.175862344918615,0.01755031932078987,0.0264895763174448,0.0065715298754530594,BraTS20_Training_204,T1,"(240, 240, 155)","(np.float32(1.0), np.float32(1.0), np.float32(1.0))"
0.25699004554473304,0.38531563536325475,1.0,3.2082699870729265,0.022362348628328744,0.029138972091917254,0.011423721814829582,BraTS20_Training_204,T1ce,"(240, 240, 155)","(np.float32(1.0), np.float32(1.0), np.float32(1.0))"
0.1821518907137064,0.2796266607205168,1.0,3.4321771391615323,0.01419191527122886,0.026397586456718494,0.0062867697547782505,BraTS20_Training_204,T2,"(240, 240, 155)","(np.float32(1.0), np.float32(1.0), np.float32(1.0))"
0.2346266770597128,0.3569885684924182,1.0,2.9548780372757335,0.03501814926650932,0.042701654302095146,0.027949917402834503,BraTS20_Training_204,FLAIR,"(240, 240, 155)","(np.float32(1.0), np.float32(1.0), np.float32(1.0))"
0.22171878840953788,0.3442337936853722,1.0,3.3955318158347025,0.010586901477427971,0.027826112611751674,0.016173383045745247,BraTS20_Training_093,T1,"(240, 240, 155)","(np.float32(1.0), np.float32(1.0), np.float32(1.0))"
0.19825187534035824,0.30742375833122937,1.0,3.4212739074222127,0.02133864659599125,0.03024452746866314,0.02039261820101389,BraTS20_Training_093,T1ce,"(240, 240, 155)","(np.float32(1.0), np.float32(1.0), np.float32(1.0))"
0.13158072288291395,0.22933750456130012,1.0,3.6827053492811395,0.01291779200518168,0.029843002982767746,0.01145543234249195,BraTS20_Training_093,T2,"(240, 240, 155)","(np.float32(1.0), np.float32(1.0), np.float32(1.0))"
0.1266971271174275,0.22072336877829407,1.0,3.2396596166625127,0.014999895208992219,0.024236281118259827,0.01933265159857661,BraTS20_Training_093,FLAIR,"(240, 240, 155)","(np.float32(1.0), np.float32(1.0), np.float32(1.0))"
0.2384088392001916,0.3531786896748101,1.0,3.5556009127757795,0.008928024285944313,0.027734664985449756,0.014799085668541982,BraTS20_Training_070,T1,"(240, 240, 155)","(np.float32(1.0), np.float32(1.0), np.float32(1.0))"
0.24629808752204585,0.3607408014675799,1.0,3.4998790540019917,0.01907555569006152,0.029567164430491535,0.019107661789993475,BraTS20_Training_070,T1ce,"(240, 240, 155)","(np.float32(1.0), np.float32(1.0), np.float32(1.0))"
0.16755259208384207,0.2566246063731041,1.0,3.2569760251952604,0.015926204527395002,0.027729925215695787,0.019886304195177524,BraTS20_Training_070,T2,"(240, 240, 155)","(np.float32(1.0), np.float32(1.0), np.float32(1.0))"
0.22984978180597515,0.3394318806448514,1.0,3.3443303555952046,0.026199560696273716,0.034721461036771095,0.02799869741336296,BraTS20_Training_070,FLAIR,"(240, 240, 155)","(np.float32(1.0), np.float32(1.0), np.float32(1.0))"
0.2211857998793463,0.3476709674694507,1.0,4.203063917246311,0.009417829018374936,0.0294593713777356,0.009785945079340636,BraTS20_Training_351,T1,"(240, 240, 155)","(np.float32(1.0), np.float32(1.0), np.float32(1.0))"
0.2226575744755458,0.3467185148841352,1.0,4.24630368625926,0.02264797133751201,0.028993039752492622,0.011565223451023857,BraTS20_Training_351,T1ce,"(240, 240, 155)","(np.float32(1.0), np.float32(1.0), np.float32(1.0))"
0.1509912773089457,0.25234564880032656,1.0,4.523102202140527,0.01919671477969512,0.032547385857988886,0.007507668041656142,BraTS20_Training_351,T2,"(240, 240, 155)","(np.float32(1.0), np.float32(1.0), np.float32(1.0))"
0.20831076529237405,0.32536378026260926,1.0,3.8061203163018904,0.013007012941780359,0.027610687238895138,0.010280800393427166,BraTS20_Training_351,FLAIR,"(240, 240, 155)","(np.float32(1.0), np.float32(1.0), np.float32(1.0))"
0.19324568276794493,0.3307548674538628,1.0,3.0518588900649295,0.015516309335597934,0.02968455496495106,0.019011526941082463,BraTS20_Training_097,T1,"(240, 240, 155)","(np.float32(1.0), np.float32(1.0), np.float32(1.0))"
0.1557707870727024,0.26907690477151675,1.0,3.1290578556099757,0.015139070891475637,0.0274734238843039,0.018565358361923995,BraTS20_Training_097,T1ce,"(240, 240, 155)","(np.float32(1.0), np.float32(1.0), np.float32(1.0))"
0.1272260584677419,0.23512363312849088,1.0,3.395830519525964,0.014693814110554688,0.0310355516488001,0.013980156153159588,BraTS20_Training_097,T2,"(240, 240, 155)","(np.float32(1.0), np.float32(1.0), np.float32(1.0))"
0.11407776063100136,0.21604891717361102,1.0,2.9967575990422617,0.022420733628003862,0.026657222348406846,0.023523807237398792,BraTS20_Training_097,FLAIR,"(240, 240, 155)","(np.float32(1.0), np.float32(1.0), np.float32(1.0))"
0.2549568723102503,0.37528782006360445,1.0,3.6778951155096613,0.009160214044315778,0.0245971436751531,0.008658050575579996,BraTS20_Training_144,T1,"(240, 240, 155)","(np.float32(1.0), np.float32(1.0), np.float32(1.0))"
0.18267821955250446,0.27665960025282166,1.0,3.9999356125922754,0.0069770338023966,0.024051820045181766,0.010936646915509973,BraTS20_Training_144,T1ce,"(240, 240, 155)","(np.float32(1.0), np.float32(1.0), np.float32(1.0))"
0.17198615791444347,0.27194336974445693,1.0,4.085677270681171,0.006302850775401493,0.025240491150020448,0.0075618580486512335,BraTS20_Training_144,T2,"(240, 240, 155)","(np.float32(1.0), np.float32(1.0), np.float32(1.0))"
0.19414771670386904,0.2924498295720482,1.0,3.881816840174036,0.004441608723058723,0.022804707045877073,0.0030951186178218067,BraTS20_Training_144,FLAIR,"(240, 240, 155)","(np.float32(1.0), np.float32(1.0), np.float32(1.0))"
0.24096448010510513,0.39027710308212876,1.0,2.9589850874121066,0.021236480180912894,0.023133011234525047,0.010613713547809113,BraTS20_Training_282,T1,"(240, 240, 155)","(np.float32(1.0), np.float32(1.0), np.float32(1.0))"
0.24342766203703706,0.391349284987311,1.0,2.8104265588191466,0.01666897159728599,0.01956971898681006,0.001739854039413615,BraTS20_Training_282,T1ce,"(240, 240, 155)","(np.float32(1.0), np.float32(1.0), np.float32(1.0))"
0.16019618910782704,0.26868911006263607,1.0,3.1352749653570235,0.009761725384212785,0.019574861905187566,0.0069256056890278596,BraTS20_Training_282,T2,"(240, 240, 155)","(np.float32(1.0), np.float32(1.0), np.float32(1.0))"
0.14353435061315495,0.24629091575278642,1.0,2.866767333282691,0.01178645543984718,0.02321530819081263,0.016850675104575153,BraTS20_Training_282,FLAIR,"(240, 240, 155)","(np.float32(1.0), np.float32(1.0), np.float32(1.0))"
0.22142785904255316,0.3440327865993272,1.0,3.349764835697048,0.009663356030883757,0.027312148915509853,0.01914471582830906,BraTS20_Training_098,T1,"(240, 240, 155)","(np.float32(1.0), np.float32(1.0), np.float32(1.0))"
0.20502134947447448,0.3180430290710331,1.0,3.406612038466445,0.02165345313245044,0.03493027566212155,0.028295648061042865,BraTS20_Training_098,T1ce,"(240, 240, 155)","(np.float32(1.0), np.float32(1.0), np.float32(1.0))"
0.1525833889524536,0.25093399557581897,1.0,3.5908956977253155,0.010183626461915575,0.028364375726963015,0.012902114153620404,BraTS20_Training_098,T2,"(240, 240, 155)","(np.float32(1.0), np.float32(1.0), np.float32(1.0))"
0.13281556964573268,0.2216896721769149,1.0,3.155420223847532,0.01213436340404677,0.02478154728066905,0.02119395055773772,BraTS20_Training_098,FLAIR,"(240, 240, 155)","(np.float32(1.0), np.float32(1.0), np.float32(1.0))"
0.2729844768979943,0.39999153748873717,1.0,3.7255447640333426,0.0061196041223211635,0.021203837908250426,0.006175140295836785,BraTS20_Training_324,T1,"(240, 240, 155)","(np.float32(1.0), np.float32(1.0), np.float32(1.0))"
0.2497553927389177,0.3689949385560203,1.0,4.0845855225063765,0.00950492445989415,0.023075762671225127,0.0067898105192464135,BraTS20_Training_324,T1ce,"(240, 240, 155)","(np.float32(1.0), np.float32(1.0), np.float32(1.0))"
0.1615019563121199,0.25254003504820843,1.0,4.268238754746205,0.010891474088171453,0.028738655634744373,0.009455538314401312,BraTS20_Training_324,T2,"(240, 240, 155)","(np.float32(1.0), np.float32(1.0), np.float32(1.0))"
0.18642818106437511,0.28217811106179946,1.0,3.6533090764925413,0.005690927787770575,0.02257082790045256,0.008988449589261675,BraTS20_Training_324,FLAIR,"(240, 240, 155)","(np.float32(1.0), np.float32(1.0), np.float32(1.0))"
0.22894426424927922,0.3622875750457525,1.0,3.239703125100449,0.017866292946376042,0.028208387196531567,0.015537902136044775,BraTS20_Training_069,T1,"(240, 240, 155)","(np.float32(1.0), np.float32(1.0), np.float32(1.0))"
0.22085713584609343,0.347727819514443,1.0,3.2131778079191577,0.028964574220207796,0.028083771749135556,0.0188624771729648,BraTS20_Training_069,T1ce,"(240, 240, 155)","(np.float32(1.0), np.float32(1.0), np.float32(1.0))"
0.13812229275157809,0.229286766919174,1.0,2.990490970864142,0.012053714857222002,0.024128392606942824,0.017529637957959317,BraTS20_Training_069,T2,"(240, 240, 155)","(np.float32(1.0), np.float32(1.0), np.float32(1.0))"
0.17429595068158435,0.28348415117307163,1.0,3.2109372281683393,0.019441870753493656,0.030025364071847502,0.02219272375438247,BraTS20_Training_069,FLAIR,"(240, 240, 155)","(np.float32(1.0), np.float32(1.0), np.float32(1.0))"
0.2115922930203859,0.3268278056204097,1.0,3.5304001185447396,0.005917513364048224,0.023214742177828047,0.01343629435314652,BraTS20_Training_024,T1,"(240, 240, 155)","(np.float32(1.0), np.float32(1.0), np.float32(1.0))"
0.20384178363961725,0.3129195887705571,1.0,3.5252789914153677,0.014649235262931723,0.026085091314042567,0.015546146905226602,BraTS20_Training_024,T1ce,"(240, 240, 155)","(np.float32(1.0), np.float32(1.0), np.float32(1.0))"
0.1606872689239152,0.2587050939777235,1.0,3.7682993769291726,0.012238802288072836,0.027283663347269366,0.011790678114016788,BraTS20_Training_024,T2,"(240, 240, 155)","(np.float32(1.0), np.float32(1.0), np.float32(1.0))"
0.14549847382171038,0.2362163549541057,1.0,3.4097096329359875,0.014107593695417338,0.025691275888524146,0.022124631203558884,BraTS20_Training_024,FLAIR,"(240, 240, 155)","(np.float32(1.0), np.float32(1.0), np.float32(1.0))"
0.2026867701698514,0.32997856161313144,1.0,3.2970733606170137,0.012808191202007043,0.031123211025655892,0.021035608923497776,BraTS20_Training_038,T1,"(240, 240, 155)","(np.float32(1.0), np.float32(1.0), np.float32(1.0))"
0.16805986952708973,0.27522914893500167,1.0,3.371037264366917,0.02824723863219156,0.0338161403394522,0.02500062705675209,BraTS20_Training_038,T1ce,"(240, 240, 155)","(np.float32(1.0), np.float32(1.0), np.float32(1.0))"
0.12553255627009646,0.2319646239927668,1.0,3.657841354037349,0.01448296834182425,0.034556743297733616,0.011994225984630017,BraTS20_Training_038,T2,"(240, 240, 155)","(np.float32(1.0), np.float32(1.0), np.float32(1.0))"
0.11505374430523918,0.21011334685462504,1.0,3.193058012620484,0.011101654255230216,0.02562235939820832,0.0198401147575429,BraTS20_Training_038,FLAIR,"(240, 240, 155)","(np.float32(1.0), np.float32(1.0), np.float32(1.0))"
0.2266133390216155,0.35427895911867957,1.0,3.2102505640406207,0.005738179989154082,0.024305782837694197,0.00253003791553853,BraTS20_Training_145,T1,"(240, 240, 155)","(np.float32(1.0), np.float32(1.0), np.float32(1.0))"
0.22132906626506024,0.35322925131328026,1.0,2.713238286137857,0.009558263173174627,0.036480968798546475,0.012280590665332521,BraTS20_Training_145,T1ce,"(240, 240, 155)","(np.float32(1.0), np.float32(1.0), np.float32(1.0))"
0.17227558502753068,0.2839225971406057,1.0,3.6786515182690627,0.010730072382358317,0.03150644213083123,0.007096044725022384,BraTS20_Training_145,T2,"(240, 240, 155)","(np.float32(1.0), np.float32(1.0), np.float32(1.0))"
0.16799476183657883,0.27923770553119776,1.0,3.3123905058457526,0.0024325224961915894,0.024669957572302108,0.0022914586655088305,BraTS20_Training_145,FLAIR,"(240, 240, 155)","(np.float32(1.0), np.float32(1.0), np.float32(1.0))"
0.22602111345632686,0.35020483577881634,1.0,3.455354994487225,0.011404851462824052,0.02911624247656967,0.01791702535744624,BraTS20_Training_123,T1,"(240, 240, 155)","(np.float32(1.0), np.float32(1.0), np.float32(1.0))"
0.17999407289455058,0.27991390926631043,1.0,3.4960779358036627,0.019501368998516955,0.027867394422160827,0.018643756697804173,BraTS20_Training_123,T1ce,"(240, 240, 155)","(np.float32(1.0), np.float32(1.0), np.float32(1.0))"
0.14531794284074417,0.24654068903526197,1.0,3.8417545079385245,0.012955273944323933,0.031731568887944255,0.012229352776302436,BraTS20_Training_123,T2,"(240, 240, 155)","(np.float32(1.0), np.float32(1.0), np.float32(1.0))"
0.1300013029325035,0.22732997561813859,1.0,3.458027407722349,0.014252478254647812,0.026298565459517677,0.0191179518948762,BraTS20_Training_123,FLAIR,"(240, 240, 155)","(np.float32(1.0), np.float32(1.0), np.float32(1.0))"
0.21758906283195245,0.3369500447298278,1.0,3.491816588086296,0.014155884116086006,0.03081095665123124,0.017605988084580197,BraTS20_Training_068,T1,"(240, 240, 155)","(np.float32(1.0), np.float32(1.0), np.float32(1.0))"
0.21780570252792475,0.33501301901167313,1.0,3.477737897820066,0.029064091552639955,0.03278317319969318,0.02192100179820586,BraTS20_Training_068,T1ce,"(240, 240, 155)","(np.float32(1.0), np.float32(1.0), np.float32(1.0))"
0.14170038416748876,0.2368656076933157,1.0,3.3068546590987817,0.01458597091179964,0.028734948136120007,0.01887039445049415,BraTS20_Training_068,T2,"(240, 240, 155)","(np.float32(1.0), np.float32(1.0), np.float32(1.0))"
0.14713337625329068,0.2425765870928195,1.0,3.423100062820896,0.011793837346730833,0.024760996979095923,0.01835351180280088,BraTS20_Training_068,FLAIR,"(240, 240, 155)","(np.float32(1.0), np.float32(1.0), np.float32(1.0))"
0.2448188799420586,0.3776780971280662,1.0,3.143832563143035,0.01421674493509562,0.023432110776940816,0.009617918174057771,BraTS20_Training_166,T1,"(240, 240, 155)","(np.float32(1.0), np.float32(1.0), np.float32(1.0))"
0.19160768686432544,0.29605914697306135,1.0,3.2207457953028693,0.01170257418875111,0.019359246704304237,0.011441668695795047,BraTS20_Training_166,T1ce,"(240, 240, 155)","(np.float32(1.0), np.float32(1.0), np.float32(1.0))"
0.1519540375112309,0.2534437488784963,1.0,3.5323282449088516,0.009143718481815416,0.02273277175517705,0.010760209318125564,BraTS20_Training_166,T2,"(240, 240, 155)","(np.float32(1.0), np.float32(1.0), np.float32(1.0))"
0.15503362407965196,0.257716986490475,1.0,3.2388477735795362,0.007986987168049709,0.023448499746939605,0.01475710210326229,BraTS20_Training_166,FLAIR,"(240, 240, 155)","(np.float32(1.0), np.float32(1.0), np.float32(1.0))"
0.22570442076260197,0.3447857245312685,1.0,4.10475397316186,0.006140290038908064,0.025607029861205194,0.0005541330476846601,BraTS20_Training_353,T1,"(240, 240, 155)","(np.float32(1.0), np.float32(1.0), np.float32(1.0))"
0.2520752607265262,0.3758969855441122,1.0,4.600054197557172,0.02339259089356867,0.02929593649697028,0.01282420509950512,BraTS20_Training_353,T1ce,"(240, 240, 155)","(np.float32(1.0), np.float32(1.0), np.float32(1.0))"
0.1613877306009116,0.2554428757569139,1.0,4.345525250566356,0.012884706661153593,0.029580814327936775,0.007303594408328682,BraTS20_Training_353,T2,"(240, 240, 155)","(np.float32(1.0), np.float32(1.0), np.float32(1.0))"
0.2463802711853044,0.3705531804312526,1.0,3.854578854163248,0.012706792030184443,0.031892183807508995,0.011342526517980664,BraTS20_Training_353,FLAIR,"(240, 240, 155)","(np.float32(1.0), np.float32(1.0), np.float32(1.0))"
0.16266080539358602,0.2920797341590173,1.0,3.4469994392451864,0.006643090844730228,0.026254070925302367,0.013145736259029673,BraTS20_Training_295,T1,"(240, 240, 155)","(np.float32(1.0), np.float32(1.0), np.float32(1.0))"
0.16582556652046784,0.29281994102688064,1.0,3.4249644056534723,0.015542346585630338,0.02989893290915591,0.021619020313510214,BraTS20_Training_295,T1ce,"(240, 240, 155)","(np.float32(1.0), np.float32(1.0), np.float32(1.0))"
0.11687089793371909,0.2119254153109354,1.0,3.474817272577184,0.009538652608297685,0.024145307755403737,0.011558999794338333,BraTS20_Training_295,T2,"(240, 240, 155)","(np.float32(1.0), np.float32(1.0), np.float32(1.0))"
0.19425704138166722,0.33494202387289845,1.0,3.1667644794087466,0.012883624119781015,0.030169473277318514,0.015524901112405941,BraTS20_Training_295,FLAIR,"(240, 240, 155)","(np.float32(1.0), np.float32(1.0), np.float32(1.0))"
0.2240499906472129,0.3635365847878731,1.0,2.939398557744711,0.01695098194817611,0.024077039335065505,0.009961453060207159,BraTS20_Training_174,T1,"(240, 240, 155)","(np.float32(1.0), np.float32(1.0), np.float32(1.0))"
0.2301868662524993,0.36926321460404815,1.0,2.9296724867221013,0.022920599164102214,0.02259173098127773,0.0158766676503981,BraTS20_Training_174,T1ce,"(240, 240, 155)","(np.float32(1.0), np.float32(1.0), np.float32(1.0))"
0.15793146630236796,0.2672338633592758,1.0,3.1604295540760066,0.012769721844299621,0.02713410761437025,0.015800163909278325,BraTS20_Training_174,T2,"(240, 240, 155)","(np.float32(1.0), np.float32(1.0), np.float32(1.0))"
0.1494347426470588,0.2533852504836519,1.0,2.8505889262633386,0.011716396730260734,0.024014995029176454,0.01861563853407993,BraTS20_Training_174,FLAIR,"(240, 240, 155)","(np.float32(1.0), np.float32(1.0), np.float32(1.0))"
0.21313422002510984,0.34566741155692987,1.0,3.2471238224427936,0.006925275003556441,0.02715856734028672,0.016062486840175465,BraTS20_Training_126,T1,"(240, 240, 155)","(np.float32(1.0), np.float32(1.0), np.float32(1.0))"
0.16464924194024108,0.2676604862550337,1.0,3.2388691301515657,0.018103939662668565,0.026726213635181427,0.018310831459455217,BraTS20_Training_126,T1ce,"(240, 240, 155)","(np.float32(1.0), np.float32(1.0), np.float32(1.0))"
0.1336694359236537,0.23204372982737498,1.0,3.394161674045596,0.012345149213159864,0.03074193761238091,0.013422669040231107,BraTS20_Training_126,T2,"(240, 240, 155)","(np.float32(1.0), np.float32(1.0), np.float32(1.0))"
0.15923650271512113,0.26702797225840513,1.0,2.985245398890503,0.023100599831345284,0.03270626392737042,0.03079777447239555,BraTS20_Training_126,FLAIR,"(240, 240, 155)","(np.float32(1.0), np.float32(1.0), np.float32(1.0))"
0.21826738078375826,0.35036474752801927,1.0,3.121623314770333,0.004537924628237126,0.018109322474807288,0.0020296663740970054,BraTS20_Training_147,T1,"(240, 240, 155)","(np.float32(1.0), np.float32(1.0), np.float32(1.0))"
0.20876133294753085,0.3372883689293204,1.0,2.5632210948520084,0.005656714838391633,0.025270886635769072,0.00935371319156634,BraTS20_Training_147,T1ce,"(240, 240, 155)","(np.float32(1.0), np.float32(1.0), np.float32(1.0))"
0.1799911043662592,0.2940335133390374,1.0,3.6520290709746646,0.0044159921541933635,0.024630973178951972,0.00668955588454837,BraTS20_Training_147,T2,"(240, 240, 155)","(np.float32(1.0), np.float32(1.0), np.float32(1.0))"
0.21429769870235196,0.3440309654723113,1.0,3.056416402524674,0.0038683051174809523,0.020765646074215917,0.0020954446460090775,BraTS20_Training_147,FLAIR,"(240, 240, 155)","(np.float32(1.0), np.float32(1.0), np.float32(1.0))"
0.2118073328799868,0.34544199925027813,1.0,3.536418382995591,0.01802669316120596,0.03662905526651763,0.027445915219485126,BraTS20_Training_211,T1,"(240, 240, 155)","(np.float32(1.0), np.float32(1.0), np.float32(1.0))"
0.2152062208087512,0.3476881384713117,1.0,3.6267075499103862,0.025982612512073518,0.03722096941024475,0.03473966758987381,BraTS20_Training_211,T1ce,"(240, 240, 155)","(np.float32(1.0), np.float32(1.0), np.float32(1.0))"
0.14094164989051353,0.23569553977159022,1.0,3.717668628775506,0.0207541052740404,0.02951997391837175,0.014188534643295413,BraTS20_Training_211,T2,"(240, 240, 155)","(np.float32(1.0), np.float32(1.0), np.float32(1.0))"
0.22138809794988612,0.3548673553935699,1.0,3.219537763395091,0.04136278718112366,0.037793674698726035,0.03465485140986138,BraTS20_Training_211,FLAIR,"(240, 240, 155)","(np.float32(1.0), np.float32(1.0), np.float32(1.0))"
0.2029098928998123,0.3260833636001244,1.0,3.5663196101708845,0.015285115226381145,0.03311072642396752,0.02587703007569157,BraTS20_Training_087,T1,"(240, 240, 155)","(np.float32(1.0), np.float32(1.0), np.float32(1.0))"
0.2063888142709328,0.32556907781621225,1.0,3.518908877750504,0.040368224789364984,0.036446059121480336,0.029654463387381653,BraTS20_Training_087,T1ce,"(240, 240, 155)","(np.float32(1.0), np.float32(1.0), np.float32(1.0))"
0.13613553804272435,0.23235122004836356,1.0,3.7833928659819898,0.01640181617233469,0.03112803282883282,0.012690572528672395,BraTS20_Training_087,T2,"(240, 240, 155)","(np.float32(1.0), np.float32(1.0), np.float32(1.0))"
0.20716042831240375,0.33591204124617496,1.0,3.572816247157382,0.01884112598881882,0.03903375546172771,0.023287641036971996,BraTS20_Training_087,FLAIR,"(240, 240, 155)","(np.float32(1.0), np.float32(1.0), np.float32(1.0))"
0.23973322432170543,0.37728949386749044,1.0,3.1525734248622035,0.013112002901134413,0.019622478440115294,0.006225972698286565,BraTS20_Training_312,T1,"(240, 240, 155)","(np.float32(1.0), np.float32(1.0), np.float32(1.0))"
0.24141925407550408,0.3792323204449483,1.0,3.126011381602332,0.015549398250291106,0.018900283686018513,0.006839155809039654,BraTS20_Training_312,T1ce,"(240, 240, 155)","(np.float32(1.0), np.float32(1.0), np.float32(1.0))"
0.1588574144935752,0.26297973926154744,1.0,3.3250122190504636,0.0100895957452856,0.01831828726967104,0.006565219500426756,BraTS20_Training_312,T2,"(240, 240, 155)","(np.float32(1.0), np.float32(1.0), np.float32(1.0))"
0.19124306172291297,0.3074028931229934,1.0,3.201916252663124,0.008287429681171063,0.017492930806438156,0.007260300318982171,BraTS20_Training_312,FLAIR,"(240, 240, 155)","(np.float32(1.0), np.float32(1.0), np.float32(1.0))"
0.19089818968642377,0.31230438102504504,1.0,3.6596367656100455,0.007411504530265491,0.02806017753539868,0.013043390598672771,BraTS20_Training_182,T1,"(240, 240, 155)","(np.float32(1.0), np.float32(1.0), np.float32(1.0))"
0.17904021093891603,0.29891599027509175,1.0,3.6693636520158015,0.01716746913218848,0.03481145866167905,0.02237922204049795,BraTS20_Training_182,T1ce,"(240, 240, 155)","(np.float32(1.0), np.float32(1.0), np.float32(1.0))"
0.12351089771145503,0.20841122163563539,1.0,3.684713252333942,0.007586385832117353,0.02093776323602323,0.008506199383417005,BraTS20_Training_182,T2,"(240, 240, 155)","(np.float32(1.0), np.float32(1.0), np.float32(1.0))"
0.20368227702364083,0.32758786214952695,1.0,3.416601757113056,0.01272016521610537,0.028708736051553368,0.013986737543321309,BraTS20_Training_182,FLAIR,"(240, 240, 155)","(np.float32(1.0), np.float32(1.0), np.float32(1.0))"
0.24979707021341235,0.3835570638316751,1.0,4.672144489310885,0.011977428445420225,0.023570311080075013,0.00566875971924598,BraTS20_Training_313,T1,"(240, 240, 155)","(np.float32(1.0), np.float32(1.0), np.float32(1.0))"
0.2606468685337039,0.3940484973931799,1.0,4.6015078092495285,0.00939125201741807,0.019406737212521626,0.0006491251573246606,BraTS20_Training_313,T1ce,"(240, 240, 155)","(np.float32(1.0), np.float32(1.0), np.float32(1.0))"
0.1647944345728817,0.2668003605989122,1.0,4.881674539501165,0.004823550737563773,0.0218630310159109,0.004579194338245937,BraTS20_Training_313,T2,"(240, 240, 155)","(np.float32(1.0), np.float32(1.0), np.float32(1.0))"
0.17642045641363302,0.28035280949620217,1.0,4.879100754735514,0.005068710062884851,0.01958874145876716,0.004209184472326321,BraTS20_Training_313,FLAIR,"(240, 240, 155)","(np.float32(1.0), np.float32(1.0), np.float32(1.0))"
0.254065430378627,0.3886771815316001,1.0,3.0937667606211146,0.015307119950212089,0.024508525969800587,0.009432732477536173,BraTS20_Training_178,T1,"(240, 240, 155)","(np.float32(1.0), np.float32(1.0), np.float32(1.0))"
0.22962278512018844,0.34933775008954326,1.0,3.0880428672278177,0.019301706099730316,0.021314465447967276,0.013379584707325752,BraTS20_Training_178,T1ce,"(240, 240, 155)","(np.float32(1.0), np.float32(1.0), np.float32(1.0))"
0.14894483862438054,0.2447737375200703,1.0,3.4358735937658813,0.016730293675529133,0.02672100512869223,0.013100245985916713,BraTS20_Training_178,T2,"(240, 240, 155)","(np.float32(1.0), np.float32(1.0), np.float32(1.0))"
0.1380343364197531,0.2269241394303809,1.0,3.0714607920051407,0.009329826921388262,0.02187645670487786,0.015794339688123188,BraTS20_Training_178,FLAIR,"(240, 240, 155)","(np.float32(1.0), np.float32(1.0), np.float32(1.0))"
0.2354473276713786,0.37728308647483194,1.0,3.1905771659859448,0.010337861028301924,0.018766362235479728,0.010552076059115092,BraTS20_Training_281,T1,"(240, 240, 155)","(np.float32(1.0), np.float32(1.0), np.float32(1.0))"
0.2414431956302621,0.38515998450477196,1.0,3.215243982199647,0.014950645640993904,0.017632756991102644,0.011081711237466072,BraTS20_Training_281,T1ce,"(240, 240, 155)","(np.float32(1.0), np.float32(1.0), np.float32(1.0))"
0.16193570075757577,0.2716721419620063,1.0,3.485407406323007,0.014622092803030303,0.022604104596640192,0.018333375619392033,BraTS20_Training_281,T2,"(240, 240, 155)","(np.float32(1.0), np.float32(1.0), np.float32(1.0))"
0.17527184221916692,0.289204537769387,1.0,3.432509078237963,0.008919291432023194,0.020528291587231656,0.012485250121466713,BraTS20_Training_281,FLAIR,"(240, 240, 155)","(np.float32(1.0), np.float32(1.0), np.float32(1.0))"
0.2331613428360651,0.35126728606659885,1.0,4.600799581177927,0.007772072226483344,0.03166626590645138,0.00977844260460181,BraTS20_Training_364,T1,"(240, 240, 155)","(np.float32(1.0), np.float32(1.0), np.float32(1.0))"
0.23212522234642682,0.3458063949988411,1.0,4.641829950604609,0.020957843710673937,0.030706486013939348,0.011300425274171017,BraTS20_Training_364,T1ce,"(240, 240, 155)","(np.float32(1.0), np.float32(1.0), np.float32(1.0))"
0.16604599210226348,0.26055237466692754,1.0,4.57123038775146,0.009343399265870614,0.030980420503325494,0.006622355837252399,BraTS20_Training_364,T2,"(240, 240, 155)","(np.float32(1.0), np.float32(1.0), np.float32(1.0))"
0.2285198047999645,0.33353675955386425,1.0,3.975990594516648,0.007707150865839426,0.02527846924404068,0.00816977583982704,BraTS20_Training_364,FLAIR,"(240, 240, 155)","(np.float32(1.0), np.float32(1.0), np.float32(1.0))"
0.23328266460905348,0.3736717747169448,1.0,3.3678753197686397,0.005227592761943471,0.0208368429731976,0.006068533874627318,BraTS20_Training_263,T1,"(240, 240, 155)","(np.float32(1.0), np.float32(1.0), np.float32(1.0))"
0.20147787975912976,0.33096801589983416,1.0,3.371761037419661,0.011761826232843496,0.02694606871870482,0.015932474923061612,BraTS20_Training_263,T1ce,"(240, 240, 155)","(np.float32(1.0), np.float32(1.0), np.float32(1.0))"
0.158031487144637,0.2607472992106881,1.0,3.410791155085049,0.007987725485666099,0.022658578226656907,0.009165508217304297,BraTS20_Training_263,T2,"(240, 240, 155)","(np.float32(1.0), np.float32(1.0), np.float32(1.0))"
0.22222590579710141,0.3648162624552036,1.0,3.2645728336421582,0.006761091787439613,0.02881996571020468,0.004015690037607281,BraTS20_Training_263,FLAIR,"(240, 240, 155)","(np.float32(1.0), np.float32(1.0), np.float32(1.0))"
0.2482731944444444,0.37572740462603704,1.0,3.1851502081474177,0.012956326666666665,0.024887367054783515,0.010867662580181847,BraTS20_Training_291,T1,"(240, 240, 155)","(np.float32(1.0), np.float32(1.0), np.float32(1.0))"
0.2495738444669366,0.3756853143707591,1.0,3.155975658235239,0.017875821144785562,0.025795232559948804,0.011830767436225737,BraTS20_Training_291,T1ce,"(240, 240, 155)","(np.float32(1.0), np.float32(1.0), np.float32(1.0))"
0.15579740282865281,0.25680857392219647,1.0,3.5034805871790033,0.005967940937606687,0.02099135362779221,0.007742991175480785,BraTS20_Training_291,T2,"(240, 240, 155)","(np.float32(1.0), np.float32(1.0), np.float32(1.0))"
0.14747888287927352,0.24086460969556964,1.0,3.0905005524673737,0.008935204179250904,0.023243488415236987,0.016717711884741627,BraTS20_Training_291,FLAIR,"(240, 240, 155)","(np.float32(1.0), np.float32(1.0), np.float32(1.0))"
0.2557947282919166,0.38319219066744015,1.0,3.4412511741922622,0.00462450087709057,0.022774106432456354,0.0063677695746313994,BraTS20_Training_262,T1,"(240, 240, 155)","(np.float32(1.0), np.float32(1.0), np.float32(1.0))"
0.25400676169590647,0.37786283959032535,1.0,3.478727298850333,0.011819390334440552,0.031483655747535755,0.01649310835983105,BraTS20_Training_262,T1ce,"(240, 240, 155)","(np.float32(1.0), np.float32(1.0), np.float32(1.0))"
0.1949565972222222,0.29706309603027103,1.0,3.653743099745335,0.005329106516455818,0.02507424720941307,0.007413668431776229,BraTS20_Training_262,T2,"(240, 240, 155)","(np.float32(1.0), np.float32(1.0), np.float32(1.0))"
0.20248505116959065,0.3112052599078415,1.0,3.5623338295067453,0.005722427054478301,0.02584532161326167,0.01098320895884525,BraTS20_Training_262,FLAIR,"(240, 240, 155)","(np.float32(1.0), np.float32(1.0), np.float32(1.0))"
0.25474003382124644,0.3878546313332629,1.0,3.3733607800988326,0.007550034522881494,0.022522954091293734,0.005016795143044737,BraTS20_Training_130,T1,"(240, 240, 155)","(np.float32(1.0), np.float32(1.0), np.float32(1.0))"
0.2340995236951649,0.3606475867926709,1.0,3.587278903744418,0.009096711016087762,0.029467422074647167,0.009863850342436939,BraTS20_Training_130,T1ce,"(240, 240, 155)","(np.float32(1.0), np.float32(1.0), np.float32(1.0))"
0.1516015800719748,0.2511019180119104,1.0,3.7583036340495286,0.006837204638580191,0.02369500132878449,0.0070157104232571495,BraTS20_Training_130,T2,"(240, 240, 155)","(np.float32(1.0), np.float32(1.0), np.float32(1.0))"
0.16006526323443865,0.2607662335705778,1.0,3.6136932030479865,0.004291876143574737,0.021458925513713648,0.0014792246923377352,BraTS20_Training_130,FLAIR,"(240, 240, 155)","(np.float32(1.0), np.float32(1.0), np.float32(1.0))"
0.21284098657766293,0.3600885118642721,1.0,2.8477460657208886,0.012411761566516138,0.02423623434231273,0.014406357546458989,BraTS20_Training_039,T1,"(240, 240, 155)","(np.float32(1.0), np.float32(1.0), np.float32(1.0))"
0.17823416902071562,0.30098593161053794,1.0,2.8462686458844035,0.019752821533829148,0.022975878569238935,0.015799049411463532,BraTS20_Training_039,T1ce,"(240, 240, 155)","(np.float32(1.0), np.float32(1.0), np.float32(1.0))"
0.1241980314574215,0.22534302414180477,1.0,3.230721374029876,0.013631185848180672,0.025963467829932026,0.013309063075532951,BraTS20_Training_039,T2,"(240, 240, 155)","(np.float32(1.0), np.float32(1.0), np.float32(1.0))"
0.14019935136959877,0.246091026324352,1.0,2.9482535466823925,0.00965747555914566,0.020953506841521204,0.014998293393975935,BraTS20_Training_039,FLAIR,"(240, 240, 155)","(np.float32(1.0), np.float32(1.0), np.float32(1.0))"
0.23450130969785576,0.3515490115686553,1.0,3.6143221628580564,0.013111877479395368,0.029772552038854313,0.015064135612700978,BraTS20_Training_012,T1,"(240, 240, 155)","(np.float32(1.0), np.float32(1.0), np.float32(1.0))"
0.23581244399641577,0.3504576514957235,1.0,3.579865560679337,0.025973754010579258,0.032506543725624774,0.019311613215340247,BraTS20_Training_012,T1ce,"(240, 240, 155)","(np.float32(1.0), np.float32(1.0), np.float32(1.0))"
0.1388450599641336,0.2266267311351035,1.0,3.9406311323321996,0.019308480840149866,0.032439090260594904,0.011399799134290017,BraTS20_Training_012,T2,"(240, 240, 155)","(np.float32(1.0), np.float32(1.0), np.float32(1.0))"
0.16326344936708861,0.25353099998357453,1.0,3.405034752476589,0.02904553201053962,0.034518208996061756,0.028825269447657283,BraTS20_Training_012,FLAIR,"(240, 240, 155)","(np.float32(1.0), np.float32(1.0), np.float32(1.0))"
0.20242791718782574,0.35790943895958244,1.0,2.7524548367882207,0.014771304307609392,0.019213159785306588,0.00887888827320133,BraTS20_Training_246,T1,"(240, 240, 155)","(np.float32(1.0), np.float32(1.0), np.float32(1.0))"
0.19357530996710437,0.340716503247772,1.0,2.747800889330276,0.014109538096515191,0.01623701813338228,0.008304464456585253,BraTS20_Training_246,T1ce,"(240, 240, 155)","(np.float32(1.0), np.float32(1.0), np.float32(1.0))"
0.16659985439068098,0.29694395834792014,1.0,2.793540137332567,0.012551587159642736,0.018371676312294246,0.018736970235044406,BraTS20_Training_246,T2,"(240, 240, 155)","(np.float32(1.0), np.float32(1.0), np.float32(1.0))"
0.1490588269490952,0.2684256427874169,1.0,2.808534849509233,0.01200111560228591,0.018480153087454734,0.011438986637442335,BraTS20_Training_246,FLAIR,"(240, 240, 155)","(np.float32(1.0), np.float32(1.0), np.float32(1.0))"
0.24758193657538557,0.38153191194586134,1.0,3.1751607878412953,0.012769050757435925,0.026405179721303854,0.011399243840943018,BraTS20_Training_186,T1,"(240, 240, 155)","(np.float32(1.0), np.float32(1.0), np.float32(1.0))"
0.1901425820079523,0.29511680721483285,1.0,3.2494876154859234,0.01205661285764538,0.022274403160548115,0.00926390346987831,BraTS20_Training_186,T1ce,"(240, 240, 155)","(np.float32(1.0), np.float32(1.0), np.float32(1.0))"
0.18995999503968253,0.29929090184673385,1.0,3.5072587849813877,0.015876437145691612,0.028386246905596244,0.010804699065529406,BraTS20_Training_186,T2,"(240, 240, 155)","(np.float32(1.0), np.float32(1.0), np.float32(1.0))"
0.15312540918443698,0.25570394666639185,1.0,3.219925413865328,0.00785013237185422,0.025963744374435407,0.017192544160700284,BraTS20_Training_186,FLAIR,"(240, 240, 155)","(np.float32(1.0), np.float32(1.0), np.float32(1.0))"
0.21866738444783887,0.34656095592855335,1.0,3.682058690098911,0.016809468126549442,0.031658935712491745,0.02460636074260778,BraTS20_Training_305,T1,"(240, 240, 155)","(np.float32(1.0), np.float32(1.0), np.float32(1.0))"
0.23343977613538988,0.3656278324846072,1.0,3.804061608476561,0.026121221966901302,0.03195129662306479,0.029074955833530213,BraTS20_Training_305,T1ce,"(240, 240, 155)","(np.float32(1.0), np.float32(1.0), np.float32(1.0))"
0.18195411569186076,0.2866348910786823,1.0,3.821251718418082,0.024588269381590366,0.026889907992954303,0.013813088755204853,BraTS20_Training_305,T2,"(240, 240, 155)","(np.float32(1.0), np.float32(1.0), np.float32(1.0))"
0.24476685503823656,0.3788319724722437,1.0,3.36917746281477,0.03547691967983271,0.03034402942013772,0.025366387865441053,BraTS20_Training_305,FLAIR,"(240, 240, 155)","(np.float32(1.0), np.float32(1.0), np.float32(1.0))"
0.21721001059322034,0.34041780661926346,1.0,3.3641428508366427,0.011515542458664497,0.027681378928960443,0.016144602693802905,BraTS20_Training_113,T1,"(240, 240, 155)","(np.float32(1.0), np.float32(1.0), np.float32(1.0))"
0.19398522562505627,0.30312897080263157,1.0,3.3932340094042104,0.02269231661873651,0.031435224143844295,0.02279116704735249,BraTS20_Training_113,T1ce,"(240, 240, 155)","(np.float32(1.0), np.float32(1.0), np.float32(1.0))"
0.13466246840672694,0.2363528091034134,1.0,3.693159576741209,0.010108347794713424,0.027909095790704015,0.01107780469536985,BraTS20_Training_113,T2,"(240, 240, 155)","(np.float32(1.0), np.float32(1.0), np.float32(1.0))"
0.1421108865395246,0.24437956146608097,1.0,3.2646081814073553,0.017807129791204288,0.024951323615113277,0.021480904828287566,BraTS20_Training_113,FLAIR,"(240, 240, 155)","(np.float32(1.0), np.float32(1.0), np.float32(1.0))"
0.2346841809640523,0.3681909273506697,1.0,3.1785554396387417,0.022008233612072284,0.026194622059640196,0.008453192953227176,BraTS20_Training_180,T1,"(240, 240, 155)","(np.float32(1.0), np.float32(1.0), np.float32(1.0))"
0.13687898735932794,0.22335020228688243,1.0,3.286396909851496,0.00862918132713066,0.016256144776472123,0.001607419723083061,BraTS20_Training_180,T1ce,"(240, 240, 155)","(np.float32(1.0), np.float32(1.0), np.float32(1.0))"
0.19861440699314795,0.3158817377756908,1.0,3.5789545227996045,0.012190399961919375,0.025832399339088503,0.008350925470160244,BraTS20_Training_180,T2,"(240, 240, 155)","(np.float32(1.0), np.float32(1.0), np.float32(1.0))"
0.14969224924012162,0.25872794294553725,1.0,3.2807888383395536,0.014735285920615416,0.02833986850945845,0.01967970442384581,BraTS20_Training_180,FLAIR,"(240, 240, 155)","(np.float32(1.0), np.float32(1.0), np.float32(1.0))"
0.22428897992394942,0.3645940648514697,1.0,3.4801006935212295,0.01644382320113838,0.028144181272549324,0.008060226526592574,BraTS20_Training_245,T1,"(240, 240, 155)","(np.float32(1.0), np.float32(1.0), np.float32(1.0))"
0.19512159366434745,0.31083858065664927,1.0,3.3116200298641796,0.012269259825775407,0.016797341508443843,0.004381445486952847,BraTS20_Training_245,T1ce,"(240, 240, 155)","(np.float32(1.0), np.float32(1.0), np.float32(1.0))"
0.11979214617745285,0.2206971262340089,1.0,3.5766274875535853,0.008677127306628585,0.02320777223171106,0.009069296630688624,BraTS20_Training_245,T2,"(240, 240, 155)","(np.float32(1.0), np.float32(1.0), np.float32(1.0))"
0.09526310024535578,0.17700461991631633,1.0,3.375045814663408,0.003869582558994848,0.01356720679381494,0.006575595304236496,BraTS20_Training_245,FLAIR,"(240, 240, 155)","(np.float32(1.0), np.float32(1.0), np.float32(1.0))"
0.25937182770394984,0.4040909226713724,1.0,3.1417408940319835,0.01944208634869127,0.023432055577525607,0.011167230431613757,BraTS20_Training_233,T1,"(240, 240, 155)","(np.float32(1.0), np.float32(1.0), np.float32(1.0))"
0.2571493055555556,0.3994690919058223,1.0,3.159015645351793,0.021972812404346495,0.022189449512664678,0.011966042270247366,BraTS20_Training_233,T1ce,"(240, 240, 155)","(np.float32(1.0), np.float32(1.0), np.float32(1.0))"
0.14246679214260988,0.2402653972238898,1.0,3.7439549051125587,0.024015716087663057,0.029228125324501475,0.02198962982350745,BraTS20_Training_233,T2,"(240, 240, 155)","(np.float32(1.0), np.float32(1.0), np.float32(1.0))"
0.23127196867872268,0.36474136437237326,1.0,3.341641331669372,0.02354343336997828,0.030994909861526535,0.02267800583302467,BraTS20_Training_233,FLAIR,"(240, 240, 155)","(np.float32(1.0), np.float32(1.0), np.float32(1.0))"
0.22576758343795775,0.3489390944389736,1.0,3.589771187151143,0.010849977183605771,0.03316365509169733,0.018122657267171327,BraTS20_Training_118,T1,"(240, 240, 155)","(np.float32(1.0), np.float32(1.0), np.float32(1.0))"
0.20979554643733903,0.3214561925087715,1.0,3.5907877632127856,0.024777174822465973,0.03425684215617141,0.021733924455050437,BraTS20_Training_118,T1ce,"(240, 240, 155)","(np.float32(1.0), np.float32(1.0), np.float32(1.0))"
0.13346905507116777,0.2302606254972367,1.0,3.945083593576531,0.011618337780864584,0.03388288958702715,0.011063973711119092,BraTS20_Training_118,T2,"(240, 240, 155)","(np.float32(1.0), np.float32(1.0), np.float32(1.0))"
0.14694365106033455,0.24111683772291004,1.0,3.403465999815228,0.023032564227479735,0.035389074352544896,0.028795154836809823,BraTS20_Training_118,FLAIR,"(240, 240, 155)","(np.float32(1.0), np.float32(1.0), np.float32(1.0))"
0.22961183489844322,0.3748770827984365,1.0,4.689514909542257,0.010620639924860136,0.020825680656734548,0.0006641278193899918,BraTS20_Training_341,T1,"(240, 240, 155)","(np.float32(1.0), np.float32(1.0), np.float32(1.0))"
0.23557248622589533,0.3829933059201136,1.0,2.98729203650889,0.01756846409483642,0.022725628317589838,0.017792252421680244,BraTS20_Training_341,T1ce,"(240, 240, 155)","(np.float32(1.0), np.float32(1.0), np.float32(1.0))"
0.15493463444929026,0.2627200260478818,1.0,4.689862131764478,0.01972273368891956,0.027116649991264247,0.022286315021782993,BraTS20_Training_341,T2,"(240, 240, 155)","(np.float32(1.0), np.float32(1.0), np.float32(1.0))"
0.21492800885359473,0.3625943376596495,1.0,4.685644465050928,0.022340816493067902,0.0323759817005297,0.04103037291791516,BraTS20_Training_341,FLAIR,"(240, 240, 155)","(np.float32(1.0), np.float32(1.0), np.float32(1.0))"
0.23326053278194633,0.36474911058232734,1.0,4.291441773768068,0.008231685380103862,0.026416433929053757,0.009917869599508989,BraTS20_Training_356,T1,"(240, 240, 155)","(np.float32(1.0), np.float32(1.0), np.float32(1.0))"
0.22371386707810056,0.3501269841018446,1.0,4.3582170603346295,0.018359472533427738,0.02843126108374779,0.014422724722628207,BraTS20_Training_356,T1ce,"(240, 240, 155)","(np.float32(1.0), np.float32(1.0), np.float32(1.0))"
0.16587096127705542,0.2699631196383701,1.0,4.061243277691628,0.011573493975863155,0.030258301237000247,0.00866223122234192,BraTS20_Training_356,T2,"(240, 240, 155)","(np.float32(1.0), np.float32(1.0), np.float32(1.0))"
0.2175327886925056,0.3405769290541864,1.0,3.6552742026373,0.007977637994668633,0.02720812124095072,0.010207098939163214,BraTS20_Training_356,FLAIR,"(240, 240, 155)","(np.float32(1.0), np.float32(1.0), np.float32(1.0))"
0.2056515522875817,0.328580945534216,1.0,2.5678404811759354,0.004766143130046136,0.026150858999252,0.009538801038179487,BraTS20_Training_267,T1,"(240, 240, 155)","(np.float32(1.0), np.float32(1.0), np.float32(1.0))"
0.21534118357487925,0.33958946023397746,1.0,2.529309007497366,0.007448773600317394,0.025905405167219363,0.01172659230018586,BraTS20_Training_267,T1ce,"(240, 240, 155)","(np.float32(1.0), np.float32(1.0), np.float32(1.0))"
0.17263068181818178,0.2802728577764753,1.0,3.7018736121527716,0.011150712711349202,0.029966278022409223,0.010323737509841767,BraTS20_Training_267,T2,"(240, 240, 155)","(np.float32(1.0), np.float32(1.0), np.float32(1.0))"
0.2109623668546366,0.3342541601040075,1.0,3.108998809406254,0.007689570201349238,0.02836970432245569,0.0023451488398481754,BraTS20_Training_267,FLAIR,"(240, 240, 155)","(np.float32(1.0), np.float32(1.0), np.float32(1.0))"
0.2031090766059028,0.34382950997608747,1.0,3.523859532177316,0.013053374942732445,0.02618945798518169,0.008736561398607252,BraTS20_Training_335,T1,"(240, 240, 155)","(np.float32(1.0), np.float32(1.0), np.float32(1.0))"
0.207874483154201,0.3479070075005696,1.0,3.5246528194898277,0.019414983696035292,0.02390719090013512,0.009551451643392361,BraTS20_Training_335,T1ce,"(240, 240, 155)","(np.float32(1.0), np.float32(1.0), np.float32(1.0))"
0.19172844074199366,0.32309247013397796,1.0,3.398016930714752,0.021072319007728043,0.025213320467215476,0.0070271809105765335,BraTS20_Training_335,T2,"(240, 240, 155)","(np.float32(1.0), np.float32(1.0), np.float32(1.0))"
0.18536911008230453,0.3139126332842933,1.0,3.1078911952074364,0.014824075140984605,0.02429512125321152,0.01276685243713152,BraTS20_Training_335,FLAIR,"(240, 240, 155)","(np.float32(1.0), np.float32(1.0), np.float32(1.0))"
0.2417850841476656,0.37548623555586097,1.0,3.0745668543470073,0.0290541709991618,0.029336243317828074,0.011102798032264268,BraTS20_Training_165,T1,"(240, 240, 155)","(np.float32(1.0), np.float32(1.0), np.float32(1.0))"
0.23745527582617745,0.36638576871858985,1.0,3.12848759560719,0.03200127356774475,0.02632664117514703,0.016783383920104072,BraTS20_Training_165,T1ce,"(240, 240, 155)","(np.float32(1.0), np.float32(1.0), np.float32(1.0))"
0.15000125602893893,0.24880096054582085,1.0,3.421943645886771,0.011664164391365084,0.02536995815761434,0.01362225837545467,BraTS20_Training_165,T2,"(240, 240, 155)","(np.float32(1.0), np.float32(1.0), np.float32(1.0))"
0.14502072649572648,0.24506124715345842,1.0,3.1621991986047098,0.013597429322813938,0.027258222420674896,0.01642339503012293,BraTS20_Training_165,FLAIR,"(240, 240, 155)","(np.float32(1.0), np.float32(1.0), np.float32(1.0))"
0.2534832879754755,0.3903895950885212,1.0,3.097670043347004,0.01183118824060547,0.020878006522370485,0.0048669815610493305,BraTS20_Training_225,T1,"(240, 240, 155)","(np.float32(1.0), np.float32(1.0), np.float32(1.0))"
0.19947799625468166,0.3116720620536024,1.0,2.765188760276931,0.014388376450083465,0.024213522231255197,0.011238446151624974,BraTS20_Training_225,T1ce,"(240, 240, 155)","(np.float32(1.0), np.float32(1.0), np.float32(1.0))"
0.14005861092788038,0.24064355978248902,1.0,3.441754014597435,0.006239602018999526,0.02322908688252496,0.012111153172998792,BraTS20_Training_225,T2,"(240, 240, 155)","(np.float32(1.0), np.float32(1.0), np.float32(1.0))"
0.14865122354497354,0.2513020174018158,1.0,3.248028289523078,0.005572637692113883,0.018664540580075967,0.01049542964000544,BraTS20_Training_225,FLAIR,"(240, 240, 155)","(np.float32(1.0), np.float32(1.0), np.float32(1.0))"
0.26003034703604405,0.3879315932811183,1.0,3.5722008113257777,0.005605415108360666,0.019116222947965198,0.005478413660194934,BraTS20_Training_137,T1,"(240, 240, 155)","(np.float32(1.0), np.float32(1.0), np.float32(1.0))"
0.1940656800829159,0.2982643278242024,1.0,3.6478169544445582,0.006660770200538311,0.021376454598781045,0.01440937296638802,BraTS20_Training_137,T1ce,"(240, 240, 155)","(np.float32(1.0), np.float32(1.0), np.float32(1.0))"
0.15747482806144295,0.2523436095380584,1.0,3.8205639470953496,0.0058569681657082255,0.02193576807135664,0.008206464237261547,BraTS20_Training_137,T2,"(240, 240, 155)","(np.float32(1.0), np.float32(1.0), np.float32(1.0))"
0.20838878487081947,0.32133319291533186,1.0,3.6317087759474256,0.004704015279781686,0.02112501395854119,0.002571027156313506,BraTS20_Training_137,FLAIR,"(240, 240, 155)","(np.float32(1.0), np.float32(1.0), np.float32(1.0))"
0.19615828411338782,0.3406853875027972,1.0,3.66673280651169,0.006283413054746187,0.025166626914385346,0.01045480375837568,BraTS20_Training_155,T1,"(240, 240, 155)","(np.float32(1.0), np.float32(1.0), np.float32(1.0))"
0.1786123407035471,0.30690556446469913,1.0,3.665235589004389,0.014826707259959002,0.025611448506188097,0.013443884945866664,BraTS20_Training_155,T1ce,"(240, 240, 155)","(np.float32(1.0), np.float32(1.0), np.float32(1.0))"
0.1015090029957973,0.1993464740786215,1.0,3.114724351107385,0.014884658443059638,0.029779288024761114,0.017204744458312802,BraTS20_Training_155,T2,"(240, 240, 155)","(np.float32(1.0), np.float32(1.0), np.float32(1.0))"
0.13683637318830352,0.24844787572878937,1.0,3.4782585284023324,0.003124389973547008,0.02052491483313585,0.0075196530930914905,BraTS20_Training_155,FLAIR,"(240, 240, 155)","(np.float32(1.0), np.float32(1.0), np.float32(1.0))"
0.26099239703065136,0.39561159763035725,1.0,3.1015637245540546,0.015527447483154974,0.024654772570068224,0.00785665976192779,BraTS20_Training_200,T1,"(240, 240, 155)","(np.float32(1.0), np.float32(1.0), np.float32(1.0))"
0.2640325821104123,0.3990904025206113,1.0,3.1007059709942477,0.022203754109366283,0.029051857185883753,0.014741068981228365,BraTS20_Training_200,T1ce,"(240, 240, 155)","(np.float32(1.0), np.float32(1.0), np.float32(1.0))"
0.15893344687367975,0.2539729942768886,1.0,3.376895590147013,0.017908885428162265,0.027023731898565963,0.007886078843794098,BraTS20_Training_200,T2,"(240, 240, 155)","(np.float32(1.0), np.float32(1.0), np.float32(1.0))"
0.2032449127906977,0.3150302001571749,1.0,2.9978464377967025,0.0308224497757797,0.03790212745748968,0.032888450858726874,BraTS20_Training_200,FLAIR,"(240, 240, 155)","(np.float32(1.0), np.float32(1.0), np.float32(1.0))"
0.25200001039587494,0.3949414710939182,1.0,2.9258384514360625,0.014136671766247944,0.020779182916236552,0.00716346230463288,BraTS20_Training_198,T1,"(240, 240, 155)","(np.float32(1.0), np.float32(1.0), np.float32(1.0))"
0.24759563395512302,0.38619356869671145,1.0,2.969376090517262,0.018502107165150838,0.02273837198084486,0.012431321720713578,BraTS20_Training_198,T1ce,"(240, 240, 155)","(np.float32(1.0), np.float32(1.0), np.float32(1.0))"
0.17183877753086801,0.27760285257406225,1.0,3.2069190747505862,0.011435614749024482,0.022313742761657405,0.007380474091560419,BraTS20_Training_198,T2,"(240, 240, 155)","(np.float32(1.0), np.float32(1.0), np.float32(1.0))"
0.1546782548554652,0.2529685281373552,1.0,2.8913221460640828,0.013071085768869206,0.02544065943528415,0.020814563774993827,BraTS20_Training_198,FLAIR,"(240, 240, 155)","(np.float32(1.0), np.float32(1.0), np.float32(1.0))"
0.2786201305961625,0.4140084587624075,1.0,5.30964339644845,0.0066099635440574605,0.01856547260689492,0.007762526565439403,BraTS20_Training_362,T1,"(240, 240, 155)","(np.float32(1.0), np.float32(1.0), np.float32(1.0))"
0.21993831002562733,0.33377271019570615,1.0,3.4338597374909323,0.01612110957422848,0.031252428015981874,0.020201328759463344,BraTS20_Training_362,T1ce,"(240, 240, 155)","(np.float32(1.0), np.float32(1.0), np.float32(1.0))"
0.14286057286677792,0.23906316582429255,1.0,5.310650340892895,0.012470640210253498,0.025693598555263732,0.014331032235882345,BraTS20_Training_362,T2,"(240, 240, 155)","(np.float32(1.0), np.float32(1.0), np.float32(1.0))"
0.15407055227158045,0.24898890512190222,1.0,5.310198952004005,0.004649918147275111,0.01941551247499251,0.009681369936956757,BraTS20_Training_362,FLAIR,"(240, 240, 155)","(np.float32(1.0), np.float32(1.0), np.float32(1.0))"
0.20753657322303923,0.34432236172422626,1.0,3.103125239865404,0.015900357021638313,0.02542601659513971,0.017593059681193037,BraTS20_Training_003,T1,"(240, 240, 155)","(np.float32(1.0), np.float32(1.0), np.float32(1.0))"
0.20892245960884354,0.34378480431954594,1.0,3.0643812470045697,0.028063259754487584,0.025944333330157658,0.021125982119547464,BraTS20_Training_003,T1ce,"(240, 240, 155)","(np.float32(1.0), np.float32(1.0), np.float32(1.0))"
0.15834148634131368,0.2700003626283849,1.0,2.700114187167288,0.018438305497051034,0.027508881447208276,0.016098143896662268,BraTS20_Training_003,T2,"(240, 240, 155)","(np.float32(1.0), np.float32(1.0), np.float32(1.0))"
0.2015178010306687,0.3350057913882396,1.0,3.002161480519351,0.014302408829728667,0.023397903406702353,0.017034239001269175,BraTS20_Training_003,FLAIR,"(240, 240, 155)","(np.float32(1.0), np.float32(1.0), np.float32(1.0))"
0.20418200080419768,0.3479297536008061,1.0,3.7563244189929437,0.016713806197195494,0.029362962686293206,0.018409892388621975,BraTS20_Training_292,T1,"(240, 240, 155)","(np.float32(1.0), np.float32(1.0), np.float32(1.0))"
0.2049224006116208,0.34789180537401126,1.0,3.762033972574627,0.02741036898607955,0.031755356439285516,0.029501578352375126,BraTS20_Training_292,T1ce,"(240, 240, 155)","(np.float32(1.0), np.float32(1.0), np.float32(1.0))"
0.14674926425698331,0.2531264853062154,1.0,3.7908815265856055,0.018779373537024573,0.026546131405028168,0.012750400452718393,BraTS20_Training_292,T2,"(240, 240, 155)","(np.float32(1.0), np.float32(1.0), np.float32(1.0))"
0.21196510036496347,0.35621785214763857,1.0,3.3514451362360655,0.0348067836232829,0.03220649350500349,0.028586400032257667,BraTS20_Training_292,FLAIR,"(240, 240, 155)","(np.float32(1.0), np.float32(1.0), np.float32(1.0))"
0.22908808989054108,0.353363883966536,1.0,3.484195591732909,0.008041832405884691,0.028732435728046336,0.016000111039723604,BraTS20_Training_116,T1,"(240, 240, 155)","(np.float32(1.0), np.float32(1.0), np.float32(1.0))"
0.214680658716508,0.32759820422949393,1.0,3.4578076815703507,0.021815057459868295,0.029819279094660346,0.018766842731559395,BraTS20_Training_116,T1ce,"(240, 240, 155)","(np.float32(1.0), np.float32(1.0), np.float32(1.0))"
0.13480785495726266,0.23094346462405194,1.0,3.7894459048094027,0.013192127515152753,0.03234191014516643,0.011016676138557453,BraTS20_Training_116,T2,"(240, 240, 155)","(np.float32(1.0), np.float32(1.0), np.float32(1.0))"
0.12783683401639345,0.21470292384847126,1.0,3.3505481654343297,0.012991281302255962,0.02540541963467931,0.018944183249033377,BraTS20_Training_116,FLAIR,"(240, 240, 155)","(np.float32(1.0), np.float32(1.0), np.float32(1.0))"
0.2499529340721796,0.3907718288822511,1.0,2.9974303551570878,0.013752945737025676,0.021163270486798412,0.00719018137346366,BraTS20_Training_210,T1,"(240, 240, 155)","(np.float32(1.0), np.float32(1.0), np.float32(1.0))"
0.1830546324089956,0.28970581024824504,1.0,3.1075279909303957,0.011128303815526703,0.019351894857647982,0.007208585720474067,BraTS20_Training_210,T1ce,"(240, 240, 155)","(np.float32(1.0), np.float32(1.0), np.float32(1.0))"
0.16869288985701522,0.2778113399163364,1.0,3.398354336630853,0.007953233886756575,0.01942833312016464,0.005993100404009625,BraTS20_Training_210,T2,"(240, 240, 155)","(np.float32(1.0), np.float32(1.0), np.float32(1.0))"
0.1397317216981132,0.2437541221395168,1.0,3.2275006335090373,0.005772068048880582,0.0210764756931248,0.011371567975538939,BraTS20_Training_210,FLAIR,"(240, 240, 155)","(np.float32(1.0), np.float32(1.0), np.float32(1.0))"
0.21751829022256203,0.3555715511859085,1.0,3.432576840947641,0.007567144436962845,0.026248529745006386,0.011580286682942857,BraTS20_Training_212,T1,"(240, 240, 155)","(np.float32(1.0), np.float32(1.0), np.float32(1.0))"
0.22661871501745387,0.3684673861804239,1.0,3.526467258524949,0.012133410445104945,0.027512100217613918,0.015266469492229267,BraTS20_Training_212,T1ce,"(240, 240, 155)","(np.float32(1.0), np.float32(1.0), np.float32(1.0))"
0.15100980863281746,0.25095823195681555,1.0,3.6951403506202407,0.007362499885227497,0.020296916183687203,0.0056763951968040365,BraTS20_Training_212,T2,"(240, 240, 155)","(np.float32(1.0), np.float32(1.0), np.float32(1.0))"
0.21661111111111114,0.3468290143951879,1.0,3.1564218597713753,0.012410286179698216,0.025014503339613938,0.01250179876785318,BraTS20_Training_212,FLAIR,"(240, 240, 155)","(np.float32(1.0), np.float32(1.0), np.float32(1.0))"
0.21104618930905691,0.34103820529096796,1.0,3.242780159614518,0.012581313009272335,0.027406702917859873,0.017479320377865516,BraTS20_Training_027,T1,"(240, 240, 155)","(np.float32(1.0), np.float32(1.0), np.float32(1.0))"
0.21322858909545553,0.34116135174709467,1.0,3.211837600634098,0.025095225249979897,0.028988512868205484,0.020468405176631437,BraTS20_Training_027,T1ce,"(240, 240, 155)","(np.float32(1.0), np.float32(1.0), np.float32(1.0))"
0.14274163331763967,0.2456492832928927,1.0,3.094019724977608,0.01607807878350197,0.028393625323076488,0.021464227033449763,BraTS20_Training_027,T2,"(240, 240, 155)","(np.float32(1.0), np.float32(1.0), np.float32(1.0))"
0.1457533752666279,0.24769446093803718,1.0,3.2849218365217534,0.00991474612524497,0.02197107860677103,0.018289949393807556,BraTS20_Training_027,FLAIR,"(240, 240, 155)","(np.float32(1.0), np.float32(1.0), np.float32(1.0))"
0.23386623806423612,0.3535272737241944,1.0,3.481512141136416,0.012979755269156562,0.028250620508909263,0.016618641059736317,BraTS20_Training_121,T1,"(240, 240, 155)","(np.float32(1.0), np.float32(1.0), np.float32(1.0))"
0.16647182504585956,0.25578217885497007,1.0,3.5487864426420233,0.016712205300701367,0.02694404936279137,0.016525913371203252,BraTS20_Training_121,T1ce,"(240, 240, 155)","(np.float32(1.0), np.float32(1.0), np.float32(1.0))"
0.1343913860350076,0.22781873474430892,1.0,3.910182093536175,0.0068848927872385895,0.02396991781590598,0.00854733192161331,BraTS20_Training_121,T2,"(240, 240, 155)","(np.float32(1.0), np.float32(1.0), np.float32(1.0))"
0.13406857308829745,0.23127980682592345,1.0,3.461183491672238,0.016439775851939134,0.02539019607783204,0.01816641839731459,BraTS20_Training_121,FLAIR,"(240, 240, 155)","(np.float32(1.0), np.float32(1.0), np.float32(1.0))"
0.2169094860166289,0.36180999577031947,1.0,2.929073516793759,0.013028885212437204,0.023756798143004035,0.012471388698931496,BraTS20_Training_285,T1,"(240, 240, 155)","(np.float32(1.0), np.float32(1.0), np.float32(1.0))"
0.22105008938393836,0.3666197549857154,1.0,2.8960748318333556,0.01672122513406456,0.02367126310874023,0.013777851433513212,BraTS20_Training_285,T1ce,"(240, 240, 155)","(np.float32(1.0), np.float32(1.0), np.float32(1.0))"
0.13964684836790484,0.24283072527207084,1.0,3.1247845658268334,0.00515594592303731,0.01493548577756334,0.005105402528336466,BraTS20_Training_285,T2,"(240, 240, 155)","(np.float32(1.0), np.float32(1.0), np.float32(1.0))"
0.18043735970819305,0.3099183473610429,1.0,2.8020278129118075,0.02028556911001145,0.03233633108407234,0.026883801264482213,BraTS20_Training_285,FLAIR,"(240, 240, 155)","(np.float32(1.0), np.float32(1.0), np.float32(1.0))"
0.191949938466948,0.3236364577479872,1.0,2.53167290678226,0.00229932213498549,0.0237191221392352,0.007037668758729164,BraTS20_Training_269,T1,"(240, 240, 155)","(np.float32(1.0), np.float32(1.0), np.float32(1.0))"
0.196922063253012,0.32701318694643383,1.0,2.5011752989585467,0.003836218367445686,0.0226428075672043,0.007734766174295238,BraTS20_Training_269,T1ce,"(240, 240, 155)","(np.float32(1.0), np.float32(1.0), np.float32(1.0))"
0.16356171988200296,0.2791751283477141,1.0,3.2852908336372835,0.007058251567306251,0.026591384625242374,0.010499416839564324,BraTS20_Training_269,T2,"(240, 240, 155)","(np.float32(1.0), np.float32(1.0), np.float32(1.0))"
0.18748178004884603,0.3171714278793061,1.0,2.8994197986283834,0.0029847829239945697,0.020689313361258895,0.0033748733027151212,BraTS20_Training_269,FLAIR,"(240, 240, 155)","(np.float32(1.0), np.float32(1.0), np.float32(1.0))"
0.2115508697411003,0.35334263794382864,1.0,3.1292802593779268,0.011564083266566124,0.02390283415163564,0.01135027098790265,BraTS20_Training_319,T1,"(240, 240, 155)","(np.float32(1.0), np.float32(1.0), np.float32(1.0))"
0.2182460089399745,0.3614046589688684,1.0,3.0947326228475283,0.022612607896243447,0.02481022377651262,0.01464618271938626,BraTS20_Training_319,T1ce,"(240, 240, 155)","(np.float32(1.0), np.float32(1.0), np.float32(1.0))"
0.1265566973223223,0.23745056443697402,1.0,3.3989734808713346,0.0046845285319102896,0.016287524174157107,0.005555582781884546,BraTS20_Training_319,T2,"(240, 240, 155)","(np.float32(1.0), np.float32(1.0), np.float32(1.0))"
0.17979342185592187,0.29861380366556717,1.0,3.0763949428966217,0.011605694259952502,0.023516290242121395,0.01242825512188216,BraTS20_Training_319,FLAIR,"(240, 240, 155)","(np.float32(1.0), np.float32(1.0), np.float32(1.0))"
0.21427742757510726,0.3338004454305992,1.0,3.503146070850674,0.007263132871965061,0.030816955612762858,0.01596765575796114,BraTS20_Training_128,T1,"(240, 240, 155)","(np.float32(1.0), np.float32(1.0), np.float32(1.0))"
0.20951810056584363,0.32227449584976126,1.0,3.485913327325177,0.021794727366255144,0.033652365047117806,0.02101694773061441,BraTS20_Training_128,T1ce,"(240, 240, 155)","(np.float32(1.0), np.float32(1.0), np.float32(1.0))"
0.12820097994942198,0.2204952617319787,1.0,3.876316251079909,0.010230094161941363,0.03197524278220942,0.010593556983479682,BraTS20_Training_128,T2,"(240, 240, 155)","(np.float32(1.0), np.float32(1.0), np.float32(1.0))"
0.17193925464610518,0.2748983508247374,1.0,3.2775851810786714,0.03167299670793881,0.03887352960262374,0.03392260143606259,BraTS20_Training_128,FLAIR,"(240, 240, 155)","(np.float32(1.0), np.float32(1.0), np.float32(1.0))"
0.22284327217125383,0.33634350989460143,1.0,3.566481780830351,0.014577426142580592,0.02698744170311698,0.014210340724839197,BraTS20_Training_075,T1,"(240, 240, 155)","(np.float32(1.0), np.float32(1.0), np.float32(1.0))"
0.22486637469756188,0.33757022199468584,1.0,3.555999611432973,0.022466423173002553,0.03041970417124308,0.017405433217151666,BraTS20_Training_075,T1ce,"(240, 240, 155)","(np.float32(1.0), np.float32(1.0), np.float32(1.0))"
0.1289430765993266,0.22647806979069268,1.0,3.37239578894364,0.006755059140436351,0.0191741086555615,0.012668811656909721,BraTS20_Training_075,T2,"(240, 240, 155)","(np.float32(1.0), np.float32(1.0), np.float32(1.0))"
0.09660751028806584,0.1880730397655831,1.0,3.570286726385729,0.005317440335568765,0.01678375275515992,0.012429155200003112,BraTS20_Training_075,FLAIR,"(240, 240, 155)","(np.float32(1.0), np.float32(1.0), np.float32(1.0))"
0.21919141459668803,0.35886885709067223,1.0,3.6437465489497898,0.015485738229957106,0.028797658569300354,0.018426482451460235,BraTS20_Training_300,T1,"(240, 240, 155)","(np.float32(1.0), np.float32(1.0), np.float32(1.0))"
0.21239928833436658,0.3493011401004899,1.0,3.7668659552343575,0.026472264493141228,0.03254020978586544,0.028041173671543004,BraTS20_Training_300,T1ce,"(240, 240, 155)","(np.float32(1.0), np.float32(1.0), np.float32(1.0))"
0.1587685474323095,0.261477631899735,1.0,3.680427262505718,0.01879382978162073,0.02589339946023816,0.012646559236665066,BraTS20_Training_300,T2,"(240, 240, 155)","(np.float32(1.0), np.float32(1.0), np.float32(1.0))"
0.22688919983416253,0.3679217515565416,1.0,3.2808247359653953,0.02859646025160268,0.03031223630389744,0.027142389668249476,BraTS20_Training_300,FLAIR,"(240, 240, 155)","(np.float32(1.0), np.float32(1.0), np.float32(1.0))"
0.21983442213724239,0.3372437450243405,1.0,3.4710139928269803,0.013960131969553504,0.02857019991457485,0.016308518826110223,BraTS20_Training_030,T1,"(240, 240, 155)","(np.float32(1.0), np.float32(1.0), np.float32(1.0))"
0.2230352704678362,0.339461804796733,1.0,3.4335023600259262,0.030427427028829383,0.031175081097585423,0.021776755540668387,BraTS20_Training_030,T1ce,"(240, 240, 155)","(np.float32(1.0), np.float32(1.0), np.float32(1.0))"
0.1312599075170864,0.2151589237756051,1.0,3.146046618417647,0.014491234320114694,0.026664117539675212,0.019763815845781792,BraTS20_Training_030,T2,"(240, 240, 155)","(np.float32(1.0), np.float32(1.0), np.float32(1.0))"
0.19234032260162112,0.30058577277987086,1.0,3.251398665577612,0.03417663423694592,0.03568991240101735,0.032687491780774985,BraTS20_Training_030,FLAIR,"(240, 240, 155)","(np.float32(1.0), np.float32(1.0), np.float32(1.0))"
0.23300208333333333,0.3608682733098059,1.0,3.3880965722254457,0.012875141597379694,0.028697509113726996,0.016222744583728316,BraTS20_Training_084,T1,"(240, 240, 155)","(np.float32(1.0), np.float32(1.0), np.float32(1.0))"
0.20500079251862424,0.31553037081816443,1.0,3.376008923164009,0.024940932702280486,0.02959984499823469,0.020208324430021588,BraTS20_Training_084,T1ce,"(240, 240, 155)","(np.float32(1.0), np.float32(1.0), np.float32(1.0))"
0.13561189310223112,0.22600282783933578,1.0,3.6688226672501267,0.02126640309497478,0.031017957844095324,0.012209435443203631,BraTS20_Training_084,T2,"(240, 240, 155)","(np.float32(1.0), np.float32(1.0), np.float32(1.0))"
0.1846709209209209,0.2913476342841992,1.0,3.1988520914022525,0.0312605351222093,0.03549994527671409,0.031075191442570736,BraTS20_Training_084,FLAIR,"(240, 240, 155)","(np.float32(1.0), np.float32(1.0), np.float32(1.0))"
0.2311743500833712,0.37853246395852386,1.0,3.2268820915595446,0.006521077085350921,0.01922063279793053,0.008232734837129833,BraTS20_Training_330,T1,"(240, 240, 155)","(np.float32(1.0), np.float32(1.0), np.float32(1.0))"
0.21490622070392112,0.35311330234536664,1.0,3.788235383694275,0.00789116944784757,0.020030136532067467,0.008048646027903913,BraTS20_Training_330,T1ce,"(240, 240, 155)","(np.float32(1.0), np.float32(1.0), np.float32(1.0))"
0.1415737789856076,0.2458459742980988,1.0,3.5277013248692297,0.005799139686613831,0.027268272369434965,0.00735487062261568,BraTS20_Training_330,T2,"(240, 240, 155)","(np.float32(1.0), np.float32(1.0), np.float32(1.0))"
0.1664432964277665,0.2770909137454821,1.0,3.0634345463750665,0.006577305970766754,0.02115962608271067,0.01265201506067903,BraTS20_Training_330,FLAIR,"(240, 240, 155)","(np.float32(1.0), np.float32(1.0), np.float32(1.0))"
0.20877138424959404,0.33685001079885163,1.0,3.3664614582803165,0.010454047221774275,0.031256320321881234,0.01818803897086139,BraTS20_Training_108,T1,"(240, 240, 155)","(np.float32(1.0), np.float32(1.0), np.float32(1.0))"
0.1843412973985891,0.295923972786719,1.0,3.4004768309175843,0.022193449756445792,0.031951862526529845,0.02126865547287968,BraTS20_Training_108,T1ce,"(240, 240, 155)","(np.float32(1.0), np.float32(1.0), np.float32(1.0))"
0.12322999233777214,0.2207417440330819,1.0,3.74784802939738,0.01093222868948008,0.03253335574070463,0.012527979082489416,BraTS20_Training_108,T2,"(240, 240, 155)","(np.float32(1.0), np.float32(1.0), np.float32(1.0))"
0.1954860488849064,0.3176618016890951,1.0,3.130570871400913,0.047129508745748096,0.04201905014808687,0.04079547853054168,BraTS20_Training_108,FLAIR,"(240, 240, 155)","(np.float32(1.0), np.float32(1.0), np.float32(1.0))"
0.22193648327194596,0.34089118252571665,1.0,3.383684420458876,0.007357502272349576,0.025994338010193446,0.007893517703792942,BraTS20_Training_243,T1,"(240, 240, 155)","(np.float32(1.0), np.float32(1.0), np.float32(1.0))"
0.2265588849614396,0.3445911157581226,1.0,3.3685063788890317,0.014273395720943483,0.025497425717037562,0.009570434226243435,BraTS20_Training_243,T1ce,"(240, 240, 155)","(np.float32(1.0), np.float32(1.0), np.float32(1.0))"
0.12185200612001844,0.20757472375191835,1.0,3.859405236290411,0.009907568280318073,0.027022427927895415,0.008025043671646992,BraTS20_Training_243,T2,"(240, 240, 155)","(np.float32(1.0), np.float32(1.0), np.float32(1.0))"
0.17890174897119346,0.28238839097417795,1.0,3.4667926144232717,0.011468161064436412,0.025859121398891585,0.010567257678344334,BraTS20_Training_243,FLAIR,"(240, 240, 155)","(np.float32(1.0), np.float32(1.0), np.float32(1.0))"
0.23263958160155165,0.3732943654294322,1.0,3.0413258496181035,0.012428944912241424,0.02475866635469512,0.011599271655603177,BraTS20_Training_322,T1,"(240, 240, 155)","(np.float32(1.0), np.float32(1.0), np.float32(1.0))"
0.24083884012644607,0.383428766742836,1.0,2.963402952821725,0.021016447563416824,0.025400155892187096,0.013261104528703088,BraTS20_Training_322,T1ce,"(240, 240, 155)","(np.float32(1.0), np.float32(1.0), np.float32(1.0))"
0.1856468975596359,0.3010331585051911,1.0,3.2789810330345013,0.01419321891757637,0.02445000245313434,0.008798955370825468,BraTS20_Training_322,T2,"(240, 240, 155)","(np.float32(1.0), np.float32(1.0), np.float32(1.0))"
0.22273473112535616,0.35759421315918566,1.0,3.0111915481496716,0.015230134140550808,0.02681446870596255,0.015068482548271395,BraTS20_Training_322,FLAIR,"(240, 240, 155)","(np.float32(1.0), np.float32(1.0), np.float32(1.0))"
0.22751913433623644,0.3579602258568355,1.0,3.3332243273200888,0.0061257878475572194,0.0249108420349091,0.010540023000387571,BraTS20_Training_134,T1,"(240, 240, 155)","(np.float32(1.0), np.float32(1.0), np.float32(1.0))"
0.2176100618726203,0.34723098935922114,1.0,3.4998205638928295,0.014068206163080717,0.032133675004966014,0.01647964824703598,BraTS20_Training_134,T1ce,"(240, 240, 155)","(np.float32(1.0), np.float32(1.0), np.float32(1.0))"
0.1482681988150738,0.24848301923586752,1.0,3.5898718492439885,0.009650536476549006,0.02704281662631721,0.012100941863855066,BraTS20_Training_134,T2,"(240, 240, 155)","(np.float32(1.0), np.float32(1.0), np.float32(1.0))"
0.20229418103448277,0.32541156581089437,1.0,3.3211618321612586,0.007115978736366172,0.03070641814668694,0.005351928941039599,BraTS20_Training_134,FLAIR,"(240, 240, 155)","(np.float32(1.0), np.float32(1.0), np.float32(1.0))"
0.23216615285193662,0.3669583952617705,1.0,3.795381011349329,0.019522695037472632,0.03096239237247731,0.019535421395971593,BraTS20_Training_185,T1,"(240, 240, 155)","(np.float32(1.0), np.float32(1.0), np.float32(1.0))"
0.21981657865422882,0.349819650091734,1.0,3.894356746769647,0.025392591274619673,0.03275601948189179,0.029109785653201502,BraTS20_Training_185,T1ce,"(240, 240, 155)","(np.float32(1.0), np.float32(1.0), np.float32(1.0))"
0.16834013783935067,0.2691846728341301,1.0,3.888425647028883,0.021490226252589915,0.02828712953637221,0.012964568354962052,BraTS20_Training_185,T2,"(240, 240, 155)","(np.float32(1.0), np.float32(1.0), np.float32(1.0))"
0.2286376434559611,0.35680654129302475,1.0,3.45244884428733,0.03348346966830005,0.03260512264875333,0.02615441654717814,BraTS20_Training_185,FLAIR,"(240, 240, 155)","(np.float32(1.0), np.float32(1.0), np.float32(1.0))"
0.17760283309625416,0.3266175902855089,1.0,3.0100084764626205,0.008269451298831961,0.027787182487385577,0.013601636027791748,BraTS20_Training_304,T1,"(240, 240, 155)","(np.float32(1.0), np.float32(1.0), np.float32(1.0))"
0.1909685507438895,0.3480169090125927,1.0,3.0510013599194865,0.013950655734315899,0.029794664339966387,0.01794838375632069,BraTS20_Training_304,T1ce,"(240, 240, 155)","(np.float32(1.0), np.float32(1.0), np.float32(1.0))"
0.1253596855237058,0.23582199525807046,1.0,3.2206052608854017,0.020894987629303568,0.02682908273079034,0.008882727937954627,BraTS20_Training_304,T2,"(240, 240, 155)","(np.float32(1.0), np.float32(1.0), np.float32(1.0))"
0.19587964367583602,0.3544783171230643,1.0,2.6981893718459387,0.017770345425398768,0.030507616265302122,0.01741637399953781,BraTS20_Training_304,FLAIR,"(240, 240, 155)","(np.float32(1.0), np.float32(1.0), np.float32(1.0))"
0.19791804180418046,0.3281347070572294,1.0,3.30271294744289,0.012236183215062429,0.028540841561290626,0.01969590436821211,BraTS20_Training_045,T1,"(240, 240, 155)","(np.float32(1.0), np.float32(1.0), np.float32(1.0))"
0.13890974019748825,0.23724708896640892,1.0,3.437985261967053,0.01950309708612304,0.02836554812393197,0.019357909994976143,BraTS20_Training_045,T1ce,"(240, 240, 155)","(np.float32(1.0), np.float32(1.0), np.float32(1.0))"
0.12593297274873955,0.230273579553639,1.0,3.676261841214043,0.01698037234671576,0.0329978377680778,0.014138799529631641,BraTS20_Training_045,T2,"(240, 240, 155)","(np.float32(1.0), np.float32(1.0), np.float32(1.0))"
0.13425333685293478,0.23846495138106252,1.0,3.2237915566144033,0.017448957466494917,0.02934625051600735,0.02652651486600551,BraTS20_Training_045,FLAIR,"(240, 240, 155)","(np.float32(1.0), np.float32(1.0), np.float32(1.0))"
0.26650129194313504,0.3742311404219113,1.0,5.949328563858851,0.006386153643229576,0.024019568787037288,0.0007308888233983511,BraTS20_Training_340,T1,"(240, 240, 155)","(np.float32(1.0), np.float32(1.0), np.float32(1.0))"
0.22911955526595382,0.3310719870814073,1.0,4.26862679614405,0.006682934721071938,0.02463306341350347,0.006606619152427476,BraTS20_Training_340,T1ce,"(240, 240, 155)","(np.float32(1.0), np.float32(1.0), np.float32(1.0))"
0.19206199092326967,0.27500918254006906,1.0,5.949745230525517,0.00757613000726827,0.02235217849027024,0.005464775895767439,BraTS20_Training_340,T2,"(240, 240, 155)","(np.float32(1.0), np.float32(1.0), np.float32(1.0))"
0.25637270146880886,0.3581685215307817,1.0,5.949398008303294,0.01097968859502653,0.027687471616550993,0.007996165271223947,BraTS20_Training_340,FLAIR,"(240, 240, 155)","(np.float32(1.0), np.float32(1.0), np.float32(1.0))"
0.23251153900112229,0.35621033424704496,1.0,3.453651631446215,0.014397618582004104,0.028912426373140072,0.015935045270198227,BraTS20_Training_066,T1,"(240, 240, 155)","(np.float32(1.0), np.float32(1.0), np.float32(1.0))"
0.23787112713675213,0.36143966079142154,1.0,3.412896688882759,0.026796126366288628,0.03099589906024878,0.01890422606517765,BraTS20_Training_066,T1ce,"(240, 240, 155)","(np.float32(1.0), np.float32(1.0), np.float32(1.0))"
0.13541811759526096,0.22139129050894849,1.0,3.190450082530947,0.014139506632948258,0.026112676008501073,0.017094276231082197,BraTS20_Training_066,T2,"(240, 240, 155)","(np.float32(1.0), np.float32(1.0), np.float32(1.0))"
0.19430137774806894,0.300488655893904,1.0,3.298358395059904,0.024517248511379916,0.03170946119792826,0.026572055032434688,BraTS20_Training_066,FLAIR,"(240, 240, 155)","(np.float32(1.0), np.float32(1.0), np.float32(1.0))"
0.2655120428973277,0.3936792308947974,1.0,3.6178524283926334,0.019768594829814808,0.024286408142748295,0.01740940734932717,BraTS20_Training_276,T1,"(240, 240, 155)","(np.float32(1.0), np.float32(1.0), np.float32(1.0))"
0.2647483330149084,0.39317924438186225,1.0,3.5648418732126,0.02731695000696603,0.02885359618576059,0.015313153071267268,BraTS20_Training_276,T1ce,"(240, 240, 155)","(np.float32(1.0), np.float32(1.0), np.float32(1.0))"
0.16343814848186983,0.250900923598666,1.0,3.775791399884893,0.016504514141178175,0.024004259623700397,0.016530900272758182,BraTS20_Training_276,T2,"(240, 240, 155)","(np.float32(1.0), np.float32(1.0), np.float32(1.0))"
0.2586974446568488,0.38477668752287303,1.0,3.6695297482124443,0.02731732435540182,0.02991741177496026,0.020056215326370586,BraTS20_Training_276,FLAIR,"(240, 240, 155)","(np.float32(1.0), np.float32(1.0), np.float32(1.0))"
0.23372997048281677,0.3617496845360896,1.0,3.4154943514660596,0.01401851865187527,0.030205110726857175,0.0172489590565517,BraTS20_Training_086,T1,"(240, 240, 155)","(np.float32(1.0), np.float32(1.0), np.float32(1.0))"
0.23213964678511,0.3555584016026505,1.0,3.3697400316529027,0.032640686331349256,0.03207392545139136,0.022698509293832214,BraTS20_Training_086,T1ce,"(240, 240, 155)","(np.float32(1.0), np.float32(1.0), np.float32(1.0))"
0.12071408321702722,0.21134552322961428,1.0,3.7487772184978096,0.018674457448463997,0.0331250921743429,0.012021170707269144,BraTS20_Training_086,T2,"(240, 240, 155)","(np.float32(1.0), np.float32(1.0), np.float32(1.0))"
0.20385020117610647,0.3212329026532742,1.0,3.2790502694728456,0.037161075430047874,0.04014038600560053,0.032529533223002276,BraTS20_Training_086,FLAIR,"(240, 240, 155)","(np.float32(1.0), np.float32(1.0), np.float32(1.0))"
0.20827434868875083,0.35973601818747064,1.0,2.773896845055405,0.01389565356703488,0.02221251590699029,0.009932934283836469,BraTS20_Training_187,T1,"(240, 240, 155)","(np.float32(1.0), np.float32(1.0), np.float32(1.0))"
0.1892496843434343,0.3245497441418034,1.0,2.759463327491201,0.01735846545229662,0.02030884579233941,0.00954088611848199,BraTS20_Training_187,T1ce,"(240, 240, 155)","(np.float32(1.0), np.float32(1.0), np.float32(1.0))"
0.14581410773669795,0.26119672732779886,1.0,3.0239914179778014,0.00897626388527271,0.024180931677032492,0.010091158169806004,BraTS20_Training_187,T2,"(240, 240, 155)","(np.float32(1.0), np.float32(1.0), np.float32(1.0))"
0.13910210603273307,0.25049217283712905,1.0,2.6576964844518725,0.012455154501375165,0.025440126109924733,0.019371044879460595,BraTS20_Training_187,FLAIR,"(240, 240, 155)","(np.float32(1.0), np.float32(1.0), np.float32(1.0))"
0.22250158711650087,0.34884571644347767,1.0,3.4682893065266502,0.006893638225036199,0.02678838526953852,0.014651638134210105,BraTS20_Training_071,T1,"(240, 240, 155)","(np.float32(1.0), np.float32(1.0), np.float32(1.0))"
0.221894793108949,0.34545256770255656,1.0,3.461501598034995,0.013983483612226061,0.02776176065159896,0.01893652341715725,BraTS20_Training_071,T1ce,"(240, 240, 155)","(np.float32(1.0), np.float32(1.0), np.float32(1.0))"
0.1286143246802107,0.22538058696104268,1.0,3.3106326429125756,0.005287033132794449,0.018692987021172877,0.01123367604030715,BraTS20_Training_071,T2,"(240, 240, 155)","(np.float32(1.0), np.float32(1.0), np.float32(1.0))"
0.1413789949223417,0.23954014629838902,1.0,3.4873757635559053,0.007549259640072163,0.020105723714034622,0.01566676724300558,BraTS20_Training_071,FLAIR,"(240, 240, 155)","(np.float32(1.0), np.float32(1.0), np.float32(1.0))"
0.23089820906432745,0.37413184533643346,1.0,2.893672351207346,0.012044131527649533,0.02233817822644281,0.009758765373748006,BraTS20_Training_160,T1,"(240, 240, 155)","(np.float32(1.0), np.float32(1.0), np.float32(1.0))"
0.22901278616214638,0.3672757413695996,1.0,2.8913117255797625,0.0174118191754902,0.02012270498417471,0.014220082897239602,BraTS20_Training_160,T1ce,"(240, 240, 155)","(np.float32(1.0), np.float32(1.0), np.float32(1.0))"
0.1318189964157706,0.2331811816881764,1.0,3.1952413766480188,0.006050562383879263,0.019651090438594192,0.011132947498993783,BraTS20_Training_160,T2,"(240, 240, 155)","(np.float32(1.0), np.float32(1.0), np.float32(1.0))"
0.14279174648786716,0.24667127343929643,1.0,2.868145810528328,0.008202156416115769,0.02097701386544558,0.014559614948588876,BraTS20_Training_160,FLAIR,"(240, 240, 155)","(np.float32(1.0), np.float32(1.0), np.float32(1.0))"
0.20956215776865159,0.33437887763368457,1.0,3.3494327166752784,0.013706744100901325,0.029524381040656897,0.01700937509271193,BraTS20_Training_013,T1,"(240, 240, 155)","(np.float32(1.0), np.float32(1.0), np.float32(1.0))"
0.21448759633911374,0.3388565624642286,1.0,3.3235865881386384,0.027536731220679064,0.03164131105571123,0.021864830050806576,BraTS20_Training_013,T1ce,"(240, 240, 155)","(np.float32(1.0), np.float32(1.0), np.float32(1.0))"
0.1100474924012158,0.20398905960360572,1.0,3.138303709511412,0.015217306365733256,0.029395556058807427,0.021455179044517613,BraTS20_Training_013,T2,"(240, 240, 155)","(np.float32(1.0), np.float32(1.0), np.float32(1.0))"
0.15078490768216288,0.24928290548166762,1.0,3.146078755743345,0.019604349680712948,0.031124636858785214,0.02702924355794866,BraTS20_Training_013,FLAIR,"(240, 240, 155)","(np.float32(1.0), np.float32(1.0), np.float32(1.0))"
0.20403727911341546,0.3416882704030194,1.0,3.070666547396385,0.013317380939299402,0.029441562722580885,0.017909111498890497,BraTS20_Training_036,T1,"(240, 240, 155)","(np.float32(1.0), np.float32(1.0), np.float32(1.0))"
0.1870156837406015,0.3117871826874718,1.0,3.076023597555087,0.030190888429760178,0.029009437979693332,0.02255849000788124,BraTS20_Training_036,T1ce,"(240, 240, 155)","(np.float32(1.0), np.float32(1.0), np.float32(1.0))"
0.10492916439934394,0.2012592437440978,1.0,3.384209472054805,0.016697115821264888,0.030005436635641505,0.012010317313018604,BraTS20_Training_036,T2,"(240, 240, 155)","(np.float32(1.0), np.float32(1.0), np.float32(1.0))"
0.1678410990087598,0.2844926853675195,1.0,2.8296984000407024,0.032389339767833814,0.03534340861354794,0.034767954741548146,BraTS20_Training_036,FLAIR,"(240, 240, 155)","(np.float32(1.0), np.float32(1.0), np.float32(1.0))"
0.177554848820059,0.3110528881131099,1.0,3.0236935611859077,0.01120246020907841,0.02505639398288356,0.017797125851905737,BraTS20_Training_029,T1,"(240, 240, 155)","(np.float32(1.0), np.float32(1.0), np.float32(1.0))"
0.18629950214980764,0.32234104485277126,1.0,3.0188454634591735,0.02626360610587774,0.028765798354655713,0.023108073651825652,BraTS20_Training_029,T1ce,"(240, 240, 155)","(np.float32(1.0), np.float32(1.0), np.float32(1.0))"
0.12451067639982503,0.22603474242225027,1.0,2.6792105999447604,0.007955659470346719,0.020234294712244087,0.007465581312580571,BraTS20_Training_029,T2,"(240, 240, 155)","(np.float32(1.0), np.float32(1.0), np.float32(1.0))"
0.12609119689542483,0.2323560127341186,1.0,2.8099400705039677,0.015616732539360453,0.027028293481187207,0.025712054818167056,BraTS20_Training_029,FLAIR,"(240, 240, 155)","(np.float32(1.0), np.float32(1.0), np.float32(1.0))"
0.21390096470737363,0.36222652598113714,1.0,3.375254244508774,0.008126396307412966,0.017419957058013143,0.00532376965301311,BraTS20_Training_171,T1,"(240, 240, 155)","(np.float32(1.0), np.float32(1.0), np.float32(1.0))"
0.19723089230160645,0.3381364338005133,1.0,3.808385445070814,0.02108808134799757,0.02302489084431941,0.016075359391110825,BraTS20_Training_171,T1ce,"(240, 240, 155)","(np.float32(1.0), np.float32(1.0), np.float32(1.0))"
0.1489244134140221,0.2596691890130348,1.0,3.603006988747665,0.008609335222523672,0.019033403926906268,0.010355794742690352,BraTS20_Training_171,T2,"(240, 240, 155)","(np.float32(1.0), np.float32(1.0), np.float32(1.0))"
0.20381828584873374,0.347558982254257,1.0,3.1859409025033396,0.010044062176303254,0.019553760754476946,0.008337831428267302,BraTS20_Training_171,FLAIR,"(240, 240, 155)","(np.float32(1.0), np.float32(1.0), np.float32(1.0))"
0.2568580473856209,0.3908273638044925,1.0,3.478739443200352,0.005381865598567857,0.019568331326735695,0.006667377082417204,BraTS20_Training_143,T1,"(240, 240, 155)","(np.float32(1.0), np.float32(1.0), np.float32(1.0))"
0.20001622086864407,0.3181192202294965,1.0,3.549825828775392,0.013003429205967316,0.029661812071859726,0.019715979463683506,BraTS20_Training_143,T1ce,"(240, 240, 155)","(np.float32(1.0), np.float32(1.0), np.float32(1.0))"
0.12970036840213597,0.2245176328839863,1.0,3.8793643799207596,0.0037708022720434552,0.018224351953204446,0.006805317314357541,BraTS20_Training_143,T2,"(240, 240, 155)","(np.float32(1.0), np.float32(1.0), np.float32(1.0))"
0.20561960361067508,0.3208647495622097,1.0,3.5203890322538895,0.004162624615921319,0.019951585111023944,0.002618410511489558,BraTS20_Training_143,FLAIR,"(240, 240, 155)","(np.float32(1.0), np.float32(1.0), np.float32(1.0))"
0.20633398501895814,0.35025574788646185,1.0,3.8719697846025687,0.01704401974698935,0.03194083831259902,0.017665153072469904,BraTS20_Training_299,T1,"(240, 240, 155)","(np.float32(1.0), np.float32(1.0), np.float32(1.0))"
0.2005655141278946,0.3432879016512132,1.0,3.9421013916437966,0.023414949154622784,0.03465000588891284,0.02759912261907079,BraTS20_Training_299,T1ce,"(240, 240, 155)","(np.float32(1.0), np.float32(1.0), np.float32(1.0))"
0.14745514818885733,0.24627585777580305,1.0,3.979325257404481,0.016588629958607208,0.025431078239398743,0.008435076447383744,BraTS20_Training_299,T2,"(240, 240, 155)","(np.float32(1.0), np.float32(1.0), np.float32(1.0))"
0.21211962762467193,0.33812709857438944,1.0,3.4752077603163922,0.030076227382393038,0.03139190735672568,0.02433134591550247,BraTS20_Training_299,FLAIR,"(240, 240, 155)","(np.float32(1.0), np.float32(1.0), np.float32(1.0))"
0.23460491502099645,0.3833702920177599,1.0,3.2257113675999243,0.010108206393971506,0.01726076941622012,0.009879185512438757,BraTS20_Training_248,T1,"(240, 240, 155)","(np.float32(1.0), np.float32(1.0), np.float32(1.0))"
0.2120776889659305,0.3461970329490262,1.0,3.295691835687529,0.013097502695005208,0.017275125030301625,0.011084744513929162,BraTS20_Training_248,T1ce,"(240, 240, 155)","(np.float32(1.0), np.float32(1.0), np.float32(1.0))"
0.10600911978750333,0.1944902187991154,1.0,3.3646722355183853,0.005792610528383847,0.015492304442592813,0.010971458920575187,BraTS20_Training_248,T2,"(240, 240, 155)","(np.float32(1.0), np.float32(1.0), np.float32(1.0))"
0.1311483767408211,0.22708466487820103,1.0,3.449358700025859,0.004166008501647097,0.014073833396371851,0.009002786247108204,BraTS20_Training_248,FLAIR,"(240, 240, 155)","(np.float32(1.0), np.float32(1.0), np.float32(1.0))"
0.24698500380792046,0.383104061753126,1.0,3.7281094007192084,0.008667178380381845,0.024060848667609894,0.008410762243625362,BraTS20_Training_151,T1,"(240, 240, 155)","(np.float32(1.0), np.float32(1.0), np.float32(1.0))"
0.22363346331526696,0.34816838955326995,1.0,3.6727963632194465,0.008082785251278993,0.022528300404180315,0.008893469014357992,BraTS20_Training_151,T1ce,"(240, 240, 155)","(np.float32(1.0), np.float32(1.0), np.float32(1.0))"
0.14349578498710117,0.24034675237824105,1.0,4.279562251178507,0.014099985627180732,0.030044242286384453,0.013197748328556524,BraTS20_Training_151,T2,"(240, 240, 155)","(np.float32(1.0), np.float32(1.0), np.float32(1.0))"
0.23849480153183147,0.36769300201812016,1.0,3.596572500446034,0.010094907083518784,0.022306231945034616,0.010195731133451277,BraTS20_Training_151,FLAIR,"(240, 240, 155)","(np.float32(1.0), np.float32(1.0), np.float32(1.0))"
0.25545494649362477,0.39020421753640083,1.0,3.1229817612122583,0.014703381303064688,0.022709758790720666,0.01285082189807047,BraTS20_Training_229,T1,"(240, 240, 155)","(np.float32(1.0), np.float32(1.0), np.float32(1.0))"
0.25903882174158893,0.3928247740466997,1.0,3.071493485440666,0.023184684165790795,0.024071517723505166,0.01668918545203564,BraTS20_Training_229,T1ce,"(240, 240, 155)","(np.float32(1.0), np.float32(1.0), np.float32(1.0))"
0.17938838252314815,0.282586231620016,1.0,3.380232650252962,0.02518115939753864,0.02941399302169947,0.02683787665929248,BraTS20_Training_229,T2,"(240, 240, 155)","(np.float32(1.0), np.float32(1.0), np.float32(1.0))"
0.2410879916116612,0.3712946994535864,1.0,2.9185104086472715,0.017954858217876242,0.030978432679225863,0.0030881662940576344,BraTS20_Training_229,FLAIR,"(240, 240, 155)","(np.float32(1.0), np.float32(1.0), np.float32(1.0))"
0.24930834471766847,0.3856009784770515,1.0,3.110601403470991,0.01312651803577294,0.0235001796187161,0.0025496823324149508,BraTS20_Training_222,T1,"(240, 240, 155)","(np.float32(1.0), np.float32(1.0), np.float32(1.0))"
0.24676827485380118,0.3817401020007062,1.0,2.6316704115560308,0.02583214835333949,0.03143726043060826,0.01391690337251548,BraTS20_Training_222,T1ce,"(240, 240, 155)","(np.float32(1.0), np.float32(1.0), np.float32(1.0))"
0.14554347257118927,0.2384881740609559,1.0,3.248428565664291,0.017205966757994327,0.033884256053876245,0.013494642651855338,BraTS20_Training_222,T2,"(240, 240, 155)","(np.float32(1.0), np.float32(1.0), np.float32(1.0))"
0.21480719385758995,0.33630471675895024,1.0,2.833045863215399,0.028108728909056843,0.03524583487164899,0.025296490421803902,BraTS20_Training_222,FLAIR,"(240, 240, 155)","(np.float32(1.0), np.float32(1.0), np.float32(1.0))"
0.27850329431684334,0.40002994407992104,1.0,3.651001549603369,0.0046447598964554715,0.021465357122434504,0.006807075744629237,BraTS20_Training_132,T1,"(240, 240, 155)","(np.float32(1.0), np.float32(1.0), np.float32(1.0))"
0.13648144661981257,0.21585936628740754,1.0,3.7764609798292033,0.007691496171054702,0.020756944055974617,0.012175746700299082,BraTS20_Training_132,T1ce,"(240, 240, 155)","(np.float32(1.0), np.float32(1.0), np.float32(1.0))"
0.17489536956381468,0.26797738519815356,1.0,3.9753993655163424,0.007518968953170535,0.02678081366266695,0.008842260083441692,BraTS20_Training_132,T2,"(240, 240, 155)","(np.float32(1.0), np.float32(1.0), np.float32(1.0))"
0.17171379387199698,0.2820652336670354,1.0,3.5013020256244016,0.0038423890264842548,0.02127391520052084,0.003991380550241998,BraTS20_Training_132,FLAIR,"(240, 240, 155)","(np.float32(1.0), np.float32(1.0), np.float32(1.0))"
0.25672035351292677,0.3969588861763158,1.0,3.240721268864203,0.01714657887154054,0.0254504729309397,0.005516415987102519,BraTS20_Training_249,T1,"(240, 240, 155)","(np.float32(1.0), np.float32(1.0), np.float32(1.0))"
0.25748310391865076,0.39730076878883214,1.0,3.1292180190470833,0.018808195153061223,0.025054321080111568,0.008516878465770813,BraTS20_Training_249,T1ce,"(240, 240, 155)","(np.float32(1.0), np.float32(1.0), np.float32(1.0))"
0.21148149077046552,0.3259340249720024,1.0,3.218793238994909,0.01970387315385692,0.02279215685546771,0.007293028741025351,BraTS20_Training_249,T2,"(240, 240, 155)","(np.float32(1.0), np.float32(1.0), np.float32(1.0))"
0.2372176162131519,0.36965305841421936,1.0,3.233161689358581,0.02416555066754593,0.03354480991990664,0.013621061101227495,BraTS20_Training_249,FLAIR,"(240, 240, 155)","(np.float32(1.0), np.float32(1.0), np.float32(1.0))"
0.2085064964157706,0.33372271501855844,1.0,3.365222118095964,0.015528347689520947,0.031043569846464385,0.01743792122910559,BraTS20_Training_052,T1,"(240, 240, 155)","(np.float32(1.0), np.float32(1.0), np.float32(1.0))"
0.20929733009708737,0.3311921347756403,1.0,3.3532838143427504,0.02951418894858663,0.03385526037592557,0.023705210153819985,BraTS20_Training_052,T1ce,"(240, 240, 155)","(np.float32(1.0), np.float32(1.0), np.float32(1.0))"
0.12374603351126928,0.22476845654007457,1.0,3.7269898401958397,0.016101809595876447,0.034806513622465646,0.012124903638657947,BraTS20_Training_052,T2,"(240, 240, 155)","(np.float32(1.0), np.float32(1.0), np.float32(1.0))"
0.13634615384615384,0.22811967267601022,1.0,3.170926094896908,0.025792616703448585,0.029163113658459656,0.025684368466936808,BraTS20_Training_052,FLAIR,"(240, 240, 155)","(np.float32(1.0), np.float32(1.0), np.float32(1.0))"
0.2369053553169734,0.3682583387664289,1.0,3.3464018199924137,0.02024063624924434,0.024933483688360302,0.00920953947435192,BraTS20_Training_241,T1,"(240, 240, 155)","(np.float32(1.0), np.float32(1.0), np.float32(1.0))"
0.2384671912804765,0.3662906741028897,1.0,3.34047524560588,0.02336830846412096,0.020984332855076317,0.009621362566949057,BraTS20_Training_241,T1ce,"(240, 240, 155)","(np.float32(1.0), np.float32(1.0), np.float32(1.0))"
0.16966656064461408,0.27410261950636305,1.0,3.544046059038279,0.010023214861558041,0.022224363934506074,0.007506960461118121,BraTS20_Training_241,T2,"(240, 240, 155)","(np.float32(1.0), np.float32(1.0), np.float32(1.0))"
0.15464576476161981,0.2570508434947649,1.0,3.4481653563643624,0.009287073872742361,0.020582982594018057,0.007654170008733781,BraTS20_Training_241,FLAIR,"(240, 240, 155)","(np.float32(1.0), np.float32(1.0), np.float32(1.0))"
0.2338793466605392,0.384640974066755,1.0,2.956030363671932,0.015875840177906334,0.02099716900028727,0.011126416611549894,BraTS20_Training_278,T1,"(240, 240, 155)","(np.float32(1.0), np.float32(1.0), np.float32(1.0))"
0.23464856600870213,0.3839259057487796,1.0,3.145471393884596,0.01660995679833357,0.01740000181032291,0.010978567128048547,BraTS20_Training_278,T1ce,"(240, 240, 155)","(np.float32(1.0), np.float32(1.0), np.float32(1.0))"
0.158311952322369,0.27087879828003686,1.0,3.3904441861804306,0.01730761682045352,0.02365093308542432,0.017792049376933478,BraTS20_Training_278,T2,"(240, 240, 155)","(np.float32(1.0), np.float32(1.0), np.float32(1.0))"
0.16735822526770805,0.28300005984031434,1.0,3.3312253474081857,0.010236580825461203,0.019491154474126048,0.013123267509107545,BraTS20_Training_278,FLAIR,"(240, 240, 155)","(np.float32(1.0), np.float32(1.0), np.float32(1.0))"
0.20475809151785712,0.3366067666176216,1.0,3.320667723876478,0.012607157583085317,0.029934955516320014,0.018585561881327248,BraTS20_Training_096,T1,"(240, 240, 155)","(np.float32(1.0), np.float32(1.0), np.float32(1.0))"
0.17106024882779197,0.2806438840120702,1.0,3.34108497723972,0.017297330623982053,0.027902865768503517,0.01963604412337179,BraTS20_Training_096,T1ce,"(240, 240, 155)","(np.float32(1.0), np.float32(1.0), np.float32(1.0))"
0.13980793399857563,0.24424165959210145,1.0,3.618145897946414,0.012291168348083187,0.03179151969333522,0.01429413511896409,BraTS20_Training_096,T2,"(240, 240, 155)","(np.float32(1.0), np.float32(1.0), np.float32(1.0))"
0.1178884719488189,0.21121138916127058,1.0,3.17246909415121,0.020540932917803335,0.025881942355956915,0.024777619030937108,BraTS20_Training_096,FLAIR,"(240, 240, 155)","(np.float32(1.0), np.float32(1.0), np.float32(1.0))"
0.2538953703703704,0.38525260741723266,1.0,3.3369896140457853,0.01554672987654321,0.026861435484667906,0.008113439622684494,BraTS20_Training_283,T1,"(240, 240, 155)","(np.float32(1.0), np.float32(1.0), np.float32(1.0))"
0.26121160794941284,0.3910633121246311,1.0,3.2722093910565,0.02224044462478651,0.024485095492825005,0.0019957476001228065,BraTS20_Training_283,T1ce,"(240, 240, 155)","(np.float32(1.0), np.float32(1.0), np.float32(1.0))"
0.19710771023592089,0.30422814585298236,1.0,3.535890720843965,0.010736604452217687,0.02704581516278401,0.009206557083744831,BraTS20_Training_283,T2,"(240, 240, 155)","(np.float32(1.0), np.float32(1.0), np.float32(1.0))"
0.21960042597365403,0.3437464304656198,1.0,3.1581489222301746,0.03037572071952386,0.043943100585513976,0.031618093569084994,BraTS20_Training_283,FLAIR,"(240, 240, 155)","(np.float32(1.0), np.float32(1.0), np.float32(1.0))"
0.23861035119715676,0.37802776341832783,1.0,2.9738710711961533,0.019906368996108988,0.02386662495814656,0.010401847922538997,BraTS20_Training_179,T1,"(240, 240, 155)","(np.float32(1.0), np.float32(1.0), np.float32(1.0))"
0.20430728460930445,0.3222429668163658,1.0,3.023820036995235,0.020399486436323548,0.01919779561001112,0.012899744441541633,BraTS20_Training_179,T1ce,"(240, 240, 155)","(np.float32(1.0), np.float32(1.0), np.float32(1.0))"
0.1515312634062634,0.25364548918983043,1.0,3.247310417813065,0.012721447919927652,0.02536086891852664,0.015557069404708272,BraTS20_Training_179,T2,"(240, 240, 155)","(np.float32(1.0), np.float32(1.0), np.float32(1.0))"
0.12100852752448497,0.20888068603583176,1.0,2.9292642057206435,0.008344450821674678,0.018968711419811643,0.01437350207590247,BraTS20_Training_179,FLAIR,"(240, 240, 155)","(np.float32(1.0), np.float32(1.0), np.float32(1.0))"
0.1850135278490943,0.3187531317151818,1.0,3.793287976772977,0.0236627762667651,0.03912893902216507,0.02432726902535558,BraTS20_Training_205,T1,"(240, 240, 155)","(np.float32(1.0), np.float32(1.0), np.float32(1.0))"
0.17994780232345411,0.31204377147313567,1.0,3.8516853547173917,0.03874204613886274,0.044014832548965425,0.03541100587661603,BraTS20_Training_205,T1ce,"(240, 240, 155)","(np.float32(1.0), np.float32(1.0), np.float32(1.0))"
0.16445212906389078,0.27295127854707407,1.0,3.950691234369302,0.015486289016713351,0.030528922921296303,0.012012411564173481,BraTS20_Training_205,T2,"(240, 240, 155)","(np.float32(1.0), np.float32(1.0), np.float32(1.0))"
0.1823548045697054,0.3095510023379392,1.0,3.520488488184953,0.035367499009670365,0.04002551159345065,0.031245659267325615,BraTS20_Training_205,FLAIR,"(240, 240, 155)","(np.float32(1.0), np.float32(1.0), np.float32(1.0))"
0.17981038701067614,0.30610707435169004,1.0,3.079566695759425,0.007304376879444002,0.0294772465076847,0.015098795627736902,BraTS20_Training_124,T1,"(240, 240, 155)","(np.float32(1.0), np.float32(1.0), np.float32(1.0))"
0.1701002692743764,0.28829523957385955,1.0,3.103214107076677,0.017633242089699963,0.03257966498340924,0.018244360702057774,BraTS20_Training_124,T1ce,"(240, 240, 155)","(np.float32(1.0), np.float32(1.0), np.float32(1.0))"
0.1366973172276511,0.2460858430489579,1.0,3.443077828429852,0.0036381218686015473,0.01867972691487961,0.0072552692312397625,BraTS20_Training_124,T2,"(240, 240, 155)","(np.float32(1.0), np.float32(1.0), np.float32(1.0))"
0.16616132730607963,0.2869690843636049,1.0,3.2329214215843285,0.003173724091214746,0.02002725475241947,0.007505359592649298,BraTS20_Training_124,FLAIR,"(240, 240, 155)","(np.float32(1.0), np.float32(1.0), np.float32(1.0))"
0.21927486422267478,0.34921926920110463,1.0,3.365593253964107,0.011683288702183546,0.029175678812823697,0.016755633820872338,BraTS20_Training_042,T1,"(240, 240, 155)","(np.float32(1.0), np.float32(1.0), np.float32(1.0))"
0.1715822118866196,0.273874919450956,1.0,3.396921443827623,0.023427288155578627,0.02896881402302317,0.0188575956211946,BraTS20_Training_042,T1ce,"(240, 240, 155)","(np.float32(1.0), np.float32(1.0), np.float32(1.0))"
0.11451019967152369,0.21011882761349085,1.0,3.833428330038748,0.0129659393025381,0.03065122957319053,0.011553672574165084,BraTS20_Training_042,T2,"(240, 240, 155)","(np.float32(1.0), np.float32(1.0), np.float32(1.0))"
0.12093623408564816,0.21021153262305273,1.0,3.333005746980851,0.013028671306510684,0.02536909269653221,0.020588602629726754,BraTS20_Training_042,FLAIR,"(240, 240, 155)","(np.float32(1.0), np.float32(1.0), np.float32(1.0))"
0.2176331453634085,0.34961695324085007,1.0,3.3215522720796433,0.007916471110027575,0.02825767941980711,0.01630774185133255,BraTS20_Training_090,T1,"(240, 240, 155)","(np.float32(1.0), np.float32(1.0), np.float32(1.0))"
0.1680857983262901,0.2702225002459081,1.0,3.3190274424204187,0.01840597013677649,0.026716114930981714,0.016242627443268858,BraTS20_Training_090,T1ce,"(240, 240, 155)","(np.float32(1.0), np.float32(1.0), np.float32(1.0))"
0.11000563150147452,0.20392549316061698,1.0,3.618511327862725,0.010915630856805391,0.028951177842105307,0.010958317193379754,BraTS20_Training_090,T2,"(240, 240, 155)","(np.float32(1.0), np.float32(1.0), np.float32(1.0))"
0.10780508703019101,0.1924017655615749,1.0,3.185870195816789,0.013490970710811808,0.02379865347939439,0.020097986100089588,BraTS20_Training_090,FLAIR,"(240, 240, 155)","(np.float32(1.0), np.float32(1.0), np.float32(1.0))"
0.252976136469384,0.37556473822933695,1.0,3.640686701821138,0.020435521701659236,0.031812507534181494,0.020381954996414674,BraTS20_Training_288,T1,"(240, 240, 155)","(np.float32(1.0), np.float32(1.0), np.float32(1.0))"
0.26084391743207036,0.38582946625347136,1.0,3.760049585372512,0.029039409413968164,0.033634667045895086,0.027052576055087398,BraTS20_Training_288,T1ce,"(240, 240, 155)","(np.float32(1.0), np.float32(1.0), np.float32(1.0))"
0.17791367738724978,0.2697396257895363,1.0,3.880580380478376,0.02512389528631967,0.02864744248726974,0.011746786424917126,BraTS20_Training_288,T2,"(240, 240, 155)","(np.float32(1.0), np.float32(1.0), np.float32(1.0))"
0.2567739515911543,0.37760324418736274,1.0,3.327885951462811,0.040549967279157634,0.032733106438860154,0.024072791135294952,BraTS20_Training_288,FLAIR,"(240, 240, 155)","(np.float32(1.0), np.float32(1.0), np.float32(1.0))"
0.2562480954055321,0.38462235619153146,1.0,3.1138184522880628,0.01512114914612845,0.02596839448856419,0.00925072392587391,BraTS20_Training_207,T1,"(240, 240, 155)","(np.float32(1.0), np.float32(1.0), np.float32(1.0))"
0.26305806646005514,0.39220460649007166,1.0,3.058679608481203,0.020529216256289416,0.02669386802040617,0.010741422013191414,BraTS20_Training_207,T1ce,"(240, 240, 155)","(np.float32(1.0), np.float32(1.0), np.float32(1.0))"
0.18841296036204744,0.28771923435903235,1.0,3.3711121717194774,0.012752375366466076,0.023899074490695105,0.008261412959777217,BraTS20_Training_207,T2,"(240, 240, 155)","(np.float32(1.0), np.float32(1.0), np.float32(1.0))"
0.2133220108695652,0.32526278476235937,1.0,2.837553369784964,0.023830253623188406,0.037364885894146896,0.02318219920425396,BraTS20_Training_207,FLAIR,"(240, 240, 155)","(np.float32(1.0), np.float32(1.0), np.float32(1.0))"
0.22305487472766886,0.34856634913559614,1.0,3.1886805005303023,0.016659542448061285,0.0228384518271074,0.010414646132216277,BraTS20_Training_255,T1,"(240, 240, 155)","(np.float32(1.0), np.float32(1.0), np.float32(1.0))"
0.18872093641275806,0.2966826418283096,1.0,3.4640573764555085,0.010084475733416,0.01868480321599974,0.01127505349253041,BraTS20_Training_255,T1ce,"(240, 240, 155)","(np.float32(1.0), np.float32(1.0), np.float32(1.0))"
0.1737918335240275,0.2875318929814018,1.0,3.6066559944275793,0.021094252099380872,0.02979484474102208,0.018902717225281036,BraTS20_Training_255,T2,"(240, 240, 155)","(np.float32(1.0), np.float32(1.0), np.float32(1.0))"
0.17811165566770187,0.2916129302550417,1.0,3.4375009031084898,0.012150730039377125,0.02388989798788219,0.013071588578928768,BraTS20_Training_255,FLAIR,"(240, 240, 155)","(np.float32(1.0), np.float32(1.0), np.float32(1.0))"
0.2134412692936727,0.34689243741454595,1.0,3.6000960401791056,0.017140982903053294,0.027824061195431567,0.020140129057491366,BraTS20_Training_308,T1,"(240, 240, 155)","(np.float32(1.0), np.float32(1.0), np.float32(1.0))"
0.22628239688552187,0.36441153151845573,1.0,3.705644852501399,0.02566712539536782,0.02853435632395679,0.025551344215412674,BraTS20_Training_308,T1ce,"(240, 240, 155)","(np.float32(1.0), np.float32(1.0), np.float32(1.0))"
0.16948168903648356,0.27568912986180566,1.0,3.8331971553370425,0.018315629435409996,0.023348239595571217,0.011123587904734729,BraTS20_Training_308,T2,"(240, 240, 155)","(np.float32(1.0), np.float32(1.0), np.float32(1.0))"
0.21744515368281817,0.3505123644281303,1.0,3.355226851092315,0.025770600900922595,0.02631646094373748,0.020030975977149753,BraTS20_Training_308,FLAIR,"(240, 240, 155)","(np.float32(1.0), np.float32(1.0), np.float32(1.0))"
0.2131666940069991,0.3421646854084959,1.0,3.335904163812337,0.011072031927049966,0.028876340252436218,0.012317250456150154,BraTS20_Training_005,T1,"(240, 240, 155)","(np.float32(1.0), np.float32(1.0), np.float32(1.0))"
0.21853085691823895,0.3464719341425643,1.0,3.2925438294685,0.027894387707171397,0.03216516755325302,0.021483764327031408,BraTS20_Training_005,T1ce,"(240, 240, 155)","(np.float32(1.0), np.float32(1.0), np.float32(1.0))"
0.13467728758169933,0.23164970879530095,1.0,3.051583057287842,0.02553256834384686,0.034349602977081416,0.021994953405888265,BraTS20_Training_005,T2,"(240, 240, 155)","(np.float32(1.0), np.float32(1.0), np.float32(1.0))"
0.1871803812180381,0.3038318636320242,1.0,3.0350890319976136,0.03563798291735478,0.041596386741222915,0.035814941225097624,BraTS20_Training_005,FLAIR,"(240, 240, 155)","(np.float32(1.0), np.float32(1.0), np.float32(1.0))"
0.24560965475250132,0.3716011494464759,1.0,3.6017122559889345,0.015518296687081502,0.022354019067937533,0.01255277832822221,BraTS20_Training_257,T1,"(240, 240, 155)","(np.float32(1.0), np.float32(1.0), np.float32(1.0))"
0.2431809253176681,0.36400906062209776,1.0,3.6117543324463055,0.020898218345928116,0.021640277803988167,0.014093021281872464,BraTS20_Training_257,T1ce,"(240, 240, 155)","(np.float32(1.0), np.float32(1.0), np.float32(1.0))"
0.15442020661415354,0.2513522393262623,1.0,4.126544356984655,0.020290514667887713,0.026382297975393307,0.018548656021433903,BraTS20_Training_257,T2,"(240, 240, 155)","(np.float32(1.0), np.float32(1.0), np.float32(1.0))"
0.1655461830081848,0.26141895646987456,1.0,3.6200257700871896,0.009637570239171266,0.019639609925577818,0.011163197121200893,BraTS20_Training_257,FLAIR,"(240, 240, 155)","(np.float32(1.0), np.float32(1.0), np.float32(1.0))"
0.22660817184394433,0.3548522618604901,1.0,4.176987611766923,0.007873496784599225,0.028638672425107998,0.010330477640433978,BraTS20_Training_359,T1,"(240, 240, 155)","(np.float32(1.0), np.float32(1.0), np.float32(1.0))"
0.2098001745455964,0.32695803828206155,1.0,4.201558016606138,0.01548521882834105,0.027858000689610658,0.011083517713077107,BraTS20_Training_359,T1ce,"(240, 240, 155)","(np.float32(1.0), np.float32(1.0), np.float32(1.0))"
0.1835644658705299,0.2913194053196715,1.0,4.020035424799579,0.013038869729300004,0.02781691049222998,0.008739437142188122,BraTS20_Training_359,T2,"(240, 240, 155)","(np.float32(1.0), np.float32(1.0), np.float32(1.0))"
0.21796099260327928,0.3391818823168063,1.0,3.702718194109952,0.011723149141491132,0.027033883905291007,0.009898354008028807,BraTS20_Training_359,FLAIR,"(240, 240, 155)","(np.float32(1.0), np.float32(1.0), np.float32(1.0))"
0.22240359042553193,0.3490157588613157,1.0,3.4022548782432964,0.010859418383129621,0.0313064896019803,0.017566091151001915,BraTS20_Training_101,T1,"(240, 240, 155)","(np.float32(1.0), np.float32(1.0), np.float32(1.0))"
0.22852279740335082,0.3541537680863396,1.0,3.3666065826844855,0.02487671596242131,0.03321479361338921,0.02319081068359058,BraTS20_Training_101,T1ce,"(240, 240, 155)","(np.float32(1.0), np.float32(1.0), np.float32(1.0))"
0.1370243152998649,0.23405288606305044,1.0,3.687893767859226,0.015532315241089101,0.03441060726667418,0.012374521581946645,BraTS20_Training_101,T2,"(240, 240, 155)","(np.float32(1.0), np.float32(1.0), np.float32(1.0))"
0.15060197903947903,0.2485542747033023,1.0,3.160400231867203,0.03134291731704736,0.03554667982839284,0.029432373811741543,BraTS20_Training_101,FLAIR,"(240, 240, 155)","(np.float32(1.0), np.float32(1.0), np.float32(1.0))"
0.24385803952991453,0.39085063636151424,1.0,2.755110284764652,0.012201999609631822,0.02242678223776907,0.0022338642736005904,BraTS20_Training_227,T1,"(240, 240, 155)","(np.float32(1.0), np.float32(1.0), np.float32(1.0))"
0.258050006592827,0.3932924790687244,1.0,3.0174219458418032,0.022123536364587228,0.02350479436060037,0.017582889407441984,BraTS20_Training_227,T1ce,"(240, 240, 155)","(np.float32(1.0), np.float32(1.0), np.float32(1.0))"
0.16823778790179697,0.268216955409983,1.0,3.258716902828258,0.023571678567866385,0.030342196547324344,0.02445349128188412,BraTS20_Training_227,T2,"(240, 240, 155)","(np.float32(1.0), np.float32(1.0), np.float32(1.0))"
0.22752050623993558,0.3526715592329888,1.0,2.790226995135494,0.03356811856752783,0.03588302994676964,0.037505811655871184,BraTS20_Training_227,FLAIR,"(240, 240, 155)","(np.float32(1.0), np.float32(1.0), np.float32(1.0))"
0.2400180209158089,0.37420711908396365,1.0,3.314770129456302,0.016777414532566766,0.03250864922195974,0.013148083376962966,BraTS20_Training_317,T1,"(240, 240, 155)","(np.float32(1.0), np.float32(1.0), np.float32(1.0))"
0.24423566070492664,0.37816149476904487,1.0,3.2920966683413546,0.021084262305745918,0.032308831266662605,0.015344022842433925,BraTS20_Training_317,T1ce,"(240, 240, 155)","(np.float32(1.0), np.float32(1.0), np.float32(1.0))"
0.1409875978448714,0.23723011235132246,1.0,3.6790071880586384,0.019801554886042304,0.03261966366660026,0.01253500893405075,BraTS20_Training_317,T2,"(240, 240, 155)","(np.float32(1.0), np.float32(1.0), np.float32(1.0))"
0.18361955809132874,0.2869903985953238,1.0,3.1581397928723933,0.016634838066506577,0.02716333682074773,0.01764697258594684,BraTS20_Training_317,FLAIR,"(240, 240, 155)","(np.float32(1.0), np.float32(1.0), np.float32(1.0))"
0.2059635635320459,0.36685008738720637,1.0,2.601005087834365,0.009998314217814691,0.017972491764786352,0.0021922311084210887,BraTS20_Training_214,T1,"(240, 240, 155)","(np.float32(1.0), np.float32(1.0), np.float32(1.0))"
0.17721408799533797,0.3168848589493731,1.0,2.305544874966278,0.02191290255975571,0.024328398947996047,0.014857257419385334,BraTS20_Training_214,T1ce,"(240, 240, 155)","(np.float32(1.0), np.float32(1.0), np.float32(1.0))"
0.1162909521447468,0.2262011877485323,1.0,2.851918886286842,0.01030193351551694,0.02199627884316255,0.010309283396626701,BraTS20_Training_214,T2,"(240, 240, 155)","(np.float32(1.0), np.float32(1.0), np.float32(1.0))"
0.1171715578258547,0.2258505003320389,1.0,2.698213062466405,0.005353079350036983,0.014815568075080563,0.009873816620134689,BraTS20_Training_214,FLAIR,"(240, 240, 155)","(np.float32(1.0), np.float32(1.0), np.float32(1.0))"
0.26355996094625384,0.39687919941979893,1.0,3.7869762257589876,0.017737367865092647,0.025625699689574358,0.0071536545883343385,BraTS20_Training_172,T1,"(240, 240, 155)","(np.float32(1.0), np.float32(1.0), np.float32(1.0))"
0.2735089084388793,0.4086444272459628,1.0,3.5834043955185026,0.023928701924303873,0.024515907963747988,0.008681708669328141,BraTS20_Training_172,T1ce,"(240, 240, 155)","(np.float32(1.0), np.float32(1.0), np.float32(1.0))"
0.17537319936086526,0.2750582784408056,1.0,4.154737602349709,0.024519805931901045,0.030574501825532476,0.014206460716229174,BraTS20_Training_172,T2,"(240, 240, 155)","(np.float32(1.0), np.float32(1.0), np.float32(1.0))"
0.23988626553867404,0.3698947072859965,1.0,3.5966474951450653,0.022012657723741648,0.03437710116695967,0.014947491367313732,BraTS20_Training_172,FLAIR,"(240, 240, 155)","(np.float32(1.0), np.float32(1.0), np.float32(1.0))"
0.22122397559089904,0.3389392362910083,1.0,3.531225375301029,0.00777972819148726,0.0296367303880664,0.016273944252697934,BraTS20_Training_099,T1,"(240, 240, 155)","(np.float32(1.0), np.float32(1.0), np.float32(1.0))"
0.2179825445670628,0.3297736936601216,1.0,3.5020662218604937,0.0251664467959244,0.034294168294003245,0.023200747174512343,BraTS20_Training_099,T1ce,"(240, 240, 155)","(np.float32(1.0), np.float32(1.0), np.float32(1.0))"
0.13712175117338604,0.22685060227671847,1.0,3.7847435431607357,0.014931029575698765,0.03306758743283553,0.01165428380208983,BraTS20_Training_099,T2,"(240, 240, 155)","(np.float32(1.0), np.float32(1.0), np.float32(1.0))"
0.20749394234612312,0.32260340039975766,1.0,3.291718072478416,0.036315385641127386,0.0433708680196699,0.035224966092070376,BraTS20_Training_099,FLAIR,"(240, 240, 155)","(np.float32(1.0), np.float32(1.0), np.float32(1.0))"
0.21318487811791387,0.3676277276444258,1.0,2.6827112656355725,0.009001226742586679,0.020170282427162234,0.002183624464171824,BraTS20_Training_216,T1,"(240, 240, 155)","(np.float32(1.0), np.float32(1.0), np.float32(1.0))"
0.16939941847335138,0.2943966327956144,1.0,2.3636452851083245,0.023590402629974812,0.0268521628841831,0.014892279130083567,BraTS20_Training_216,T1ce,"(240, 240, 155)","(np.float32(1.0), np.float32(1.0), np.float32(1.0))"
0.12494070898515844,0.23299642135726953,1.0,2.949977045891778,0.010865470134969973,0.027203531248487747,0.01185077243115022,BraTS20_Training_216,T2,"(240, 240, 155)","(np.float32(1.0), np.float32(1.0), np.float32(1.0))"
0.1240796189784001,0.22749296236288746,1.0,2.6586743325916866,0.007411339488712394,0.018819780996660224,0.01353199441632611,BraTS20_Training_216,FLAIR,"(240, 240, 155)","(np.float32(1.0), np.float32(1.0), np.float32(1.0))"
0.19470506730007917,0.33450095470205987,1.0,2.8928167749513203,0.015962722640986627,0.0246359461485955,0.016892489556067123,BraTS20_Training_062,T1,"(240, 240, 155)","(np.float32(1.0), np.float32(1.0), np.float32(1.0))"
0.15710035513934129,0.27274679665241297,1.0,2.968594799548364,0.022682665694360445,0.024391825314006393,0.019186206386656326,BraTS20_Training_062,T1ce,"(240, 240, 155)","(np.float32(1.0), np.float32(1.0), np.float32(1.0))"
0.1436982294060774,0.25706411062111834,1.0,2.7298056595579823,0.015383609720528265,0.02343031003854067,0.018005858204446428,BraTS20_Training_062,T2,"(240, 240, 155)","(np.float32(1.0), np.float32(1.0), np.float32(1.0))"
0.12802027555698509,0.23556647720840096,1.0,2.867195955894643,0.012762718470335636,0.021503091957147225,0.022306748641292458,BraTS20_Training_062,FLAIR,"(240, 240, 155)","(np.float32(1.0), np.float32(1.0), np.float32(1.0))"
0.2151703074433657,0.33871687759783875,1.0,3.381995864498479,0.012459725102376388,0.029664665268864385,0.016112500149502187,BraTS20_Training_048,T1,"(240, 240, 155)","(np.float32(1.0), np.float32(1.0), np.float32(1.0))"
0.21056065295732515,0.32861753422110473,1.0,3.3394776122711862,0.02977614359853393,0.02964913749798641,0.020840833026047553,BraTS20_Training_048,T1ce,"(240, 240, 155)","(np.float32(1.0), np.float32(1.0), np.float32(1.0))"
0.11441127770781934,0.20271844925692065,1.0,3.6317291510599707,0.017064432078403493,0.031210897439808632,0.011126268178113342,BraTS20_Training_048,T2,"(240, 240, 155)","(np.float32(1.0), np.float32(1.0), np.float32(1.0))"
0.19330923288795124,0.3091029151517918,1.0,3.089424610342728,0.03666107466356491,0.04402529003107912,0.03591040372779215,BraTS20_Training_048,FLAIR,"(240, 240, 155)","(np.float32(1.0), np.float32(1.0), np.float32(1.0))"
0.19566930910028354,0.3259668433048069,1.0,3.139712490078511,0.013789731085163794,0.026469895995204048,0.018831038436948597,BraTS20_Training_033,T1,"(240, 240, 155)","(np.float32(1.0), np.float32(1.0), np.float32(1.0))"
0.19447389544087215,0.3213413278439227,1.0,3.1396064284086127,0.02503129196304161,0.02769081466164548,0.022086217659167302,BraTS20_Training_033,T1ce,"(240, 240, 155)","(np.float32(1.0), np.float32(1.0), np.float32(1.0))"
0.1307359433085502,0.23705049771853684,1.0,2.897070928651305,0.019303880888876603,0.03052245535441233,0.02036176143313564,BraTS20_Training_033,T2,"(240, 240, 155)","(np.float32(1.0), np.float32(1.0), np.float32(1.0))"
0.12166039458895311,0.21697050944138493,1.0,2.952632302457344,0.014490898714921612,0.024975936684502643,0.024342657884785016,BraTS20_Training_033,FLAIR,"(240, 240, 155)","(np.float32(1.0), np.float32(1.0), np.float32(1.0))"
0.22160132137345684,0.3399560213329251,1.0,2.745535789387035,0.0023044865612139916,0.025251573557155235,0.007032195465922959,BraTS20_Training_268,T1,"(240, 240, 155)","(np.float32(1.0), np.float32(1.0), np.float32(1.0))"
0.2298212962962963,0.3471680386748353,1.0,2.702906719748359,0.00492383950617284,0.024984871970251052,0.008979564663903705,BraTS20_Training_268,T1ce,"(240, 240, 155)","(np.float32(1.0), np.float32(1.0), np.float32(1.0))"
0.17803704975579976,0.279215406023093,1.0,3.927102226590708,0.00979814966640641,0.029705235315223108,0.012079678183763858,BraTS20_Training_268,T2,"(240, 240, 155)","(np.float32(1.0), np.float32(1.0), np.float32(1.0))"
0.21869003915810084,0.3384484217924507,1.0,3.1684520050845415,0.003914638951960169,0.024046537773079652,0.0022304760949183136,BraTS20_Training_268,FLAIR,"(240, 240, 155)","(np.float32(1.0), np.float32(1.0), np.float32(1.0))"
0.2517806415743538,0.38375718903250294,1.0,3.175602236891803,0.017614252372346605,0.024984541791513163,0.007543148553900756,BraTS20_Training_201,T1,"(240, 240, 155)","(np.float32(1.0), np.float32(1.0), np.float32(1.0))"
0.19923115639034453,0.30708939469193164,1.0,3.275670764992854,0.015217319901943228,0.024901763681999332,0.011102394243222227,BraTS20_Training_201,T1ce,"(240, 240, 155)","(np.float32(1.0), np.float32(1.0), np.float32(1.0))"
0.17740949000353853,0.2851477529558613,1.0,3.5096129820212014,0.01299863697422929,0.02524146800178504,0.007580197357162691,BraTS20_Training_201,T2,"(240, 240, 155)","(np.float32(1.0), np.float32(1.0), np.float32(1.0))"
0.14061898081821075,0.24023418705392258,1.0,3.2390359894773826,0.010532084039175013,0.02454981705969872,0.0173310970801064,BraTS20_Training_201,FLAIR,"(240, 240, 155)","(np.float32(1.0), np.float32(1.0), np.float32(1.0))"
0.2463634171965888,0.3784072336081515,1.0,3.979444844770745,0.010365425972479962,0.0258267054098003,0.008853262664888405,BraTS20_Training_329,T1,"(240, 240, 155)","(np.float32(1.0), np.float32(1.0), np.float32(1.0))"
0.2526864358635192,0.384892562241978,1.0,3.9210056793460626,0.014190274066082415,0.025261167586998756,0.009957584611008681,BraTS20_Training_329,T1ce,"(240, 240, 155)","(np.float32(1.0), np.float32(1.0), np.float32(1.0))"
0.1910715872198087,0.30003078763549296,1.0,4.023625164800815,0.012268347590087315,0.029032552726114314,0.009704579343788718,BraTS20_Training_329,T2,"(240, 240, 155)","(np.float32(1.0), np.float32(1.0), np.float32(1.0))"
0.22160258702908917,0.3418393095697563,1.0,3.472927551868991,0.017375531463527726,0.02783638500161316,0.012916120246624885,BraTS20_Training_329,FLAIR,"(240, 240, 155)","(np.float32(1.0), np.float32(1.0), np.float32(1.0))"
0.2150098660058737,0.3302666793000715,1.0,3.6560117342013476,0.015089636014024464,0.03444704939729314,0.018009839495581676,BraTS20_Training_028,T1,"(240, 240, 155)","(np.float32(1.0), np.float32(1.0), np.float32(1.0))"
0.22001537488229755,0.3347700149357079,1.0,3.6569951302164316,0.02573185175376648,0.03697187361276729,0.021925699294570316,BraTS20_Training_028,T1ce,"(240, 240, 155)","(np.float32(1.0), np.float32(1.0), np.float32(1.0))"
0.14993162065439672,0.24580503240713555,1.0,3.3550695127265864,0.009997633258894034,0.029180880230689397,0.0074052111959481744,BraTS20_Training_028,T2,"(240, 240, 155)","(np.float32(1.0), np.float32(1.0), np.float32(1.0))"
0.2006946866925064,0.31575524484249085,1.0,3.3377353944868586,0.03830699702541914,0.04793099535867024,0.03810218224222176,BraTS20_Training_028,FLAIR,"(240, 240, 155)","(np.float32(1.0), np.float32(1.0), np.float32(1.0))"
0.251340121205423,0.3936632361672782,1.0,3.0112769267405795,0.014011724286465894,0.021362489157499186,0.008589713814783783,BraTS20_Training_290,T1,"(240, 240, 155)","(np.float32(1.0), np.float32(1.0), np.float32(1.0))"
0.2561991211456672,0.39950779681591825,1.0,2.9908923179249998,0.01735263067275627,0.020210261396908923,0.008565977313298816,BraTS20_Training_290,T1ce,"(240, 240, 155)","(np.float32(1.0), np.float32(1.0), np.float32(1.0))"
0.17070934492563428,0.2762756257428199,1.0,3.344281820703148,0.012614982760521075,0.02153963942679021,0.007806633607163045,BraTS20_Training_290,T2,"(240, 240, 155)","(np.float32(1.0), np.float32(1.0), np.float32(1.0))"
0.16408196924603177,0.27355875572646937,1.0,3.1074236118464906,0.008394352324263039,0.021748931256211437,0.014963490621200294,BraTS20_Training_290,FLAIR,"(240, 240, 155)","(np.float32(1.0), np.float32(1.0), np.float32(1.0))"
0.19790676124744375,0.35349734158306145,1.0,2.6348563410882986,0.016895536804588475,0.0206895311289902,0.01265073591809897,BraTS20_Training_231,T1,"(240, 240, 155)","(np.float32(1.0), np.float32(1.0), np.float32(1.0))"
0.20065231951494644,0.35454046429200603,1.0,2.608696752852562,0.02149280660664336,0.020195906986163054,0.014650628422105428,BraTS20_Training_231,T1ce,"(240, 240, 155)","(np.float32(1.0), np.float32(1.0), np.float32(1.0))"
0.12813919355462702,0.2485754771093827,1.0,3.00375754823287,0.011745581653058074,0.022741155345354556,0.02190461959775602,BraTS20_Training_231,T2,"(240, 240, 155)","(np.float32(1.0), np.float32(1.0), np.float32(1.0))"
0.14493952154523962,0.27160323790538576,1.0,2.8500246746993856,0.0035522434154708115,0.015204696245825858,0.008856900563116783,BraTS20_Training_231,FLAIR,"(240, 240, 155)","(np.float32(1.0), np.float32(1.0), np.float32(1.0))"
0.24947336377473361,0.3761084612274954,1.0,3.3496944689178774,0.005563490127395176,0.021213441081802314,0.007982915192591335,BraTS20_Training_261,T1,"(240, 240, 155)","(np.float32(1.0), np.float32(1.0), np.float32(1.0))"
0.24875188492063494,0.37694098708939483,1.0,3.5243118545837757,0.009643283572688335,0.026389551889061908,0.011268974859241714,BraTS20_Training_261,T1ce,"(240, 240, 155)","(np.float32(1.0), np.float32(1.0), np.float32(1.0))"
0.17493805187637967,0.2848828445616049,1.0,3.6963843348144167,0.0034314930753524455,0.017802614152856052,0.006349176597280453,BraTS20_Training_261,T2,"(240, 240, 155)","(np.float32(1.0), np.float32(1.0), np.float32(1.0))"
0.13728608879964302,0.28069936338574225,1.0,2.6493576146538844,0.002720025713070936,0.014701948292519725,0.003485464368029758,BraTS20_Training_261,FLAIR,"(240, 240, 155)","(np.float32(1.0), np.float32(1.0), np.float32(1.0))"
0.2608614961883876,0.39439289986416287,1.0,3.3435036458726475,0.02475678397513207,0.02691385421603864,0.00883517519400094,BraTS20_Training_163,T1,"(240, 240, 155)","(np.float32(1.0), np.float32(1.0), np.float32(1.0))"
0.239521087995612,0.35960928940173625,1.0,3.4457392025495173,0.025888886291703883,0.023191960680247502,0.01229745892679093,BraTS20_Training_163,T1ce,"(240, 240, 155)","(np.float32(1.0), np.float32(1.0), np.float32(1.0))"
0.14777008956098162,0.24399449668010958,1.0,3.698653255315256,0.013979144442418772,0.025591612920435203,0.012175433638683123,BraTS20_Training_163,T2,"(240, 240, 155)","(np.float32(1.0), np.float32(1.0), np.float32(1.0))"
0.14555206028761064,0.242388150715758,1.0,3.386216926735169,0.013674443170471454,0.024319677294767427,0.015409734403381871,BraTS20_Training_163,FLAIR,"(240, 240, 155)","(np.float32(1.0), np.float32(1.0), np.float32(1.0))"
0.20646641783301922,0.34024499026709903,1.0,4.689087010158055,0.003531196363058908,0.025831630810289434,0.007763142655655971,BraTS20_Training_315,T1,"(240, 240, 155)","(np.float32(1.0), np.float32(1.0), np.float32(1.0))"
0.21351951884920636,0.34237918237162374,1.0,4.563504408525041,0.008787005926354596,0.024123879711613654,0.006888734859379766,BraTS20_Training_315,T1ce,"(240, 240, 155)","(np.float32(1.0), np.float32(1.0), np.float32(1.0))"
0.18457913030759796,0.2941983478578484,1.0,4.496963312211391,0.010008689373033314,0.024861967670120243,0.010103933616501708,BraTS20_Training_315,T2,"(240, 240, 155)","(np.float32(1.0), np.float32(1.0), np.float32(1.0))"
0.22989122476456297,0.3627266513289952,1.0,4.463486634152174,0.0077453869842413125,0.027601739385474063,0.010576664520872404,BraTS20_Training_315,FLAIR,"(240, 240, 155)","(np.float32(1.0), np.float32(1.0), np.float32(1.0))"
0.2507759081196581,0.38080656817866976,1.0,3.47422110199643,0.006385464106358077,0.02485727657379375,0.006391393853248521,BraTS20_Training_139,T1,"(240, 240, 155)","(np.float32(1.0), np.float32(1.0), np.float32(1.0))"
0.23654729220499573,0.3666191454672878,1.0,3.6660252860344147,0.012385702481822006,0.03328160680494324,0.01314894040229877,BraTS20_Training_139,T1ce,"(240, 240, 155)","(np.float32(1.0), np.float32(1.0), np.float32(1.0))"
0.1531190740257481,0.2464897562535882,1.0,3.7635665408368726,0.008772864674360729,0.027896383135848357,0.008578462456257244,BraTS20_Training_139,T2,"(240, 240, 155)","(np.float32(1.0), np.float32(1.0), np.float32(1.0))"
0.22469572567928198,0.3551049806446178,1.0,3.507869527282544,0.008429927170799352,0.03476059903616464,0.004337303863860926,BraTS20_Training_139,FLAIR,"(240, 240, 155)","(np.float32(1.0), np.float32(1.0), np.float32(1.0))"
0.22435366465863457,0.3493171725110622,1.0,3.4247805248599477,0.01397753581259442,0.03088488280531055,0.01671596202713324,BraTS20_Training_063,T1,"(240, 240, 155)","(np.float32(1.0), np.float32(1.0), np.float32(1.0))"
0.22899627179164042,0.3532418754289701,1.0,3.3944345877650397,0.025221965702547755,0.032932271412522196,0.02284946176238054,BraTS20_Training_063,T1ce,"(240, 240, 155)","(np.float32(1.0), np.float32(1.0), np.float32(1.0))"
0.12921344246031746,0.2200133443454023,1.0,3.1813309197785395,0.018758865362811794,0.03149402642311616,0.0217251778774912,BraTS20_Training_063,T2,"(240, 240, 155)","(np.float32(1.0), np.float32(1.0), np.float32(1.0))"
0.1890656047242498,0.29869180831131115,1.0,3.1689203017567014,0.035839365184020935,0.04167522591519894,0.03448834492573378,BraTS20_Training_063,FLAIR,"(240, 240, 155)","(np.float32(1.0), np.float32(1.0), np.float32(1.0))"
0.27438436084987816,0.4021907118314291,1.0,3.571016683865946,0.005841039895086417,0.021137641748609555,0.00703991226467366,BraTS20_Training_136,T1,"(240, 240, 155)","(np.float32(1.0), np.float32(1.0), np.float32(1.0))"
0.22905786070517284,0.34379852254871496,1.0,3.636380306850546,0.01267849420499775,0.026179369468017806,0.018049147986942984,BraTS20_Training_136,T1ce,"(240, 240, 155)","(np.float32(1.0), np.float32(1.0), np.float32(1.0))"
0.1798224097372015,0.27235605203195296,1.0,3.7135643925653925,0.012178492500805507,0.02767375334962728,0.011390416284046204,BraTS20_Training_136,T2,"(240, 240, 155)","(np.float32(1.0), np.float32(1.0), np.float32(1.0))"
0.251501408542977,0.37352726882361936,1.0,3.4678910981020334,0.009089063148955736,0.028332759298900678,0.005125835501660722,BraTS20_Training_136,FLAIR,"(240, 240, 155)","(np.float32(1.0), np.float32(1.0), np.float32(1.0))"
0.2097198459807573,0.33908169349687667,1.0,3.2883108514082506,0.01198057220089538,0.032725766149526395,0.02640788900943283,BraTS20_Training_129,T1,"(240, 240, 155)","(np.float32(1.0), np.float32(1.0), np.float32(1.0))"
0.21308895543270542,0.33846863351319484,1.0,3.27972542420864,0.02600592761065734,0.035571250235463384,0.028367963998040847,BraTS20_Training_129,T1ce,"(240, 240, 155)","(np.float32(1.0), np.float32(1.0), np.float32(1.0))"
0.1314777878513146,0.22669172944495677,1.0,3.61042258436169,0.014037569794403952,0.029257970105267823,0.012207949290760689,BraTS20_Training_129,T2,"(240, 240, 155)","(np.float32(1.0), np.float32(1.0), np.float32(1.0))"
0.19208960730075605,0.315690660270464,1.0,3.3476414382018786,0.020276102666458663,0.03577402782627906,0.02031210893658735,BraTS20_Training_129,FLAIR,"(240, 240, 155)","(np.float32(1.0), np.float32(1.0), np.float32(1.0))"
0.19418035592060234,0.3268664264277355,1.0,3.0807928508977835,0.014488068693163478,0.024645489810306065,0.015807116115255655,BraTS20_Training_009,T1,"(240, 240, 155)","(np.float32(1.0), np.float32(1.0), np.float32(1.0))"
0.19570491264687692,0.32774973232559035,1.0,3.0871723875131223,0.02347360228596977,0.02636305890989743,0.020283529479886184,BraTS20_Training_009,T1ce,"(240, 240, 155)","(np.float32(1.0), np.float32(1.0), np.float32(1.0))"
0.13228021244247204,0.23652597079884602,1.0,2.9254493532022865,0.011852015265085645,0.024578626235857135,0.019703988262599084,BraTS20_Training_009,T2,"(240, 240, 155)","(np.float32(1.0), np.float32(1.0), np.float32(1.0))"
0.12401217067583047,0.23017989273712003,1.0,3.0944549489044255,0.013092458609369279,0.025368033072373144,0.02042019149447637,BraTS20_Training_009,FLAIR,"(240, 240, 155)","(np.float32(1.0), np.float32(1.0), np.float32(1.0))"
0.22768745866402118,0.3643847765689687,1.0,3.1701049165903115,0.014860476308578988,0.02547851570319808,0.013053665366306621,BraTS20_Training_065,T1,"(240, 240, 155)","(np.float32(1.0), np.float32(1.0), np.float32(1.0))"
0.22413874853544233,0.3568595942766614,1.0,3.1771303597435696,0.027579539875779425,0.0258385418988017,0.021036684981451816,BraTS20_Training_065,T1ce,"(240, 240, 155)","(np.float32(1.0), np.float32(1.0), np.float32(1.0))"
0.15839248136123135,0.2623456362263446,1.0,2.8756960446175865,0.016966898291303052,0.027489295023820817,0.01623164686808417,BraTS20_Training_065,T2,"(240, 240, 155)","(np.float32(1.0), np.float32(1.0), np.float32(1.0))"
0.20079152713377987,0.3226126837661888,1.0,3.2416309165319297,0.013579803388524058,0.02205880820778648,0.016251682161943483,BraTS20_Training_065,FLAIR,"(240, 240, 155)","(np.float32(1.0), np.float32(1.0), np.float32(1.0))"
0.23122330260791368,0.3454353270187708,1.0,3.6448665488014123,0.011406534844067194,0.030065145454744875,0.016109656522097855,BraTS20_Training_015,T1,"(240, 240, 155)","(np.float32(1.0), np.float32(1.0), np.float32(1.0))"
0.22380514705882354,0.3325148898801378,1.0,3.641971767039998,0.02441576349097625,0.030122753970438374,0.018300124510157587,BraTS20_Training_015,T1ce,"(240, 240, 155)","(np.float32(1.0), np.float32(1.0), np.float32(1.0))"
0.14738283571004157,0.24083435693502134,1.0,3.440541247960896,0.019086584824336478,0.032007580046075734,0.0185560358546257,BraTS20_Training_015,T2,"(240, 240, 155)","(np.float32(1.0), np.float32(1.0), np.float32(1.0))"
0.14320226758650653,0.2359235780704242,1.0,3.594373980762563,0.012551907645039405,0.02747512036068892,0.01872938885693553,BraTS20_Training_015,FLAIR,"(240, 240, 155)","(np.float32(1.0), np.float32(1.0), np.float32(1.0))"
0.21096505397787707,0.35089242254118036,1.0,3.773316037850952,0.007700984265365381,0.029551481278580188,0.01110498324806185,BraTS20_Training_157,T1,"(240, 240, 155)","(np.float32(1.0), np.float32(1.0), np.float32(1.0))"
0.21977488982371796,0.3555900900148543,1.0,3.5323980015739695,0.008456024222088675,0.024874343094376583,0.009879042886411437,BraTS20_Training_157,T1ce,"(240, 240, 155)","(np.float32(1.0), np.float32(1.0), np.float32(1.0))"
0.11471902245203928,0.21641789834109443,1.0,4.2435513187238465,0.014638832971026226,0.03251672979859927,0.011136547854829733,BraTS20_Training_157,T2,"(240, 240, 155)","(np.float32(1.0), np.float32(1.0), np.float32(1.0))"
0.22584566131498476,0.3616855798209482,1.0,3.478231410318968,0.011285521496740829,0.025862788466153832,0.012085269955265418,BraTS20_Training_157,FLAIR,"(240, 240, 155)","(np.float32(1.0), np.float32(1.0), np.float32(1.0))"
0.2175654025006159,0.34225978473432306,1.0,3.3638956166549385,0.01350768309890315,0.03084247372159572,0.018302561067785172,BraTS20_Training_041,T1,"(240, 240, 155)","(np.float32(1.0), np.float32(1.0), np.float32(1.0))"
0.21785749363656487,0.34034517022828153,1.0,3.354843697032802,0.03019864819165128,0.03248940808431469,0.023673035844460597,BraTS20_Training_041,T1ce,"(240, 240, 155)","(np.float32(1.0), np.float32(1.0), np.float32(1.0))"
0.11489585318163788,0.2082794868103646,1.0,3.7396161407308472,0.015141683877953404,0.031523522023353595,0.01119788372156421,BraTS20_Training_041,T2,"(240, 240, 155)","(np.float32(1.0), np.float32(1.0), np.float32(1.0))"
0.1235754349021941,0.213180813909027,1.0,3.2340575546928187,0.01629060415197835,0.027598724944250277,0.02220337080129293,BraTS20_Training_041,FLAIR,"(240, 240, 155)","(np.float32(1.0), np.float32(1.0), np.float32(1.0))"
0.2238534807206682,0.35329189250567566,1.0,4.051077193635953,0.010753347988695454,0.028817321843736896,0.011500706686815828,BraTS20_Training_339,T1,"(240, 240, 155)","(np.float32(1.0), np.float32(1.0), np.float32(1.0))"
0.18108953547489443,0.287056495217271,1.0,4.124406578139595,0.01941266793378442,0.026518471086846906,0.01170085181430473,BraTS20_Training_339,T1ce,"(240, 240, 155)","(np.float32(1.0), np.float32(1.0), np.float32(1.0))"
0.1923423055921587,0.3031905407706803,1.0,3.959752394304423,0.013532154335347256,0.02640426045303536,0.008897711451917421,BraTS20_Training_339,T2,"(240, 240, 155)","(np.float32(1.0), np.float32(1.0), np.float32(1.0))"
0.22003288725870446,0.34305603716982325,1.0,3.5862365429300653,0.013031943009889326,0.024980005135990736,0.010943240504879059,BraTS20_Training_339,FLAIR,"(240, 240, 155)","(np.float32(1.0), np.float32(1.0), np.float32(1.0))"
0.23408162698412696,0.3709073451836525,1.0,3.573953416701704,0.01747307328798186,0.02752385705238451,0.01828420237155029,BraTS20_Training_301,T1,"(240, 240, 155)","(np.float32(1.0), np.float32(1.0), np.float32(1.0))"
0.2285226872959586,0.3628962167873381,1.0,3.6443740351356024,0.02895855374911563,0.031220526942701998,0.030264905127738235,BraTS20_Training_301,T1ce,"(240, 240, 155)","(np.float32(1.0), np.float32(1.0), np.float32(1.0))"
0.18200894702842374,0.2914760869665896,1.0,3.6226979881546493,0.019705569887626947,0.02726727284326269,0.014014323544568268,BraTS20_Training_301,T2,"(240, 240, 155)","(np.float32(1.0), np.float32(1.0), np.float32(1.0))"
0.2250173989348826,0.357008344920154,1.0,3.2491145500666017,0.026213727250361127,0.0291197699090334,0.024676651816593728,BraTS20_Training_301,FLAIR,"(240, 240, 155)","(np.float32(1.0), np.float32(1.0), np.float32(1.0))"
0.23288003663003665,0.3713253284877118,1.0,3.0102441823184964,0.012469435834820448,0.02335157604547803,0.0025091226107324363,BraTS20_Training_217,T1,"(240, 240, 155)","(np.float32(1.0), np.float32(1.0), np.float32(1.0))"
0.20770061728395064,0.3463661769158166,1.0,2.6392685681058934,0.023816555212620025,0.034260762679898624,0.015443773109433387,BraTS20_Training_217,T1ce,"(240, 240, 155)","(np.float32(1.0), np.float32(1.0), np.float32(1.0))"
0.1380319615209472,0.2597419965722762,1.0,3.311375462151478,0.01605926544910269,0.03360111158755369,0.00996035554517614,BraTS20_Training_217,T2,"(240, 240, 155)","(np.float32(1.0), np.float32(1.0), np.float32(1.0))"
0.18796479430379748,0.3243263004132901,1.0,2.909040925390709,0.022271623916217134,0.03506306381515103,0.02275738548443367,BraTS20_Training_217,FLAIR,"(240, 240, 155)","(np.float32(1.0), np.float32(1.0), np.float32(1.0))"
0.24208844950042135,0.37613820120817154,1.0,3.821111321925513,0.011034511927408923,0.02440780946292144,0.013523950030923762,BraTS20_Training_280,T1,"(240, 240, 155)","(np.float32(1.0), np.float32(1.0), np.float32(1.0))"
0.23077588814838895,0.35734709638266077,1.0,3.7176239129415674,0.017322275320076155,0.023512619105274194,0.01469708338862998,BraTS20_Training_280,T1ce,"(240, 240, 155)","(np.float32(1.0), np.float32(1.0), np.float32(1.0))"
0.15347185787920764,0.25185493650055707,1.0,3.683054252023359,0.017485662094272304,0.026397291259196678,0.016284277634380603,BraTS20_Training_280,T2,"(240, 240, 155)","(np.float32(1.0), np.float32(1.0), np.float32(1.0))"
0.1853122782037356,0.291778660103577,1.0,3.5505226435660053,0.011174699021957215,0.02233614563153742,0.012208037148969984,BraTS20_Training_280,FLAIR,"(240, 240, 155)","(np.float32(1.0), np.float32(1.0), np.float32(1.0))"
0.2869262301587302,0.404680924154249,1.0,3.8733480956110973,0.01026089224489796,0.022298307459005656,0.007042087592096323,BraTS20_Training_332,T1,"(240, 240, 155)","(np.float32(1.0), np.float32(1.0), np.float32(1.0))"
0.2636193423855165,0.37474937250125534,1.0,4.598760007620067,0.013299722743929201,0.02493104742723329,0.008276027766473333,BraTS20_Training_332,T1ce,"(240, 240, 155)","(np.float32(1.0), np.float32(1.0), np.float32(1.0))"
0.16461834952252366,0.2508129171154919,1.0,4.5219878484271625,0.012349398241488865,0.03185600985414746,0.011293249238873008,BraTS20_Training_332,T2,"(240, 240, 155)","(np.float32(1.0), np.float32(1.0), np.float32(1.0))"
0.2627755752487562,0.3730371576958582,1.0,3.591871605780989,0.018479244059209202,0.03379246828795292,0.01702420274708711,BraTS20_Training_332,FLAIR,"(240, 240, 155)","(np.float32(1.0), np.float32(1.0), np.float32(1.0))"
0.23066444966092853,0.3622810983269362,1.0,3.321897890509512,0.010280551330938158,0.020119016854524517,0.008180348044171493,BraTS20_Training_237,T1,"(240, 240, 155)","(np.float32(1.0), np.float32(1.0), np.float32(1.0))"
0.2210293911335578,0.3475407740621429,1.0,3.403037507006338,0.01691162636465667,0.02371508825482056,0.011691307394568891,BraTS20_Training_237,T1ce,"(240, 240, 155)","(np.float32(1.0), np.float32(1.0), np.float32(1.0))"
0.1357160297054998,0.23830019251027448,1.0,3.7647291377220027,0.007285292452607416,0.020700974426654153,0.01289492386895969,BraTS20_Training_237,T2,"(240, 240, 155)","(np.float32(1.0), np.float32(1.0), np.float32(1.0))"
0.17540722109070936,0.28877341666950634,1.0,3.5154298118932945,0.0074112614545987065,0.021595064873702535,0.009589490936634547,BraTS20_Training_237,FLAIR,"(240, 240, 155)","(np.float32(1.0), np.float32(1.0), np.float32(1.0))"
0.2372174661546655,0.37799211734785215,1.0,3.1800285853669656,0.017768778407734317,0.025846760653925178,0.016977932119369307,BraTS20_Training_208,T1,"(240, 240, 155)","(np.float32(1.0), np.float32(1.0), np.float32(1.0))"
0.2130685032754807,0.3399064118133866,1.0,3.2160554290805163,0.017272697610223466,0.024058959682387037,0.01672653814848708,BraTS20_Training_208,T1ce,"(240, 240, 155)","(np.float32(1.0), np.float32(1.0), np.float32(1.0))"
0.16320680182808245,0.2704273677717496,1.0,3.4022651360204006,0.017159923724376296,0.02662749564477863,0.011214929083347468,BraTS20_Training_208,T2,"(240, 240, 155)","(np.float32(1.0), np.float32(1.0), np.float32(1.0))"
0.22194434321347586,0.3550772970214631,1.0,2.9692596375849347,0.0178672328989905,0.025982622685925914,0.013326704766293222,BraTS20_Training_208,FLAIR,"(240, 240, 155)","(np.float32(1.0), np.float32(1.0), np.float32(1.0))"
0.21611664531643293,0.3498155964915405,1.0,3.479566102465677,0.010734575865297226,0.02898983376378993,0.011890009898015775,BraTS20_Training_213,T1,"(240, 240, 155)","(np.float32(1.0), np.float32(1.0), np.float32(1.0))"
0.21345670211672832,0.34046377246781145,1.0,3.551356748102811,0.013915105150968268,0.025421525888104826,0.0038664366859708812,BraTS20_Training_213,T1ce,"(240, 240, 155)","(np.float32(1.0), np.float32(1.0), np.float32(1.0))"
0.14434513262323684,0.2383635657951226,1.0,3.7306788603777896,0.013766092615884929,0.02474546894775942,0.006445824357556248,BraTS20_Training_213,T2,"(240, 240, 155)","(np.float32(1.0), np.float32(1.0), np.float32(1.0))"
0.22846749867409175,0.36474721979245267,1.0,3.19581175831345,0.020475731686169226,0.030993046221284487,0.01571496438784644,BraTS20_Training_213,FLAIR,"(240, 240, 155)","(np.float32(1.0), np.float32(1.0), np.float32(1.0))"
0.23945071088099934,0.3852399375215761,1.0,3.0339524090455283,0.011107292225898565,0.021545155343496103,0.0077837452204691316,BraTS20_Training_296,T1,"(240, 240, 155)","(np.float32(1.0), np.float32(1.0), np.float32(1.0))"
0.23878539687679906,0.3829161934746713,1.0,3.099550057696711,0.019007669575767883,0.025272689849648575,0.013473137014784498,BraTS20_Training_296,T1ce,"(240, 240, 155)","(np.float32(1.0), np.float32(1.0), np.float32(1.0))"
0.1669321719348659,0.2815114542988259,1.0,3.4036221938364184,0.0049390549794896205,0.0182138481555091,0.005786635549565002,BraTS20_Training_296,T2,"(240, 240, 155)","(np.float32(1.0), np.float32(1.0), np.float32(1.0))"
0.14641433189655173,0.2534031360769197,1.0,3.1263833923270994,0.00792817938392713,0.022137884833923593,0.015820816027866013,BraTS20_Training_296,FLAIR,"(240, 240, 155)","(np.float32(1.0), np.float32(1.0), np.float32(1.0))"
0.2428954195095558,0.364906059754555,1.0,4.335532703974809,0.014309332865187162,0.03175899993736554,0.010119814647305478,BraTS20_Training_337,T1,"(240, 240, 155)","(np.float32(1.0), np.float32(1.0), np.float32(1.0))"
0.2400113331483024,0.3586271484300164,1.0,4.3837694420748985,0.02422641247064726,0.03115322717649067,0.011728117226989252,BraTS20_Training_337,T1ce,"(240, 240, 155)","(np.float32(1.0), np.float32(1.0), np.float32(1.0))"
0.178804925498096,0.274635296177264,1.0,4.284674010254201,0.019828524955222943,0.028461195335656126,0.007475765715708259,BraTS20_Training_337,T2,"(240, 240, 155)","(np.float32(1.0), np.float32(1.0), np.float32(1.0))"
0.21143673176050753,0.3171666402953485,1.0,3.8935403303556,0.015219418334446806,0.027235794080120956,0.009689920594302825,BraTS20_Training_337,FLAIR,"(240, 240, 155)","(np.float32(1.0), np.float32(1.0), np.float32(1.0))"
0.24623755066231712,0.3628546985462651,1.0,3.6852629626862923,0.015686677226556287,0.025358603031854908,0.01138698154586128,BraTS20_Training_252,T1,"(240, 240, 155)","(np.float32(1.0), np.float32(1.0), np.float32(1.0))"
0.2226552656071019,0.33351874251774344,1.0,3.2247720188006883,0.025258021648894083,0.03530246732837636,0.026278293463173515,BraTS20_Training_252,T1ce,"(240, 240, 155)","(np.float32(1.0), np.float32(1.0), np.float32(1.0))"
0.19424153768717756,0.2938735422745504,1.0,3.8206180218844006,0.009672338105321482,0.02046397821099977,0.012501732290095371,BraTS20_Training_252,T2,"(240, 240, 155)","(np.float32(1.0), np.float32(1.0), np.float32(1.0))"
0.18777101488743644,0.28493490735971605,1.0,3.778501012306313,0.014269595502204755,0.025310036119213734,0.01611688215377427,BraTS20_Training_252,FLAIR,"(240, 240, 155)","(np.float32(1.0), np.float32(1.0), np.float32(1.0))"
0.1807073483717386,0.3405184578914076,1.0,3.7834347308912117,0.013452327673443275,0.01893587044364198,0.0027292417493911644,BraTS20_Training_360,T1,"(240, 240, 155)","(np.float32(1.0), np.float32(1.0), np.float32(1.0))"
0.18899226364522417,0.3549378557438077,1.0,2.3189313455202796,0.014510331811497556,0.01949105836370901,0.012499657950498542,BraTS20_Training_360,T1ce,"(240, 240, 155)","(np.float32(1.0), np.float32(1.0), np.float32(1.0))"
0.13890092905897775,0.26622528405293705,1.0,3.7833305642245447,0.013191905208908089,0.019786055801403517,0.018810411164001766,BraTS20_Training_360,T2,"(240, 240, 155)","(np.float32(1.0), np.float32(1.0), np.float32(1.0))"
0.16436055583193482,0.31584523191705266,1.0,3.7831916753356563,0.012471583342124722,0.023759787390623534,0.02735015261074834,BraTS20_Training_360,FLAIR,"(240, 240, 155)","(np.float32(1.0), np.float32(1.0), np.float32(1.0))"
0.2073534866468843,0.3572426658473522,1.0,2.781859424398067,0.013813837231599782,0.02049460755431021,0.0014287513185456471,BraTS20_Training_338,T1,"(240, 240, 155)","(np.float32(1.0), np.float32(1.0), np.float32(1.0))"
0.14418294270833334,0.25771138677776406,1.0,2.390989881967006,0.015662260509672617,0.025073783991151666,0.014064864796091096,BraTS20_Training_338,T1ce,"(240, 240, 155)","(np.float32(1.0), np.float32(1.0), np.float32(1.0))"
0.12448662856316865,0.23883297243923335,1.0,3.292814018583969,0.009872082842543033,0.024994389902579028,0.012396268050617719,BraTS20_Training_338,T2,"(240, 240, 155)","(np.float32(1.0), np.float32(1.0), np.float32(1.0))"
0.1602841680238871,0.2890615124747421,1.0,2.869911148217584,0.01312476237590496,0.030182708953991336,0.02158026005331388,BraTS20_Training_338,FLAIR,"(240, 240, 155)","(np.float32(1.0), np.float32(1.0), np.float32(1.0))"
0.19059687334852687,0.3467258367261911,1.0,3.1774741896509093,0.007066621998835446,0.020204192236401908,0.009596596389604767,BraTS20_Training_270,T1,"(240, 240, 155)","(np.float32(1.0), np.float32(1.0), np.float32(1.0))"
0.11765253665541937,0.22316176798599596,1.0,3.0743598585599865,0.003583944204443824,0.013634743935260958,0.006384447210662325,BraTS20_Training_270,T1ce,"(240, 240, 155)","(np.float32(1.0), np.float32(1.0), np.float32(1.0))"
0.10301336205574455,0.20678828836288296,1.0,3.567447180867611,0.007578054339202523,0.02172285752248535,0.011060732334719514,BraTS20_Training_270,T2,"(240, 240, 155)","(np.float32(1.0), np.float32(1.0), np.float32(1.0))"
0.17643802245820334,0.3210445584458244,1.0,3.1127120098515584,0.006405516338390553,0.018984035938304448,0.009389766598060652,BraTS20_Training_270,FLAIR,"(240, 240, 155)","(np.float32(1.0), np.float32(1.0), np.float32(1.0))"
0.24158733505772975,0.37289537064030676,1.0,3.5914932259988794,0.012516054856508722,0.028962264641706773,0.01268904706297124,BraTS20_Training_202,T1,"(240, 240, 155)","(np.float32(1.0), np.float32(1.0), np.float32(1.0))"
0.23169574084182437,0.3594208305023404,1.0,3.7047397475101103,0.016813897188560054,0.032344448849651715,0.01847742424532879,BraTS20_Training_202,T1ce,"(240, 240, 155)","(np.float32(1.0), np.float32(1.0), np.float32(1.0))"
0.171410886887673,0.26861584432454316,1.0,3.7347100518904455,0.01668217355488801,0.02627067481965516,0.007585913479210903,BraTS20_Training_202,T2,"(240, 240, 155)","(np.float32(1.0), np.float32(1.0), np.float32(1.0))"
0.23800786986049927,0.36348748148195387,1.0,3.2624846050281224,0.016931430265265945,0.028349459656052775,0.014994223573117348,BraTS20_Training_202,FLAIR,"(240, 240, 155)","(np.float32(1.0), np.float32(1.0), np.float32(1.0))"
0.23627326051779937,0.3727843071510998,1.0,3.0817007796743545,0.020437552148245896,0.027656766081704837,0.013802318772192032,BraTS20_Training_162,T1,"(240, 240, 155)","(np.float32(1.0), np.float32(1.0), np.float32(1.0))"
0.20311758427589266,0.3181988587271217,1.0,3.1273439427708025,0.021451461957433544,0.02246169898708454,0.015494157422205026,BraTS20_Training_162,T1ce,"(240, 240, 155)","(np.float32(1.0), np.float32(1.0), np.float32(1.0))"
0.15059499730312836,0.25254361848627715,1.0,3.417508408681604,0.014348247931671106,0.029411535319271924,0.015993259288724856,BraTS20_Training_162,T2,"(240, 240, 155)","(np.float32(1.0), np.float32(1.0), np.float32(1.0))"
0.16585187146892655,0.2756058438011674,1.0,3.0400687424146318,0.017519158442457466,0.02909075602146914,0.022603880395358773,BraTS20_Training_162,FLAIR,"(240, 240, 155)","(np.float32(1.0), np.float32(1.0), np.float32(1.0))"
0.22414736488754616,0.35181080674631937,1.0,3.466749904686791,0.012290314680102105,0.028244515102900124,0.015443949175820629,BraTS20_Training_044,T1,"(240, 240, 155)","(np.float32(1.0), np.float32(1.0), np.float32(1.0))"
0.20367615796318528,0.3172780404854707,1.0,3.435843700510223,0.028485854225643842,0.029928394898692118,0.019463444162475606,BraTS20_Training_044,T1ce,"(240, 240, 155)","(np.float32(1.0), np.float32(1.0), np.float32(1.0))"
0.13353281569893463,0.22567008929482568,1.0,3.7380735146655306,0.01919617102341081,0.03151115854506921,0.01198401938266898,BraTS20_Training_044,T2,"(240, 240, 155)","(np.float32(1.0), np.float32(1.0), np.float32(1.0))"
0.19471818048206938,0.31050954118630514,1.0,3.26544763391081,0.037093397101067224,0.04055283224524661,0.03252415078329935,BraTS20_Training_044,FLAIR,"(240, 240, 155)","(np.float32(1.0), np.float32(1.0), np.float32(1.0))"
0.2445289570230608,0.38053098819690945,1.0,3.174272719895949,0.010020340757639239,0.02288234049172478,0.002180956519441697,BraTS20_Training_218,T1,"(240, 240, 155)","(np.float32(1.0), np.float32(1.0), np.float32(1.0))"
0.16006406351526967,0.25754051763762087,1.0,2.8097938795992454,0.013388045086997329,0.026384752004598267,0.013363065550226556,BraTS20_Training_218,T1ce,"(240, 240, 155)","(np.float32(1.0), np.float32(1.0), np.float32(1.0))"
0.14309998506571087,0.24751887253019197,1.0,3.42560704735297,0.012924720722548386,0.03341311545507643,0.01184830900528475,BraTS20_Training_218,T2,"(240, 240, 155)","(np.float32(1.0), np.float32(1.0), np.float32(1.0))"
0.14536298894557825,0.2475988818565853,1.0,3.162549303731158,0.009084369102894368,0.02346777000219953,0.016074131195532717,BraTS20_Training_218,FLAIR,"(240, 240, 155)","(np.float32(1.0), np.float32(1.0), np.float32(1.0))"
0.2310437440645774,0.37965817259120427,1.0,2.962573975561519,0.011845058931897875,0.021287831958741434,0.009123475951741119,BraTS20_Training_191,T1,"(240, 240, 155)","(np.float32(1.0), np.float32(1.0), np.float32(1.0))"
0.1685877394878019,0.2809322632516996,1.0,3.120053247168716,0.011857364806534505,0.019056987119772786,0.00824128157356485,BraTS20_Training_191,T1ce,"(240, 240, 155)","(np.float32(1.0), np.float32(1.0), np.float32(1.0))"
0.1795626847504782,0.30206817166537486,1.0,3.2085912099205647,0.01076765609451061,0.026551796235566097,0.01191003440040681,BraTS20_Training_191,T2,"(240, 240, 155)","(np.float32(1.0), np.float32(1.0), np.float32(1.0))"
0.16780451137278582,0.2859444829077364,1.0,2.9060342963023755,0.012425956830235242,0.026779540549004215,0.019546396152079287,BraTS20_Training_191,FLAIR,"(240, 240, 155)","(np.float32(1.0), np.float32(1.0), np.float32(1.0))"
0.20975891232857544,0.35325993263165845,1.0,3.0418312607258713,0.0064582577683451525,0.02146787487386485,0.008614816420257725,BraTS20_Training_260,T1,"(240, 240, 155)","(np.float32(1.0), np.float32(1.0), np.float32(1.0))"
0.20789285130718954,0.34991255813746175,1.0,3.030743816191603,0.014787707612456747,0.02788330383954187,0.018578365329508222,BraTS20_Training_260,T1ce,"(240, 240, 155)","(np.float32(1.0), np.float32(1.0), np.float32(1.0))"
0.14967408744484556,0.2589419117530919,1.0,3.1877506685951587,0.0038613136839307297,0.017265145695170254,0.006087016234244267,BraTS20_Training_260,T2,"(240, 240, 155)","(np.float32(1.0), np.float32(1.0), np.float32(1.0))"
0.12597353745791245,0.27435274070411025,1.0,2.2987911629775764,0.007700660230422136,0.020383709684845826,0.004854019445853637,BraTS20_Training_260,FLAIR,"(240, 240, 155)","(np.float32(1.0), np.float32(1.0), np.float32(1.0))"
0.1970062016307352,0.3392363818490036,1.0,2.9401587986714564,0.011600179124416613,0.026531773517246966,0.01842258845581901,BraTS20_Training_106,T1,"(240, 240, 155)","(np.float32(1.0), np.float32(1.0), np.float32(1.0))"
0.1441184103811841,0.2521696439866768,1.0,3.019657933773697,0.016985742743649397,0.024605005865333512,0.017379748330615227,BraTS20_Training_106,T1ce,"(240, 240, 155)","(np.float32(1.0), np.float32(1.0), np.float32(1.0))"
0.10053269235551576,0.19706109600608954,1.0,3.266916659401874,0.0085216131751048,0.025751193781159476,0.011861640420528828,BraTS20_Training_106,T2,"(240, 240, 155)","(np.float32(1.0), np.float32(1.0), np.float32(1.0))"
0.12094999296171169,0.22633769741194548,1.0,2.8432376609817642,0.02477527649059533,0.02708870879239728,0.02575995906202696,BraTS20_Training_106,FLAIR,"(240, 240, 155)","(np.float32(1.0), np.float32(1.0), np.float32(1.0))"
0.20890621234032297,0.3435371659088078,1.0,3.141410549726948,0.013606646192872968,0.02777176495005911,0.01710256429957444,BraTS20_Training_054,T1,"(240, 240, 155)","(np.float32(1.0), np.float32(1.0), np.float32(1.0))"
0.15118463336643853,0.2528754471667072,1.0,3.210111907485486,0.023012096375460755,0.025447245864264074,0.016833889479939895,BraTS20_Training_054,T1ce,"(240, 240, 155)","(np.float32(1.0), np.float32(1.0), np.float32(1.0))"
0.11194810458248769,0.20562206434078817,1.0,3.4182672810498542,0.01336704904453582,0.02727795638698481,0.012077524908670832,BraTS20_Training_054,T2,"(240, 240, 155)","(np.float32(1.0), np.float32(1.0), np.float32(1.0))"
0.12921955999669782,0.22644204743379676,1.0,2.9833722102198568,0.01674096340106683,0.02696572895283621,0.02543804796241927,BraTS20_Training_054,FLAIR,"(240, 240, 155)","(np.float32(1.0), np.float32(1.0), np.float32(1.0))"
0.24327393226204022,0.3581862114643036,1.0,3.6730720846863187,0.01247014703465128,0.02917385454645872,0.014742349820699942,BraTS20_Training_002,T1,"(240, 240, 155)","(np.float32(1.0), np.float32(1.0), np.float32(1.0))"
0.24539959110014617,0.3585406088693835,1.0,3.6323580991531577,0.023808987500961835,0.030783194734752932,0.01786536158929741,BraTS20_Training_002,T1ce,"(240, 240, 155)","(np.float32(1.0), np.float32(1.0), np.float32(1.0))"
0.1592120060513269,0.2439802934417247,1.0,3.3659517231395144,0.015073868890021729,0.02728010160126357,0.017599443662534568,BraTS20_Training_002,T2,"(240, 240, 155)","(np.float32(1.0), np.float32(1.0), np.float32(1.0))"
0.22437253199891072,0.3314008794201906,1.0,3.4784995521362903,0.02429053812769661,0.03346783744218835,0.02584632551992276,BraTS20_Training_002,FLAIR,"(240, 240, 155)","(np.float32(1.0), np.float32(1.0), np.float32(1.0))"
0.22665818629163753,0.34586863546692165,1.0,3.518990931873527,0.008627269765612296,0.029130629578844686,0.016197161493644533,BraTS20_Training_050,T1,"(240, 240, 155)","(np.float32(1.0), np.float32(1.0), np.float32(1.0))"
0.19361176575330988,0.29522368824397843,1.0,3.5579417151187873,0.017749934531830547,0.030098593222754523,0.019282589024322113,BraTS20_Training_050,T1ce,"(240, 240, 155)","(np.float32(1.0), np.float32(1.0), np.float32(1.0))"
0.12455480695718657,0.21449595855817696,1.0,3.7960612951350337,0.017334976655070188,0.03212095843259936,0.010789551297795798,BraTS20_Training_050,T2,"(240, 240, 155)","(np.float32(1.0), np.float32(1.0), np.float32(1.0))"
0.13955191322446367,0.2286525659013646,1.0,3.301939292952809,0.018098235320172636,0.03020530898701527,0.02312765867720586,BraTS20_Training_050,FLAIR,"(240, 240, 155)","(np.float32(1.0), np.float32(1.0), np.float32(1.0))"
0.23717246125611746,0.35562246770013123,1.0,3.641200116629655,0.008157002614046867,0.028685397093226175,0.014838153589476101,BraTS20_Training_081,T1,"(240, 240, 155)","(np.float32(1.0), np.float32(1.0), np.float32(1.0))"
0.24072691902281743,0.3567357443988397,1.0,3.588501347938923,0.01900717975811563,0.0298365444736023,0.01751346194352574,BraTS20_Training_081,T1ce,"(240, 240, 155)","(np.float32(1.0), np.float32(1.0), np.float32(1.0))"
0.14542411448060485,0.23033530354711768,1.0,3.2881683846249823,0.015562442617944441,0.027785170293965718,0.0187497379608952,BraTS20_Training_081,T2,"(240, 240, 155)","(np.float32(1.0), np.float32(1.0), np.float32(1.0))"
0.21154351128472218,0.3193182549502558,1.0,3.285377299685802,0.032960955668215226,0.03926000090280504,0.03466990413382099,BraTS20_Training_081,FLAIR,"(240, 240, 155)","(np.float32(1.0), np.float32(1.0), np.float32(1.0))"
0.2043470139738882,0.3456383226157544,1.0,3.4124240966764052,0.01481673720049652,0.03043070927460203,0.01970059074120745,BraTS20_Training_206,T1,"(240, 240, 155)","(np.float32(1.0), np.float32(1.0), np.float32(1.0))"
0.19339838356935926,0.32983430092245924,1.0,3.516112982011865,0.025138147760396534,0.035121261937744,0.03516005735423225,BraTS20_Training_206,T1ce,"(240, 240, 155)","(np.float32(1.0), np.float32(1.0), np.float32(1.0))"
0.1412163336959626,0.24270814326758078,1.0,3.4734266701966505,0.015837435591815135,0.02477493992297097,0.012023699719600682,BraTS20_Training_206,T2,"(240, 240, 155)","(np.float32(1.0), np.float32(1.0), np.float32(1.0))"
0.20489387715179969,0.3454247846628055,1.0,3.1061877268986806,0.026221884291096953,0.032390872025908374,0.028731047321511743,BraTS20_Training_206,FLAIR,"(240, 240, 155)","(np.float32(1.0), np.float32(1.0), np.float32(1.0))"
0.22037700518990327,0.34113631166329145,1.0,3.512771512161161,0.01426679593843238,0.03320196789548897,0.019247075464131992,BraTS20_Training_035,T1,"(240, 240, 155)","(np.float32(1.0), np.float32(1.0), np.float32(1.0))"
0.20148611634824867,0.3101382624893797,1.0,3.59986942529795,0.022899179761564418,0.03687647838044727,0.021924635733016472,BraTS20_Training_035,T1ce,"(240, 240, 155)","(np.float32(1.0), np.float32(1.0), np.float32(1.0))"
0.12899237426702753,0.22461852665461451,1.0,3.9626913738468708,0.011628958216092325,0.031316611319929265,0.015275948854559683,BraTS20_Training_035,T2,"(240, 240, 155)","(np.float32(1.0), np.float32(1.0), np.float32(1.0))"
0.15741507352941178,0.24981295945998763,1.0,3.376866597255071,0.026197454632833527,0.032272778544943856,0.02716398869792725,BraTS20_Training_035,FLAIR,"(240, 240, 155)","(np.float32(1.0), np.float32(1.0), np.float32(1.0))"
0.2649918764854427,0.3930652825583276,1.0,3.4084548292900188,0.008061226749247747,0.024123900079750318,0.006934926646320017,BraTS20_Training_264,T1,"(240, 240, 155)","(np.float32(1.0), np.float32(1.0), np.float32(1.0))"
0.25854281092171716,0.3828593789817707,1.0,3.5007181416848456,0.011301475335743803,0.02834410854518344,0.015527741775890468,BraTS20_Training_264,T1ce,"(240, 240, 155)","(np.float32(1.0), np.float32(1.0), np.float32(1.0))"
0.18202228389985378,0.2761133049765771,1.0,3.5841961746059723,0.005968028004259723,0.023426064964434962,0.006724801354979624,BraTS20_Training_264,T2,"(240, 240, 155)","(np.float32(1.0), np.float32(1.0), np.float32(1.0))"
0.11304750277085064,0.24984940953506207,1.0,2.101231655297421,0.004949109155968487,0.016035930252786386,0.0036353449858080138,BraTS20_Training_264,FLAIR,"(240, 240, 155)","(np.float32(1.0), np.float32(1.0), np.float32(1.0))"
0.21599713164251205,0.33669895340550515,1.0,3.523630396718657,0.007480720930075672,0.029400000124434073,0.015877424604641314,BraTS20_Training_092,T1,"(240, 240, 155)","(np.float32(1.0), np.float32(1.0), np.float32(1.0))"
0.17530381944444445,0.27293409415012776,1.0,3.544392266005827,0.018023765221828844,0.03130333773836668,0.020501221623727268,BraTS20_Training_092,T1ce,"(240, 240, 155)","(np.float32(1.0), np.float32(1.0), np.float32(1.0))"
0.12552595586073842,0.2186148541185123,1.0,3.838141394232608,0.01197502132564731,0.03380063355180294,0.014672768340985737,BraTS20_Training_092,T2,"(240, 240, 155)","(np.float32(1.0), np.float32(1.0), np.float32(1.0))"
0.17509622023840712,0.277740944494807,1.0,3.2454086287129833,0.031043558156145155,0.03778392512438624,0.03581336455107153,BraTS20_Training_092,FLAIR,"(240, 240, 155)","(np.float32(1.0), np.float32(1.0), np.float32(1.0))"
0.238591879190613,0.34901422120924075,1.0,3.613374577926131,0.014646918918863126,0.0296279536276907,0.01669294614590176,BraTS20_Training_053,T1,"(240, 240, 155)","(np.float32(1.0), np.float32(1.0), np.float32(1.0))"
0.20534897815841946,0.3013356575088681,1.0,3.662171790964399,0.029570541047528907,0.03197738043754663,0.01948485734460932,BraTS20_Training_053,T1ce,"(240, 240, 155)","(np.float32(1.0), np.float32(1.0), np.float32(1.0))"
0.14943875508925178,0.2361023016915464,1.0,3.880269922621545,0.010932688377054767,0.02621308994686647,0.009511063583560691,BraTS20_Training_053,T2,"(240, 240, 155)","(np.float32(1.0), np.float32(1.0), np.float32(1.0))"
0.15124834077959076,0.23903782822671604,1.0,3.4832424942660394,0.012487132811287825,0.026587494103379367,0.017615650636130478,BraTS20_Training_053,FLAIR,"(240, 240, 155)","(np.float32(1.0), np.float32(1.0), np.float32(1.0))"
0.2032741477272727,0.338269443488611,1.0,2.4682149325310125,0.0027821060988674627,0.023157654352867527,0.008423876241509054,BraTS20_Training_265,T1,"(240, 240, 155)","(np.float32(1.0), np.float32(1.0), np.float32(1.0))"
0.21326546717171718,0.3498702486414645,1.0,2.4133779827541737,0.005008361710539742,0.022673445253832327,0.010479444709994871,BraTS20_Training_265,T1ce,"(240, 240, 155)","(np.float32(1.0), np.float32(1.0), np.float32(1.0))"
0.1339446197288282,0.2342955288093027,1.0,3.4208187863025996,0.004627974653335919,0.019923610027577816,0.009634277370459032,BraTS20_Training_265,T2,"(240, 240, 155)","(np.float32(1.0), np.float32(1.0), np.float32(1.0))"
0.20172676426310454,0.3295313754694451,1.0,2.985454558069539,0.0025947570371209557,0.020301158929686387,0.007302934245264371,BraTS20_Training_265,FLAIR,"(240, 240, 155)","(np.float32(1.0), np.float32(1.0), np.float32(1.0))"
0.22038628472222221,0.3547268721383208,1.0,3.5724345500774266,0.020129223811922243,0.03247692426080418,0.009743956630826903,BraTS20_Training_242,T1,"(240, 240, 155)","(np.float32(1.0), np.float32(1.0), np.float32(1.0))"
0.24264816026484654,0.38081943406369667,1.0,3.415452394520216,0.020385147304728672,0.025666759947675023,0.014086097607064451,BraTS20_Training_242,T1ce,"(240, 240, 155)","(np.float32(1.0), np.float32(1.0), np.float32(1.0))"
0.13324555181666228,0.2345271444241848,1.0,3.6864984197360084,0.017613973055345372,0.030529282811608566,0.0133022528932602,BraTS20_Training_242,T2,"(240, 240, 155)","(np.float32(1.0), np.float32(1.0), np.float32(1.0))"
0.2102819004690706,0.3519252821448013,1.0,3.2791909824116936,0.02054494388595333,0.03680298036632173,0.01663678411090189,BraTS20_Training_242,FLAIR,"(240, 240, 155)","(np.float32(1.0), np.float32(1.0), np.float32(1.0))"
0.23938765782828283,0.3507728555188343,1.0,3.7734833416949227,0.013677255853994492,0.03136514943376758,0.015768737976992762,BraTS20_Training_014,T1,"(240, 240, 155)","(np.float32(1.0), np.float32(1.0), np.float32(1.0))"
0.24549655771072798,0.35607054495591567,1.0,3.7266292644849486,0.028449157232626504,0.033925363483043584,0.01970545025174234,BraTS20_Training_014,T1ce,"(240, 240, 155)","(np.float32(1.0), np.float32(1.0), np.float32(1.0))"
0.1393507667824074,0.22381653742615049,1.0,3.4286201193618093,0.01384405818986304,0.027525643848429423,0.015985785337579238,BraTS20_Training_014,T2,"(240, 240, 155)","(np.float32(1.0), np.float32(1.0), np.float32(1.0))"
0.1707742802108678,0.2547184608255064,1.0,3.496994144247326,0.017885301741971425,0.029707366177398227,0.023185312389411756,BraTS20_Training_014,FLAIR,"(240, 240, 155)","(np.float32(1.0), np.float32(1.0), np.float32(1.0))"
0.18108486468291668,0.3064941761259222,1.0,4.506368520592784,0.009271625090199805,0.02580371631546434,0.009174198454703924,BraTS20_Training_316,T1,"(240, 240, 155)","(np.float32(1.0), np.float32(1.0), np.float32(1.0))"
0.18941309257051897,0.3165202737355615,1.0,4.445306793071004,0.006299730350159897,0.02351866678176767,0.0071146455890991655,BraTS20_Training_316,T1ce,"(240, 240, 155)","(np.float32(1.0), np.float32(1.0), np.float32(1.0))"
0.1742714468850976,0.2874649809240802,1.0,4.47883813997582,0.008139387711349217,0.022921738749266896,0.010083928877332431,BraTS20_Training_316,T2,"(240, 240, 155)","(np.float32(1.0), np.float32(1.0), np.float32(1.0))"
0.16897911492987325,0.28288136074077874,1.0,4.500361122176718,0.004592260595482275,0.019565924549235215,0.007162315315181009,BraTS20_Training_316,FLAIR,"(240, 240, 155)","(np.float32(1.0), np.float32(1.0), np.float32(1.0))"
0.2111717389411355,0.32411935537626235,1.0,3.688954353742814,0.006908401555551186,0.027681896666780767,0.013987472502938096,BraTS20_Training_089,T1,"(240, 240, 155)","(np.float32(1.0), np.float32(1.0), np.float32(1.0))"
0.22075142382283197,0.33510239126772134,1.0,3.6499062209655126,0.01932213400949749,0.031083912276399242,0.018683912880659653,BraTS20_Training_089,T1ce,"(240, 240, 155)","(np.float32(1.0), np.float32(1.0), np.float32(1.0))"
0.13926012014080194,0.22884052640945662,1.0,3.3584129325873913,0.007977401372013818,0.025825204220119025,0.013694203173462916,BraTS20_Training_089,T2,"(240, 240, 155)","(np.float32(1.0), np.float32(1.0), np.float32(1.0))"
0.22105523935662466,0.3442076153966753,1.0,3.662959387298935,0.01943296303840951,0.03123383466036132,0.02061782281520647,BraTS20_Training_089,FLAIR,"(240, 240, 155)","(np.float32(1.0), np.float32(1.0), np.float32(1.0))"
0.2250323636399004,0.372664074183806,1.0,3.0583844966377094,0.017758246340475188,0.020928252671236925,0.01070033091308339,BraTS20_Training_274,T1,"(240, 240, 155)","(np.float32(1.0), np.float32(1.0), np.float32(1.0))"
0.21152071010206447,0.3489623405397641,1.0,3.0986664614711708,0.015320211828845857,0.018043673487463226,0.010617065745840013,BraTS20_Training_274,T1ce,"(240, 240, 155)","(np.float32(1.0), np.float32(1.0), np.float32(1.0))"
0.16057270691346553,0.27543732069753535,1.0,3.329689730857492,0.020835174566966704,0.026545552229057627,0.021482980048335872,BraTS20_Training_274,T2,"(240, 240, 155)","(np.float32(1.0), np.float32(1.0), np.float32(1.0))"
0.19211652908036997,0.3222700421520728,1.0,3.217114324438876,0.019049717264583953,0.025715294612031623,0.016304198877018745,BraTS20_Training_274,FLAIR,"(240, 240, 155)","(np.float32(1.0), np.float32(1.0), np.float32(1.0))"
0.2016422303082192,0.36145150756453875,1.0,2.4974601024424343,0.013395189418225224,0.019339504981855677,0.00895075753463279,BraTS20_Training_167,T1,"(240, 240, 155)","(np.float32(1.0), np.float32(1.0), np.float32(1.0))"
0.20717927392379287,0.3679325291829802,1.0,2.458417687194385,0.02135330149027348,0.01860753482655466,0.013194527024902205,BraTS20_Training_167,T1ce,"(240, 240, 155)","(np.float32(1.0), np.float32(1.0), np.float32(1.0))"
0.15539382309941518,0.2843189554511035,1.0,2.653501799141832,0.017325159442047055,0.02436057588791625,0.01710337976215293,BraTS20_Training_167,T2,"(240, 240, 155)","(np.float32(1.0), np.float32(1.0), np.float32(1.0))"
0.16320575142450142,0.29743361903012594,1.0,2.4148173060397733,0.01516681459566075,0.023163868156613452,0.01983747139766022,BraTS20_Training_167,FLAIR,"(240, 240, 155)","(np.float32(1.0), np.float32(1.0), np.float32(1.0))"
0.2569408125798212,0.38886151312444145,1.0,3.291013986778211,0.006071163627956136,0.021326933162405783,0.005610828419305418,BraTS20_Training_363,T1,"(240, 240, 155)","(np.float32(1.0), np.float32(1.0), np.float32(1.0))"
0.21905217961679183,0.3303038975310664,1.0,3.3291176488182113,0.009696179173670995,0.019644082309544075,0.0062689243443191985,BraTS20_Training_363,T1ce,"(240, 240, 155)","(np.float32(1.0), np.float32(1.0), np.float32(1.0))"
0.1239226068899782,0.21401567582073286,1.0,3.6467321256810608,0.0037218301788307915,0.01999513672969806,0.008747279238776842,BraTS20_Training_363,T2,"(240, 240, 155)","(np.float32(1.0), np.float32(1.0), np.float32(1.0))"
0.1289802029500431,0.21733900206493312,1.0,3.29368156284998,0.003535084003323452,0.016356050111088444,0.009794753362269575,BraTS20_Training_363,FLAIR,"(240, 240, 155)","(np.float32(1.0), np.float32(1.0), np.float32(1.0))"
0.2633918786186932,0.3898396936105467,1.0,3.374505593160611,0.005055157170066519,0.019301847599507052,0.005662522574698337,BraTS20_Training_135,T1,"(240, 240, 155)","(np.float32(1.0), np.float32(1.0), np.float32(1.0))"
0.24586377543605398,0.3655149885791611,1.0,3.5102931885256345,0.01019575047455036,0.02891926635232957,0.017917350570498074,BraTS20_Training_135,T1ce,"(240, 240, 155)","(np.float32(1.0), np.float32(1.0), np.float32(1.0))"
0.14532992070302567,0.23109131715999737,1.0,3.6367276299871674,0.001673767741026612,0.013770960858120511,0.004212444699161808,BraTS20_Training_135,T2,"(240, 240, 155)","(np.float32(1.0), np.float32(1.0), np.float32(1.0))"
0.14085043697033897,0.2774865855357716,1.0,2.533479310997962,0.0030540046325389417,0.01462901017304511,0.00559698414909775,BraTS20_Training_135,FLAIR,"(240, 240, 155)","(np.float32(1.0), np.float32(1.0), np.float32(1.0))"
0.19698806605975724,0.3295193489069409,1.0,3.548028134984868,0.020824358197629542,0.030238896934928264,0.024318696005853454,BraTS20_Training_307,T1,"(240, 240, 155)","(np.float32(1.0), np.float32(1.0), np.float32(1.0))"
0.203685501880583,0.3409301691720764,1.0,3.6919314296096104,0.03028083266483449,0.033329829463401454,0.029871559473797087,BraTS20_Training_307,T1ce,"(240, 240, 155)","(np.float32(1.0), np.float32(1.0), np.float32(1.0))"
0.16778155418944943,0.282094085422922,1.0,3.809927577421856,0.020228085322534048,0.026305415375349143,0.012983467318163612,BraTS20_Training_307,T2,"(240, 240, 155)","(np.float32(1.0), np.float32(1.0), np.float32(1.0))"
0.20613926229826193,0.34189880803341466,1.0,3.338491444339638,0.03260787285561208,0.032599972765987015,0.02876460475670761,BraTS20_Training_307,FLAIR,"(240, 240, 155)","(np.float32(1.0), np.float32(1.0), np.float32(1.0))"
0.21551582888674384,0.3657266690389187,1.0,4.441577983401195,0.0058113460386470025,0.018141698202723645,0.006105315222718062,BraTS20_Training_355,T1,"(240, 240, 155)","(np.float32(1.0), np.float32(1.0), np.float32(1.0))"
0.2065725896668043,0.3540776527486519,1.0,3.512287200686592,0.01941165206097139,0.025113530705328065,0.011605229447410081,BraTS20_Training_355,T1ce,"(240, 240, 155)","(np.float32(1.0), np.float32(1.0), np.float32(1.0))"
0.1524733712251065,0.26723527619748566,1.0,4.44182103895675,0.020531557827757223,0.02440244490212845,0.02076148098680619,BraTS20_Training_355,T2,"(240, 240, 155)","(np.float32(1.0), np.float32(1.0), np.float32(1.0))"
0.1707430539924465,0.2963976370640207,1.0,4.441543261178972,0.007262444901584201,0.02266665137462641,0.012160140058725937,BraTS20_Training_355,FLAIR,"(240, 240, 155)","(np.float32(1.0), np.float32(1.0), np.float32(1.0))"
0.22380004919769905,0.3398071768817069,1.0,3.4750745414594717,0.01966324324513839,0.02685365287763664,0.012611067269816097,BraTS20_Training_320,T1,"(240, 240, 155)","(np.float32(1.0), np.float32(1.0), np.float32(1.0))"
0.26917231369474315,0.3963167544142577,1.0,3.276838571237179,0.02363408537716306,0.02513080044323012,0.013890770153382718,BraTS20_Training_320,T1ce,"(240, 240, 155)","(np.float32(1.0), np.float32(1.0), np.float32(1.0))"
0.16118538065159577,0.2554797189461222,1.0,3.6836830085335013,0.012953880152336086,0.02985071694823009,0.010180787213466987,BraTS20_Training_320,T2,"(240, 240, 155)","(np.float32(1.0), np.float32(1.0), np.float32(1.0))"
0.22102643535729039,0.33690221228168127,1.0,3.259780898754915,0.02556435211416831,0.03541601798608795,0.020107815653882467,BraTS20_Training_320,FLAIR,"(240, 240, 155)","(np.float32(1.0), np.float32(1.0), np.float32(1.0))"
0.21783020069274656,0.3412632067403244,1.0,3.308099242388235,0.009439288864578496,0.024850156476320315,0.00790894093283399,BraTS20_Training_244,T1,"(240, 240, 155)","(np.float32(1.0), np.float32(1.0), np.float32(1.0))"
0.20678550627240144,0.32378735970159195,1.0,3.336672804850798,0.01555377179121543,0.02497199172139101,0.008525881350203888,BraTS20_Training_244,T1ce,"(240, 240, 155)","(np.float32(1.0), np.float32(1.0), np.float32(1.0))"
0.1131211671612265,0.20270428610440785,1.0,3.768893776271919,0.008642517984661308,0.024643641790319328,0.007087214993331907,BraTS20_Training_244,T2,"(240, 240, 155)","(np.float32(1.0), np.float32(1.0), np.float32(1.0))"
0.1550034465020576,0.25450492136457936,1.0,3.420947289751121,0.010448405959457398,0.022783797901306604,0.009334902857257507,BraTS20_Training_244,FLAIR,"(240, 240, 155)","(np.float32(1.0), np.float32(1.0), np.float32(1.0))"
0.23637619829408213,0.35552060404150443,1.0,3.418431357579037,0.01062798881250328,0.028463748906717847,0.013109290140249452,BraTS20_Training_055,T1,"(240, 240, 155)","(np.float32(1.0), np.float32(1.0), np.float32(1.0))"
0.1757509736422163,0.2668976906399057,1.0,3.4813975692174415,0.016747199190474887,0.0255218743165409,0.012100520638206427,BraTS20_Training_055,T1ce,"(240, 240, 155)","(np.float32(1.0), np.float32(1.0), np.float32(1.0))"
0.13539808744783055,0.23265279476654824,1.0,3.9877185705657574,0.01514012519554741,0.031073579364069813,0.010101301561044015,BraTS20_Training_055,T2,"(240, 240, 155)","(np.float32(1.0), np.float32(1.0), np.float32(1.0))"
0.16062744044088573,0.26214408240535186,1.0,3.607811256546249,0.01098002176091854,0.02572060619011848,0.014295209797802156,BraTS20_Training_055,FLAIR,"(240, 240, 155)","(np.float32(1.0), np.float32(1.0), np.float32(1.0))"
0.20054891779344375,0.33496006451490806,1.0,3.179899703506838,0.01239787762801679,0.028324195344427525,0.016771327063322045,BraTS20_Training_051,T1,"(240, 240, 155)","(np.float32(1.0), np.float32(1.0), np.float32(1.0))"
0.19947481851179674,0.3304291446291826,1.0,3.173828491946574,0.029591044020130224,0.029748846033164432,0.022420744220203046,BraTS20_Training_051,T1ce,"(240, 240, 155)","(np.float32(1.0), np.float32(1.0), np.float32(1.0))"
0.10162102473670906,0.19607691512846093,1.0,3.483177593867334,0.009550172172451242,0.02513112926745698,0.010187903602466441,BraTS20_Training_051,T2,"(240, 240, 155)","(np.float32(1.0), np.float32(1.0), np.float32(1.0))"
0.12449432485308141,0.22298555864317485,1.0,3.0365629887147163,0.016430342741086096,0.027251628552069786,0.02408103577053608,BraTS20_Training_051,FLAIR,"(240, 240, 155)","(np.float32(1.0), np.float32(1.0), np.float32(1.0))"
0.22551682316118934,0.37146985412542427,1.0,2.9350041223333307,0.010265351892261236,0.021970493561009295,0.009900077157242615,BraTS20_Training_175,T1,"(240, 240, 155)","(np.float32(1.0), np.float32(1.0), np.float32(1.0))"
0.18819762793176975,0.31187808965913333,1.0,3.0605613267102236,0.010000501193645945,0.020040589994343272,0.01556864562397738,BraTS20_Training_175,T1ce,"(240, 240, 155)","(np.float32(1.0), np.float32(1.0), np.float32(1.0))"
0.12961288544483068,0.23376326189950192,1.0,3.3461163144995245,0.0057838546713440304,0.019498493200697308,0.013066014038360559,BraTS20_Training_175,T2,"(240, 240, 155)","(np.float32(1.0), np.float32(1.0), np.float32(1.0))"
0.170285568019943,0.2927895324079147,1.0,2.971904828768482,0.009409983680441414,0.021905310358783823,0.016049546776814725,BraTS20_Training_175,FLAIR,"(240, 240, 155)","(np.float32(1.0), np.float32(1.0), np.float32(1.0))"
0.18136605807707323,0.3430911224213197,1.0,2.599490609028609,0.02664021468289653,0.025828859476898718,0.012548543252895053,BraTS20_Training_190,T1,"(240, 240, 155)","(np.float32(1.0), np.float32(1.0), np.float32(1.0))"
0.15342745229812355,0.288595046786641,1.0,2.6110843590524717,0.02835362114587322,0.023357667398962546,0.011731380961204942,BraTS20_Training_190,T1ce,"(240, 240, 155)","(np.float32(1.0), np.float32(1.0), np.float32(1.0))"
0.13279616838873914,0.2604887411623172,1.0,2.814604476759335,0.012994823578387093,0.024634709503516837,0.012541701222181425,BraTS20_Training_190,T2,"(240, 240, 155)","(np.float32(1.0), np.float32(1.0), np.float32(1.0))"
0.1379163152271705,0.2732089100722746,1.0,2.517885397693707,0.024967695453858355,0.029986732886320176,0.02453736231974043,BraTS20_Training_190,FLAIR,"(240, 240, 155)","(np.float32(1.0), np.float32(1.0), np.float32(1.0))"
0.2522840513182674,0.36845490794501207,1.0,4.469150728037157,0.011787168146924576,0.029720644230081167,0.008646901521330344,BraTS20_Training_367,T1,"(240, 240, 155)","(np.float32(1.0), np.float32(1.0), np.float32(1.0))"
0.2508419215425532,0.36371767526647286,1.0,4.5177768222583365,0.018331320357925885,0.027395859626273403,0.010310405220820397,BraTS20_Training_367,T1ce,"(240, 240, 155)","(np.float32(1.0), np.float32(1.0), np.float32(1.0))"
0.1820409469521123,0.272801693360309,1.0,4.759919758644783,0.021112102504716245,0.0283424700585942,0.006607319755533648,BraTS20_Training_367,T2,"(240, 240, 155)","(np.float32(1.0), np.float32(1.0), np.float32(1.0))"
0.23781873028085584,0.34457813313542285,1.0,5.604437392076523,0.013715202301470912,0.026121426530234623,0.008967466483443577,BraTS20_Training_367,FLAIR,"(240, 240, 155)","(np.float32(1.0), np.float32(1.0), np.float32(1.0))"
0.21601859257566522,0.3616122056661583,1.0,3.4105949432083436,0.01751576947236064,0.027806096547946583,0.017839943071193895,BraTS20_Training_188,T1,"(240, 240, 155)","(np.float32(1.0), np.float32(1.0), np.float32(1.0))"
0.20747510482180292,0.3493900951407342,1.0,3.4995592241353988,0.02578316223048766,0.030283796984432173,0.027636701457221365,BraTS20_Training_188,T1ce,"(240, 240, 155)","(np.float32(1.0), np.float32(1.0), np.float32(1.0))"
0.15928387925497753,0.2689785364943838,1.0,3.4861702425498127,0.021749643194197,0.025639425424920065,0.014100291365385377,BraTS20_Training_188,T2,"(240, 240, 155)","(np.float32(1.0), np.float32(1.0), np.float32(1.0))"
0.2065580391589506,0.3477568307244358,1.0,3.1544579978224845,0.02640821700233491,0.029632447529052797,0.02632257039867054,BraTS20_Training_188,FLAIR,"(240, 240, 155)","(np.float32(1.0), np.float32(1.0), np.float32(1.0))"
0.24576929447370277,0.37453643469515474,1.0,3.23395231011832,0.022630554145921113,0.02250452573316004,0.0074958305222215926,BraTS20_Training_170,T1,"(240, 240, 155)","(np.float32(1.0), np.float32(1.0), np.float32(1.0))"
0.250775775437965,0.380062147248957,1.0,3.202164914661641,0.027984641358280965,0.022049106601293826,0.00825006330106103,BraTS20_Training_170,T1ce,"(240, 240, 155)","(np.float32(1.0), np.float32(1.0), np.float32(1.0))"
0.19043316892422454,0.29750299454336576,1.0,3.4085787111347963,0.022570303623156738,0.025613645736829428,0.015953712045703408,BraTS20_Training_170,T2,"(240, 240, 155)","(np.float32(1.0), np.float32(1.0), np.float32(1.0))"
0.2101067464301651,0.32505612111296317,1.0,3.0639873257207597,0.02623357777383519,0.027970280280011032,0.015615524325031386,BraTS20_Training_170,FLAIR,"(240, 240, 155)","(np.float32(1.0), np.float32(1.0), np.float32(1.0))"
0.2191849496066863,0.35142000350393804,1.0,3.231383293892569,0.013057383917539002,0.028599621946259226,0.015664812330437115,BraTS20_Training_059,T1,"(240, 240, 155)","(np.float32(1.0), np.float32(1.0), np.float32(1.0))"
0.22580999308437066,0.3583195937277792,1.0,3.1810009224043365,0.027978899259941577,0.030475307459014327,0.02111478051345505,BraTS20_Training_059,T1ce,"(240, 240, 155)","(np.float32(1.0), np.float32(1.0), np.float32(1.0))"
0.12659485786856897,0.2164369841087019,1.0,2.901952512097045,0.016813676104945652,0.027475450648424507,0.017441151845635737,BraTS20_Training_059,T2,"(240, 240, 155)","(np.float32(1.0), np.float32(1.0), np.float32(1.0))"
0.1943307203984287,0.3152190604381114,1.0,2.916673589387535,0.03239853377348116,0.03925169989181655,0.03318490824831668,BraTS20_Training_059,FLAIR,"(240, 240, 155)","(np.float32(1.0), np.float32(1.0), np.float32(1.0))"
0.2265108290446028,0.34492551132968596,1.0,3.544872899137934,0.014121726091404734,0.03375803836681928,0.01824356778181519,BraTS20_Training_049,T1,"(240, 240, 155)","(np.float32(1.0), np.float32(1.0), np.float32(1.0))"
0.2080891844253605,0.3157899647359093,1.0,3.6035050566028497,0.025695883531942586,0.03776310714036659,0.02395462265520021,BraTS20_Training_049,T1ce,"(240, 240, 155)","(np.float32(1.0), np.float32(1.0), np.float32(1.0))"
0.14458730973302605,0.24241971220582656,1.0,3.9315578153556627,0.018106318255486604,0.035563805377224075,0.011734124063401066,BraTS20_Training_049,T2,"(240, 240, 155)","(np.float32(1.0), np.float32(1.0), np.float32(1.0))"
0.15115390939337664,0.2418145996045479,1.0,3.40288134333759,0.015928168609889052,0.03208429582258016,0.0273030735600319,BraTS20_Training_049,FLAIR,"(240, 240, 155)","(np.float32(1.0), np.float32(1.0), np.float32(1.0))"
0.23547441575182967,0.36946467016659745,1.0,3.1085864597693886,0.015831224900498403,0.02471574613330243,0.01612294864778123,BraTS20_Training_236,T1,"(240, 240, 155)","(np.float32(1.0), np.float32(1.0), np.float32(1.0))"
0.21997519841269841,0.3442387755015558,1.0,3.1212907991606937,0.018384666246919687,0.02345454443337054,0.015860321334046246,BraTS20_Training_236,T1ce,"(240, 240, 155)","(np.float32(1.0), np.float32(1.0), np.float32(1.0))"
0.19185627388752388,0.30572208308656085,1.0,3.2006355292132906,0.009689064972388068,0.01954092116236207,0.010824798751632511,BraTS20_Training_236,T2,"(240, 240, 155)","(np.float32(1.0), np.float32(1.0), np.float32(1.0))"
0.18270055643182614,0.2963218434370468,1.0,3.3737390167109194,0.013266235746090507,0.022677504446800178,0.014068315529951974,BraTS20_Training_236,FLAIR,"(240, 240, 155)","(np.float32(1.0), np.float32(1.0), np.float32(1.0))"
0.23142570374503968,0.3698696052432143,1.0,3.1808167365271944,0.013482581417576796,0.025249721851873477,0.008677174643463643,BraTS20_Training_253,T1,"(240, 240, 155)","(np.float32(1.0), np.float32(1.0), np.float32(1.0))"
0.23863628656522767,0.3785203938827479,1.0,3.136050723686393,0.019045258547287874,0.024348371876316433,0.00997375637627429,BraTS20_Training_253,T1ce,"(240, 240, 155)","(np.float32(1.0), np.float32(1.0), np.float32(1.0))"
0.11541307033577036,0.2076358476921043,1.0,3.483531396321612,0.010985029241107124,0.024822316188367298,0.007462044548352658,BraTS20_Training_253,T2,"(240, 240, 155)","(np.float32(1.0), np.float32(1.0), np.float32(1.0))"
0.20286025171878463,0.3304831875031287,1.0,3.2376481751307895,0.017377722515713744,0.033060119097638625,0.013083574759488282,BraTS20_Training_253,FLAIR,"(240, 240, 155)","(np.float32(1.0), np.float32(1.0), np.float32(1.0))"
0.23140732167352535,0.355077088739186,1.0,3.4360488718026914,0.014054773219181433,0.028445540692174663,0.016923006344947773,BraTS20_Training_022,T1,"(240, 240, 155)","(np.float32(1.0), np.float32(1.0), np.float32(1.0))"
0.1885036327874117,0.2900409680397424,1.0,3.452497828330455,0.02659658196272846,0.029010506143202622,0.018520250165280746,BraTS20_Training_022,T1ce,"(240, 240, 155)","(np.float32(1.0), np.float32(1.0), np.float32(1.0))"
0.10020883746224955,0.17881849073876202,1.0,3.681104907042348,0.008287707147336508,0.020954844411539983,0.008383892005613904,BraTS20_Training_022,T2,"(240, 240, 155)","(np.float32(1.0), np.float32(1.0), np.float32(1.0))"
0.1881025108738632,0.29383234974747435,1.0,3.1858365260949673,0.03419897911979051,0.03772986255012258,0.03280163201547482,BraTS20_Training_022,FLAIR,"(240, 240, 155)","(np.float32(1.0), np.float32(1.0), np.float32(1.0))"
0.18662371750461865,0.33529719230721805,1.0,3.0176304159671163,0.01231085796199337,0.024413304050279156,0.015489202077846974,BraTS20_Training_314,T1,"(240, 240, 155)","(np.float32(1.0), np.float32(1.0), np.float32(1.0))"
0.19519550556013182,0.3480947534437501,1.0,3.09862730016923,0.01821032124602802,0.025708153163545328,0.018960060718265666,BraTS20_Training_314,T1ce,"(240, 240, 155)","(np.float32(1.0), np.float32(1.0), np.float32(1.0))"
0.16029611935095395,0.28884110008299424,1.0,3.220107924324908,0.012979061413332087,0.023234987175272736,0.009764564527732642,BraTS20_Training_314,T2,"(240, 240, 155)","(np.float32(1.0), np.float32(1.0), np.float32(1.0))"
0.18068067623310513,0.3257611015305782,1.0,2.8706968008990006,0.014293380000171925,0.024271166966017905,0.015307142120987957,BraTS20_Training_314,FLAIR,"(240, 240, 155)","(np.float32(1.0), np.float32(1.0), np.float32(1.0))"
0.2442716416441745,0.38542434479201065,1.0,3.596091736179805,0.016078154986974194,0.020802237220751557,0.010550038497819846,BraTS20_Training_161,T1,"(240, 240, 155)","(np.float32(1.0), np.float32(1.0), np.float32(1.0))"
0.2402220136728617,0.3783650845331461,1.0,4.021877897742715,0.026852874369587963,0.024391174884646816,0.026953973025830382,BraTS20_Training_161,T1ce,"(240, 240, 155)","(np.float32(1.0), np.float32(1.0), np.float32(1.0))"
0.18528831541076649,0.29803726695349514,1.0,3.7078041710596388,0.02451190375087833,0.027609902927923397,0.01399872979260675,BraTS20_Training_161,T2,"(240, 240, 155)","(np.float32(1.0), np.float32(1.0), np.float32(1.0))"
0.2258225713366636,0.36000137199426185,1.0,3.363541931042015,0.021754947650492778,0.02698758589060408,0.01978751050802949,BraTS20_Training_161,FLAIR,"(240, 240, 155)","(np.float32(1.0), np.float32(1.0), np.float32(1.0))"
0.24267369987983167,0.3672829887213537,1.0,4.832936605830864,0.019169001599819727,0.02133167451011784,0.0005841171835164918,BraTS20_Training_277,T1,"(240, 240, 155)","(np.float32(1.0), np.float32(1.0), np.float32(1.0))"
0.26753874190957394,0.38134503961595373,1.0,5.173084864168467,0.006416191328938128,0.024575962844956698,0.005419975230779889,BraTS20_Training_277,T1ce,"(240, 240, 155)","(np.float32(1.0), np.float32(1.0), np.float32(1.0))"
0.1682649592736179,0.25387594729650775,1.0,5.258422456520354,0.01573731541326134,0.030020794430552406,0.009612142919854617,BraTS20_Training_277,T2,"(240, 240, 155)","(np.float32(1.0), np.float32(1.0), np.float32(1.0))"
0.24967646957770676,0.35616743755999686,1.0,5.09527612104917,0.015319785919959984,0.027115227969088454,0.007043420868914628,BraTS20_Training_277,FLAIR,"(240, 240, 155)","(np.float32(1.0), np.float32(1.0), np.float32(1.0))"
0.22684308409436832,0.37607613297104203,1.0,2.8389585442557372,0.011369878130147414,0.020939323228467765,0.009062190885962185,BraTS20_Training_192,T1,"(240, 240, 155)","(np.float32(1.0), np.float32(1.0), np.float32(1.0))"
0.21013253726287262,0.34801412210590876,1.0,2.8670841592940013,0.013452238251041047,0.019306812406294352,0.009193244471553657,BraTS20_Training_192,T1ce,"(240, 240, 155)","(np.float32(1.0), np.float32(1.0), np.float32(1.0))"
0.14381902164721796,0.24968844218353245,1.0,3.0893725867143735,0.010486516291786459,0.022386769864792745,0.009185075548883082,BraTS20_Training_192,T2,"(240, 240, 155)","(np.float32(1.0), np.float32(1.0), np.float32(1.0))"
0.10962002487562189,0.20204075086417966,1.0,2.7437426507903306,0.004640600789584416,0.01698357320788042,0.012817800404566749,BraTS20_Training_192,FLAIR,"(240, 240, 155)","(np.float32(1.0), np.float32(1.0), np.float32(1.0))"
0.24120403677058352,0.37889271793750223,1.0,3.4089391919415104,0.020751967558147726,0.031965264265038956,0.01827345237963949,BraTS20_Training_294,T1,"(240, 240, 155)","(np.float32(1.0), np.float32(1.0), np.float32(1.0))"
0.24063878676470588,0.3769690653507728,1.0,3.450500202990298,0.025326664817010076,0.03257503616633176,0.024988295181905797,BraTS20_Training_294,T1ce,"(240, 240, 155)","(np.float32(1.0), np.float32(1.0), np.float32(1.0))"
0.15074905944085287,0.2422047189921485,1.0,3.5428957456906294,0.019689073780070163,0.02442206093952748,0.00924674412896614,BraTS20_Training_294,T2,"(240, 240, 155)","(np.float32(1.0), np.float32(1.0), np.float32(1.0))"
0.23805256869772995,0.37070033320368423,1.0,3.017087994471951,0.04035919730961547,0.03277450764798591,0.02665401792080432,BraTS20_Training_294,FLAIR,"(240, 240, 155)","(np.float32(1.0), np.float32(1.0), np.float32(1.0))"
0.2144598003005884,0.34973276696129063,1.0,3.808660031172977,0.007841600025222049,0.02698897671515252,0.01213063796201413,BraTS20_Training_344,T1,"(240, 240, 155)","(np.float32(1.0), np.float32(1.0), np.float32(1.0))"
0.2197684222198111,0.3568144366382272,1.0,3.7747563009697815,0.013270904644961024,0.026045844617830834,0.013016646655888092,BraTS20_Training_344,T1ce,"(240, 240, 155)","(np.float32(1.0), np.float32(1.0), np.float32(1.0))"
0.18278184948221715,0.3005025114728728,1.0,3.776462644125356,0.007435382833857899,0.023141544813308188,0.007140824589551141,BraTS20_Training_344,T2,"(240, 240, 155)","(np.float32(1.0), np.float32(1.0), np.float32(1.0))"
0.18856741874604466,0.30714325508911744,1.0,3.423673713240405,0.006399873079745879,0.021231140619528324,0.008488806780097575,BraTS20_Training_344,FLAIR,"(240, 240, 155)","(np.float32(1.0), np.float32(1.0), np.float32(1.0))"
0.2420378731129995,0.38477829428839055,1.0,3.1337301350651976,0.015371901293888851,0.020547451486740063,0.011237058260353478,BraTS20_Training_258,T1,"(240, 240, 155)","(np.float32(1.0), np.float32(1.0), np.float32(1.0))"
0.2222361841193142,0.35279928545471106,1.0,3.394042984635482,0.01397232259913671,0.017493911053096372,0.010702153516579391,BraTS20_Training_258,T1ce,"(240, 240, 155)","(np.float32(1.0), np.float32(1.0), np.float32(1.0))"
0.16148115398718949,0.2678913681665282,1.0,3.454723676942775,0.013959698351121605,0.019653748648979393,0.013568157013321683,BraTS20_Training_258,T2,"(240, 240, 155)","(np.float32(1.0), np.float32(1.0), np.float32(1.0))"
0.16339357264188648,0.26954559637635644,1.0,3.4937453796944538,0.005974014367642577,0.01604763536327768,0.00989127965292653,BraTS20_Training_258,FLAIR,"(240, 240, 155)","(np.float32(1.0), np.float32(1.0), np.float32(1.0))"
0.2188172451482192,0.34830745735043095,1.0,3.6825076594277104,0.010406322631908141,0.028222902728833155,0.013243716213425705,BraTS20_Training_309,T1,"(240, 240, 155)","(np.float32(1.0), np.float32(1.0), np.float32(1.0))"
0.23159878416037397,0.36479660543461806,1.0,3.7828863837898505,0.016312864121308602,0.028804415911806675,0.016650819540717825,BraTS20_Training_309,T1ce,"(240, 240, 155)","(np.float32(1.0), np.float32(1.0), np.float32(1.0))"
0.18203806068426628,0.28902882028067434,1.0,3.835117022080265,0.021921933109463866,0.026254448190658683,0.0077233820891885515,BraTS20_Training_309,T2,"(240, 240, 155)","(np.float32(1.0), np.float32(1.0), np.float32(1.0))"
0.23399801929864947,0.36434694119380656,1.0,3.3565932191049814,0.018708349774482026,0.026051106056859744,0.014713588644840797,BraTS20_Training_309,FLAIR,"(240, 240, 155)","(np.float32(1.0), np.float32(1.0), np.float32(1.0))"
0.19788659669679137,0.3567652807901277,1.0,3.020559594078872,0.00989728166393416,0.01879657096512022,0.006510796121527289,BraTS20_Training_150,T1,"(240, 240, 155)","(np.float32(1.0), np.float32(1.0), np.float32(1.0))"
0.14714421899354266,0.26857967488318474,1.0,2.9285826672093904,0.00624430973082016,0.013214086058402331,0.005426231978646695,BraTS20_Training_150,T1ce,"(240, 240, 155)","(np.float32(1.0), np.float32(1.0), np.float32(1.0))"
0.13689531014977074,0.26052063260443503,1.0,3.4663856604943475,0.010187073865635226,0.025529721896038148,0.008867598164279069,BraTS20_Training_150,T2,"(240, 240, 155)","(np.float32(1.0), np.float32(1.0), np.float32(1.0))"
0.19174632027445773,0.34509362431181195,1.0,2.9296479044574286,0.009698870785119815,0.01776669159029914,0.004861782532601638,BraTS20_Training_150,FLAIR,"(240, 240, 155)","(np.float32(1.0), np.float32(1.0), np.float32(1.0))"
0.23229403815864835,0.36364857283384766,1.0,3.361857977912178,0.00841580737562145,0.025614162566244457,0.008511831445848429,BraTS20_Training_131,T1,"(240, 240, 155)","(np.float32(1.0), np.float32(1.0), np.float32(1.0))"
0.22394801118274432,0.3555968319961827,1.0,3.64071208560767,0.010996191975594982,0.031885773225360105,0.015626905227736385,BraTS20_Training_131,T1ce,"(240, 240, 155)","(np.float32(1.0), np.float32(1.0), np.float32(1.0))"
0.15973079345088162,0.26296247882560914,1.0,3.6631083275721035,0.006672147551676758,0.02766395261620924,0.011569810236906388,BraTS20_Training_131,T2,"(240, 240, 155)","(np.float32(1.0), np.float32(1.0), np.float32(1.0))"
0.1817412804307116,0.29405476364232686,1.0,3.4590768105825638,0.004288501172262824,0.027046341593990556,0.0036564949249406242,BraTS20_Training_131,FLAIR,"(240, 240, 155)","(np.float32(1.0), np.float32(1.0), np.float32(1.0))"
0.2182071466244726,0.33742223001837834,1.0,3.6768494336031843,0.009536558755719347,0.023090688014172786,0.007325042403556225,BraTS20_Training_152,T1,"(240, 240, 155)","(np.float32(1.0), np.float32(1.0), np.float32(1.0))"
0.22383145851231384,0.3433636532754012,1.0,3.6329491907716918,0.0056905835623176975,0.02085639924498878,0.009338516932069331,BraTS20_Training_152,T1ce,"(240, 240, 155)","(np.float32(1.0), np.float32(1.0), np.float32(1.0))"
0.13665057921677076,0.228767305385695,1.0,4.129279059419913,0.006058263864935827,0.021792853069007946,0.008576904642338085,BraTS20_Training_152,T2,"(240, 240, 155)","(np.float32(1.0), np.float32(1.0), np.float32(1.0))"
0.19131493328958876,0.29739322454873574,1.0,3.6006615499135965,0.006140798753433927,0.017908569970190177,0.00948749140227953,BraTS20_Training_152,FLAIR,"(240, 240, 155)","(np.float32(1.0), np.float32(1.0), np.float32(1.0))"
0.18888752804169964,0.33108980267741006,1.0,2.9875774478528743,0.00982498288582589,0.02765990646862348,0.02112435397280837,BraTS20_Training_100,T1,"(240, 240, 155)","(np.float32(1.0), np.float32(1.0), np.float32(1.0))"
0.15787182454890789,0.27644988777106766,1.0,3.031307390962411,0.016809470093586902,0.028304814404416342,0.023235104412855073,BraTS20_Training_100,T1ce,"(240, 240, 155)","(np.float32(1.0), np.float32(1.0), np.float32(1.0))"
0.12920475836476164,0.24244169507250699,1.0,3.3503948681642473,0.010294868267744417,0.028264156115968494,0.014835934058732977,BraTS20_Training_100,T2,"(240, 240, 155)","(np.float32(1.0), np.float32(1.0), np.float32(1.0))"
0.11322976532567047,0.22063562428525804,1.0,2.9671429859855443,0.011791040075859913,0.023953809914006526,0.023755843045761636,BraTS20_Training_100,FLAIR,"(240, 240, 155)","(np.float32(1.0), np.float32(1.0), np.float32(1.0))"
0.20375729166666667,0.3309057383591023,1.0,3.4063860558631593,0.012305072199265382,0.031783432211575445,0.01747695339758076,BraTS20_Training_088,T1,"(240, 240, 155)","(np.float32(1.0), np.float32(1.0), np.float32(1.0))"
0.21359866898148147,0.3422310160342694,1.0,3.33973097295537,0.02878254255734644,0.034597362987314716,0.025114390383208385,BraTS20_Training_088,T1ce,"(240, 240, 155)","(np.float32(1.0), np.float32(1.0), np.float32(1.0))"
0.10841936494832752,0.2087869049829722,1.0,3.797182203997158,0.01390508054135237,0.031634243346381284,0.011322640662043103,BraTS20_Training_088,T2,"(240, 240, 155)","(np.float32(1.0), np.float32(1.0), np.float32(1.0))"
0.17056025521939136,0.28414952570596336,1.0,3.202483962162293,0.03571733316316641,0.04361310322824638,0.03654068097348314,BraTS20_Training_088,FLAIR,"(240, 240, 155)","(np.float32(1.0), np.float32(1.0), np.float32(1.0))"
0.2574164938411262,0.40173736292097495,1.0,3.0835855948169772,0.004648571242512552,0.02002866934765415,0.008606421786715227,BraTS20_Training_331,T1,"(240, 240, 155)","(np.float32(1.0), np.float32(1.0), np.float32(1.0))"
0.23826035725602032,0.37062054525079025,1.0,3.7195050806378087,0.008394818876257454,0.02114019450722969,0.009120664205182025,BraTS20_Training_331,T1ce,"(240, 240, 155)","(np.float32(1.0), np.float32(1.0), np.float32(1.0))"
0.18707299558080806,0.2976343217004137,1.0,3.4005268916642852,0.00789764556869197,0.02950950652730471,0.009531771623013373,BraTS20_Training_331,T2,"(240, 240, 155)","(np.float32(1.0), np.float32(1.0), np.float32(1.0))"
0.23100313718323587,0.3622239047761832,1.0,2.929136079980731,0.009600425264397593,0.02787023537926718,0.01770146427170687,BraTS20_Training_331,FLAIR,"(240, 240, 155)","(np.float32(1.0), np.float32(1.0), np.float32(1.0))"
0.22459269205729165,0.3754151767530843,1.0,2.876654950618821,0.009720477115960767,0.01961191920062653,0.0025424066274978047,BraTS20_Training_215,T1,"(240, 240, 155)","(np.float32(1.0), np.float32(1.0), np.float32(1.0))"
0.21752399918300655,0.36525894479084364,1.0,2.420326770281045,0.018868147000085437,0.02653265018168726,0.014713511956592944,BraTS20_Training_215,T1ce,"(240, 240, 155)","(np.float32(1.0), np.float32(1.0), np.float32(1.0))"
0.12422974299863387,0.22474586824296536,1.0,3.0359703319631035,0.01090869462850675,0.026428818407134742,0.011669259252688623,BraTS20_Training_215,T2,"(240, 240, 155)","(np.float32(1.0), np.float32(1.0), np.float32(1.0))"
0.12910870204487876,0.22725692960445962,1.0,2.792035548116224,0.008811366698850916,0.020044308976059938,0.011884079076283324,BraTS20_Training_215,FLAIR,"(240, 240, 155)","(np.float32(1.0), np.float32(1.0), np.float32(1.0))"
0.2098869723172487,0.3444462739040204,1.0,3.1736243443583616,0.006879705362546036,0.025717846623019038,0.010369866624263091,BraTS20_Training_122,T1,"(240, 240, 155)","(np.float32(1.0), np.float32(1.0), np.float32(1.0))"
0.20630321226322984,0.3342743033238674,1.0,3.118981675268133,0.01920252302023887,0.027591604682134754,0.014304435522318483,BraTS20_Training_122,T1ce,"(240, 240, 155)","(np.float32(1.0), np.float32(1.0), np.float32(1.0))"
0.1289180525910115,0.22814393541371966,1.0,3.3596916920030306,0.010520133999922295,0.030710586912909982,0.010853367319927526,BraTS20_Training_122,T2,"(240, 240, 155)","(np.float32(1.0), np.float32(1.0), np.float32(1.0))"
0.17952229817708334,0.29615333737148924,1.0,2.8733072969662468,0.021835866504245335,0.029895904972282932,0.019949519267144937,BraTS20_Training_122,FLAIR,"(240, 240, 155)","(np.float32(1.0), np.float32(1.0), np.float32(1.0))"
0.26162018515888597,0.36031761050769273,1.0,5.920755439860241,0.010965840504686764,0.02123757671608972,0.0011995868381325342,BraTS20_Training_369,T1,"(240, 240, 155)","(np.float32(1.0), np.float32(1.0), np.float32(1.0))"
0.28570697719643,0.3915233792347361,1.0,4.870531015730691,0.015519921452556594,0.024509149461905706,0.00995639663848885,BraTS20_Training_369,T1ce,"(240, 240, 155)","(np.float32(1.0), np.float32(1.0), np.float32(1.0))"
0.22023314524792423,0.3101169096749441,1.0,4.575693454573842,0.010102647094650223,0.02651350961560506,0.00792147719666848,BraTS20_Training_369,T2,"(240, 240, 155)","(np.float32(1.0), np.float32(1.0), np.float32(1.0))"
0.25287300066104534,0.35148187979389844,1.0,4.253289945610519,0.009982841607526027,0.025502506706168254,0.008845062180438987,BraTS20_Training_369,FLAIR,"(240, 240, 155)","(np.float32(1.0), np.float32(1.0), np.float32(1.0))"
0.20053987219887956,0.34124093526142224,1.0,3.050942523756164,0.014849512262012646,0.029000846757103477,0.017246331652276212,BraTS20_Training_021,T1,"(240, 240, 155)","(np.float32(1.0), np.float32(1.0), np.float32(1.0))"
0.20706412529550827,0.3483105239640615,1.0,3.019654280113761,0.028640406025354996,0.029874199336346646,0.02147627487681374,BraTS20_Training_021,T1ce,"(240, 240, 155)","(np.float32(1.0), np.float32(1.0), np.float32(1.0))"
0.12330139372822299,0.22351965363666598,1.0,2.7667026568171216,0.01710638255897243,0.027314772914743466,0.019927263321505215,BraTS20_Training_021,T2,"(240, 240, 155)","(np.float32(1.0), np.float32(1.0), np.float32(1.0))"
0.18570083333333331,0.3148587257262727,1.0,2.7774413003204352,0.0274689,0.032694964084716616,0.031871427120907875,BraTS20_Training_021,FLAIR,"(240, 240, 155)","(np.float32(1.0), np.float32(1.0), np.float32(1.0))"
0.25853906690637335,0.388949155832602,1.0,3.294328584996968,0.017012899132432053,0.02824647637313439,0.013539380135291046,BraTS20_Training_189,T1,"(240, 240, 155)","(np.float32(1.0), np.float32(1.0), np.float32(1.0))"
0.25966754957891874,0.389173545680216,1.0,3.2735208183367055,0.021553586189638325,0.02777358839030864,0.015021150713979204,BraTS20_Training_189,T1ce,"(240, 240, 155)","(np.float32(1.0), np.float32(1.0), np.float32(1.0))"
0.1413807101612683,0.22739358973721338,1.0,3.5215448050035913,0.011435576235631156,0.024963857906438236,0.009028668005240492,BraTS20_Training_189,T2,"(240, 240, 155)","(np.float32(1.0), np.float32(1.0), np.float32(1.0))"
0.2334164406640368,0.3527853753367967,1.0,2.990716775158842,0.03542243648098222,0.04065483510434613,0.032543682936265056,BraTS20_Training_189,FLAIR,"(240, 240, 155)","(np.float32(1.0), np.float32(1.0), np.float32(1.0))"
0.2195896831688983,0.35160769999723906,1.0,3.251128565157439,0.013187021494506498,0.028859804591640732,0.013103971765788758,BraTS20_Training_072,T1,"(240, 240, 155)","(np.float32(1.0), np.float32(1.0), np.float32(1.0))"
0.17219398682820047,0.27964183578242774,1.0,3.3841141336156726,0.025597031963294707,0.028932050589190912,0.02057533928620229,BraTS20_Training_072,T1ce,"(240, 240, 155)","(np.float32(1.0), np.float32(1.0), np.float32(1.0))"
0.13227493496139645,0.2275878037091645,1.0,3.054674458515435,0.009568709630555885,0.025813928851029913,0.013926308253161776,BraTS20_Training_072,T2,"(240, 240, 155)","(np.float32(1.0), np.float32(1.0), np.float32(1.0))"
0.1844297435035842,0.30027991682208344,1.0,3.3608414551828996,0.008325791818418315,0.023246467082553037,0.014963402150706573,BraTS20_Training_072,FLAIR,"(240, 240, 155)","(np.float32(1.0), np.float32(1.0), np.float32(1.0))"
0.23500990634005764,0.3598956009374788,1.0,3.328234454537321,0.006310625832232917,0.0285307896147048,0.0143345341886234,BraTS20_Training_107,T1,"(240, 240, 155)","(np.float32(1.0), np.float32(1.0), np.float32(1.0))"
0.16899166851605266,0.2607112060312385,1.0,3.486495165972225,0.014782848469141798,0.025876785255740897,0.013962035822394536,BraTS20_Training_107,T1ce,"(240, 240, 155)","(np.float32(1.0), np.float32(1.0), np.float32(1.0))"
0.1271006007693845,0.21504655905613196,1.0,3.7223299384913138,0.012608944487844975,0.03059957939172164,0.012348713009968166,BraTS20_Training_107,T2,"(240, 240, 155)","(np.float32(1.0), np.float32(1.0), np.float32(1.0))"
0.17508034859058566,0.2728900583864311,1.0,3.318725804355683,0.012598775154631809,0.03179903541917829,0.0212560981305543,BraTS20_Training_107,FLAIR,"(240, 240, 155)","(np.float32(1.0), np.float32(1.0), np.float32(1.0))"
0.22805194820067426,0.3730953857798709,1.0,3.5354150546218968,0.011864643626635927,0.018730419250240313,0.006261318536169455,BraTS20_Training_271,T1,"(240, 240, 155)","(np.float32(1.0), np.float32(1.0), np.float32(1.0))"
0.22985407580936665,0.3730082287893942,1.0,3.45966231427971,0.012697988299410866,0.018799658781084208,0.00870184662978654,BraTS20_Training_271,T1ce,"(240, 240, 155)","(np.float32(1.0), np.float32(1.0), np.float32(1.0))"
0.11368804415422884,0.21230356247023524,1.0,3.625617988947218,0.00792489140120294,0.020368360754123647,0.009696801931122025,BraTS20_Training_271,T2,"(240, 240, 155)","(np.float32(1.0), np.float32(1.0), np.float32(1.0))"
0.16516572362060633,0.27653957508693683,1.0,3.5026629857922664,0.009045537743376816,0.019573193941080147,0.012537126112629164,BraTS20_Training_271,FLAIR,"(240, 240, 155)","(np.float32(1.0), np.float32(1.0), np.float32(1.0))"
0.22879065791766917,0.3417860367425527,1.0,5.443860818147282,0.012651937420338627,0.023617841549757025,0.0038272270014272224,BraTS20_Training_349,T1,"(240, 240, 155)","(np.float32(1.0), np.float32(1.0), np.float32(1.0))"
0.17971269939322856,0.27297601446438063,1.0,3.5827121217772633,0.008912689305088779,0.018172615042134663,0.008522992995765344,BraTS20_Training_349,T1ce,"(240, 240, 155)","(np.float32(1.0), np.float32(1.0), np.float32(1.0))"
0.15422209987882177,0.25397702866094196,1.0,3.9717143509604194,0.008515393724444344,0.020011709398629687,0.006018844622631948,BraTS20_Training_349,T2,"(240, 240, 155)","(np.float32(1.0), np.float32(1.0), np.float32(1.0))"
0.16352424410029498,0.2619036038594926,1.0,3.6914599766705467,0.005611566750202313,0.020256352169806317,0.00993363484827346,BraTS20_Training_349,FLAIR,"(240, 240, 155)","(np.float32(1.0), np.float32(1.0), np.float32(1.0))"
0.22742870691872427,0.3405931791725304,1.0,3.721163337230811,0.011607810021754974,0.034743282258186195,0.01563874331129614,BraTS20_Training_103,T1,"(240, 240, 155)","(np.float32(1.0), np.float32(1.0), np.float32(1.0))"
0.1688748381591337,0.25700324597988145,1.0,3.8219340452908095,0.01718557514381422,0.03173440875081671,0.016716823748148535,BraTS20_Training_103,T1ce,"(240, 240, 155)","(np.float32(1.0), np.float32(1.0), np.float32(1.0))"
0.14136968241377285,0.2473805479339844,1.0,4.344891176463039,0.012240611484197103,0.0376885734809882,0.01159975313843734,BraTS20_Training_103,T2,"(240, 240, 155)","(np.float32(1.0), np.float32(1.0), np.float32(1.0))"
0.15899659779962866,0.2535196131696087,1.0,3.7820929930869296,0.01899073510988905,0.033547177472640674,0.01841800418218811,BraTS20_Training_103,FLAIR,"(240, 240, 155)","(np.float32(1.0), np.float32(1.0), np.float32(1.0))"
