Mean,Std,Contrast,Sharpness,EdgeStrength,NoiseLevel,Patient,Modality
0.09148350358009338,0.2068893164396286,1.0,0.013354957103729248,0.47209683060646057,0.026620611548423767,BraTS20_Training_001,t1
0.05768192186951637,0.12089253962039948,1.0,0.009311151690781116,0.2933201491832733,0.02090265043079853,BraTS20_Training_001,t1ce
0.06548526883125305,0.14893442392349243,1.0,0.010262981057167053,0.37216317653656006,0.02275669574737549,BraTS20_Training_001,t2
0.06463424861431122,0.14305618405342102,1.0,0.008917659521102905,0.3344011902809143,0.02178889699280262,BraTS20_Training_001,flair
0.10631909221410751,0.2250281274318695,1.0,0.016329649835824966,0.5441021919250488,0.029051125049591064,BraTS20_Training_002,t1
0.0730208307504654,0.1457471400499344,1.0,0.015366298146545887,0.36397019028663635,0.0263238362967968,BraTS20_Training_002,t1ce
0.06860139220952988,0.1433596909046173,1.0,0.016697358340024948,0.42894425988197327,0.02788447216153145,BraTS20_Training_002,t2
0.07159311324357986,0.1446637511253357,1.0,0.010627957060933113,0.364940881729126,0.024223610758781433,BraTS20_Training_002,flair
0.08946448564529419,0.2088298797607422,1.0,0.01571005769073963,0.45791974663734436,0.027840817347168922,BraTS20_Training_003,t1
0.05462835729122162,0.11596889048814774,1.0,0.011011496186256409,0.2570285201072693,0.021641192957758904,BraTS20_Training_003,t1ce
0.05904388427734375,0.13652172684669495,1.0,0.015309976413846016,0.4077968895435333,0.027720825746655464,BraTS20_Training_003,t2
0.07488900423049927,0.16888639330863953,1.0,0.008515297435224056,0.34350040555000305,0.02177734486758709,BraTS20_Training_003,flair
0.09840545058250427,0.206358402967453,1.0,0.012563693337142467,0.4823705852031708,0.025693759322166443,BraTS20_Training_004,t1
0.06244247034192085,0.1212109848856926,1.0,0.011410968378186226,0.288063645362854,0.022157074883580208,BraTS20_Training_004,t1ce
0.06762947142124176,0.14258146286010742,1.0,0.014883534982800484,0.407349556684494,0.02632036618888378,BraTS20_Training_004,t2
0.07126818597316742,0.1471930593252182,1.0,0.011618192307651043,0.39073485136032104,0.025139205157756805,BraTS20_Training_004,flair
0.09041397273540497,0.19702638685703278,1.0,0.010826890356838703,0.4634617567062378,0.024259353056550026,BraTS20_Training_005,t1
0.06035715714097023,0.12201520055532455,1.0,0.01165472436696291,0.3018675148487091,0.022993342950940132,BraTS20_Training_005,t1ce
0.06824106723070145,0.15228398144245148,1.0,0.02608107216656208,0.537591278553009,0.03591185063123703,BraTS20_Training_005,t2
0.06213478744029999,0.12947174906730652,1.0,0.013585631735622883,0.4044432044029236,0.027520745992660522,BraTS20_Training_005,flair
0.0980866402387619,0.21072149276733398,1.0,0.01604383811354637,0.5095611810684204,0.028248589485883713,BraTS20_Training_006,t1
0.07375773787498474,0.15116532146930695,1.0,0.015603242442011833,0.3657532334327698,0.02608925849199295,BraTS20_Training_006,t1ce
0.06826438754796982,0.1497393250465393,1.0,0.02311890758574009,0.4735211730003357,0.0327463299036026,BraTS20_Training_006,t2
0.06775379925966263,0.14349880814552307,1.0,0.01377200148999691,0.3915857970714569,0.027066031470894814,BraTS20_Training_006,flair
0.09216538071632385,0.20727144181728363,1.0,0.016789941117167473,0.4955650866031647,0.028602274134755135,BraTS20_Training_007,t1
0.061071041971445084,0.12731853127479553,1.0,0.013099933974444866,0.3162245452404022,0.024277037009596825,BraTS20_Training_007,t1ce
0.06749142706394196,0.15104688704013824,1.0,0.02601340413093567,0.485800564289093,0.03459871932864189,BraTS20_Training_007,t2
0.06354691833257675,0.13689246773719788,1.0,0.017597263678908348,0.39330822229385376,0.02914595790207386,BraTS20_Training_007,flair
0.10229746997356415,0.21972237527370453,1.0,0.012790769338607788,0.5757883191108704,0.027872290462255478,BraTS20_Training_008,t1
0.07121007144451141,0.14391769468784332,1.0,0.013220158405601978,0.3822760283946991,0.025809714570641518,BraTS20_Training_008,t1ce
0.07528918981552124,0.1633678674697876,1.0,0.019556846469640732,0.5705618262290955,0.032829649746418,BraTS20_Training_008,t2
0.07697653770446777,0.1568933129310608,1.0,0.005205645691603422,0.3384425938129425,0.017535526305437088,BraTS20_Training_008,flair
0.0913231372833252,0.2061186581850052,1.0,0.0162995345890522,0.47256624698638916,0.028369752690196037,BraTS20_Training_009,t1
0.06028898432850838,0.1267489492893219,1.0,0.012217601761221886,0.29736587405204773,0.023259414359927177,BraTS20_Training_009,t1ce
0.06300849467515945,0.14262442290782928,1.0,0.017324179410934448,0.41173240542411804,0.028647039085626602,BraTS20_Training_009,t2
0.052197035402059555,0.11260499805212021,1.0,0.007884851656854153,0.3067690134048462,0.02077358216047287,BraTS20_Training_009,flair
0.09141737222671509,0.20940548181533813,1.0,0.014906423166394234,0.46513262391090393,0.02729557640850544,BraTS20_Training_010,t1
0.05619582161307335,0.1172870621085167,1.0,0.011515654623508453,0.2567926049232483,0.022029517218470573,BraTS20_Training_010,t1ce
0.059863559901714325,0.1351543813943863,1.0,0.02152840606868267,0.4255498945713043,0.031630679965019226,BraTS20_Training_010,t2
0.05011304095387459,0.10390430688858032,1.0,0.007981406524777412,0.2824367582798004,0.020767169073224068,BraTS20_Training_010,flair
0.09655072540044785,0.198205828666687,1.0,0.012785033322870731,0.4918462634086609,0.02557438239455223,BraTS20_Training_011,t1
0.0628039538860321,0.11977536976337433,1.0,0.013977148570120335,0.32424530386924744,0.025265667587518692,BraTS20_Training_011,t1ce
0.07063548266887665,0.1505485475063324,1.0,0.015686320140957832,0.5097295045852661,0.0290084108710289,BraTS20_Training_011,t2
0.06074687838554382,0.11835622787475586,1.0,0.010577067732810974,0.36161282658576965,0.02418251894414425,BraTS20_Training_011,flair
0.09956776350736618,0.20651884377002716,1.0,0.01369673665612936,0.5176593065261841,0.026404626667499542,BraTS20_Training_012,t1
0.06508384644985199,0.12551593780517578,1.0,0.011360961012542248,0.33039218187332153,0.022889448329806328,BraTS20_Training_012,t1ce
0.07154190540313721,0.1531326323747635,1.0,0.016832247376441956,0.5291759371757507,0.02969292551279068,BraTS20_Training_012,t2
0.063420869410038,0.12479697167873383,1.0,0.013421600684523582,0.41023772954940796,0.02708262950181961,BraTS20_Training_012,flair
0.0963379517197609,0.2082929164171219,1.0,0.015814324840903282,0.5173681378364563,0.028432196006178856,BraTS20_Training_013,t1
0.06832810491323471,0.1386990249156952,1.0,0.014923393726348877,0.34748801589012146,0.02585013583302498,BraTS20_Training_013,t1ce
0.0650760754942894,0.14362922310829163,1.0,0.02358374372124672,0.5117728114128113,0.03386881947517395,BraTS20_Training_013,t2
0.06276646256446838,0.12925998866558075,1.0,0.012452825903892517,0.38878142833709717,0.026378924027085304,BraTS20_Training_013,flair
0.11875507980585098,0.23684130609035492,1.0,0.019144553691148758,0.5960561037063599,0.030775098130106926,BraTS20_Training_014,t1
0.077504463493824,0.14503103494644165,1.0,0.015613535419106483,0.3770081400871277,0.026831090450286865,BraTS20_Training_014,t1ce
0.07467128336429596,0.15057513117790222,1.0,0.021501541137695312,0.4956032633781433,0.03157468140125275,BraTS20_Training_014,t2
0.07854733616113663,0.15153172612190247,1.0,0.01266388688236475,0.4280546307563782,0.02643413469195366,BraTS20_Training_014,flair
0.1044355109333992,0.21579866111278534,1.0,0.015713702887296677,0.5544543266296387,0.028403790667653084,BraTS20_Training_015,t1
0.06905560940504074,0.133339986205101,1.0,0.014923427253961563,0.34836462140083313,0.02569730021059513,BraTS20_Training_015,t1ce
0.07564972341060638,0.16109709441661835,1.0,0.027798239141702652,0.5804601311683655,0.03690935671329498,BraTS20_Training_015,t2
0.07230621576309204,0.14766913652420044,1.0,0.012901443056762218,0.4314369559288025,0.027354564517736435,BraTS20_Training_015,flair
0.08918685466051102,0.18920694291591644,1.0,0.011868314817547798,0.42226099967956543,0.024401426315307617,BraTS20_Training_016,t1
0.058025140315294266,0.11530184000730515,1.0,0.010315989144146442,0.2801632285118103,0.021448979154229164,BraTS20_Training_016,t1ce
0.0655355304479599,0.1430327594280243,1.0,0.01317646075040102,0.4324084222316742,0.026764029636979103,BraTS20_Training_016,t2
0.07239916920661926,0.14930924773216248,1.0,0.006460243370383978,0.29903969168663025,0.018201634287834167,BraTS20_Training_016,flair
0.09644100815057755,0.1998947113752365,1.0,0.01368609070777893,0.48942720890045166,0.026308471336960793,BraTS20_Training_017,t1
0.07298926264047623,0.1444508582353592,1.0,0.0163065604865551,0.36807143688201904,0.02688736841082573,BraTS20_Training_017,t1ce
0.07126008719205856,0.1512163132429123,1.0,0.02025441639125347,0.4867818057537079,0.031093336641788483,BraTS20_Training_017,t2
0.06530405580997467,0.13078996539115906,1.0,0.01006970927119255,0.33691397309303284,0.022451717406511307,BraTS20_Training_017,flair
0.09332522749900818,0.21560704708099365,1.0,0.01687849685549736,0.5100098848342896,0.029208697378635406,BraTS20_Training_018,t1
0.053813591599464417,0.11240757256746292,1.0,0.00991514790803194,0.2623167634010315,0.020947182551026344,BraTS20_Training_018,t1ce
0.06212649121880531,0.1423320472240448,1.0,0.022554466500878334,0.46041586995124817,0.03290398418903351,BraTS20_Training_018,t2
0.062080688774585724,0.13780824840068817,1.0,0.014089178293943405,0.3871646523475647,0.02781480923295021,BraTS20_Training_018,flair
0.09127955883741379,0.20710331201553345,1.0,0.01525034848600626,0.4613756239414215,0.027229798957705498,BraTS20_Training_019,t1
0.05285423994064331,0.10844793915748596,1.0,0.009293797425925732,0.24375848472118378,0.020097563043236732,BraTS20_Training_019,t1ce
0.059511516243219376,0.13471364974975586,1.0,0.019429413601756096,0.42881378531455994,0.03084595315158367,BraTS20_Training_019,t2
0.053329724818468094,0.11296253651380539,1.0,0.008353229612112045,0.3111540973186493,0.021883774548768997,BraTS20_Training_019,flair
0.10445296764373779,0.22017399966716766,1.0,0.017894215881824493,0.5805107951164246,0.030385348945856094,BraTS20_Training_020,t1
0.07389962673187256,0.14701208472251892,1.0,0.015900269150733948,0.3965899348258972,0.027101101353764534,BraTS20_Training_020,t1ce
0.07331280410289764,0.15861356258392334,1.0,0.019754717126488686,0.5181846022605896,0.031068984419107437,BraTS20_Training_020,t2
0.06762342900037766,0.1370919793844223,1.0,0.010748423635959625,0.3892151713371277,0.02451859787106514,BraTS20_Training_020,flair
0.09181424975395203,0.21629469096660614,1.0,0.017365433275699615,0.5143774747848511,0.02992795780301094,BraTS20_Training_021,t1
0.05620376393198967,0.12042197585105896,1.0,0.011184874922037125,0.27157798409461975,0.022217242047190666,BraTS20_Training_021,t1ce
0.06100589409470558,0.14162179827690125,1.0,0.019756769761443138,0.4353955388069153,0.030582595616579056,BraTS20_Training_021,t2
0.0530286505818367,0.11378010362386703,1.0,0.007642118725925684,0.27738773822784424,0.020270349457859993,BraTS20_Training_021,flair
0.1082441583275795,0.23016415536403656,1.0,0.01988302916288376,0.5506619811058044,0.030913380905985832,BraTS20_Training_022,t1
0.05534016713500023,0.10611005127429962,1.0,0.010971328243613243,0.2738093137741089,0.022154048085212708,BraTS20_Training_022,t1ce
0.06352289766073227,0.1353812962770462,1.0,0.011062259785830975,0.4182809889316559,0.02423865534365177,BraTS20_Training_022,t2
0.0586509071290493,0.11755678057670593,1.0,0.009082826785743237,0.3357357978820801,0.02252550609409809,BraTS20_Training_022,flair
0.08709996193647385,0.2028011977672577,1.0,0.012001548893749714,0.46381375193595886,0.025614913552999496,BraTS20_Training_023,t1
0.051780086010694504,0.10776159912347794,1.0,0.010290967300534248,0.26936182379722595,0.02187676541507244,BraTS20_Training_023,t1ce
0.05831898748874664,0.1396941840648651,1.0,0.013793262653052807,0.46520736813545227,0.027864128351211548,BraTS20_Training_023,t2
0.05649343878030777,0.12247653305530548,1.0,0.00733823562040925,0.3168768286705017,0.020905571058392525,BraTS20_Training_023,flair
0.08960361778736115,0.1818852722644806,1.0,0.007790061645209789,0.4098496735095978,0.02078116126358509,BraTS20_Training_024,t1
0.06194018945097923,0.11871401220560074,1.0,0.008981503546237946,0.3064367175102234,0.021674683317542076,BraTS20_Training_024,t1ce
0.06341534852981567,0.13023266196250916,1.0,0.007807718589901924,0.38664349913597107,0.02150942012667656,BraTS20_Training_024,t2
0.05803238973021507,0.11293481290340424,1.0,0.006709414068609476,0.3102011978626251,0.019929107278585434,BraTS20_Training_024,flair
0.08286824077367783,0.19687360525131226,1.0,0.015790876001119614,0.4350670278072357,0.02758607268333435,BraTS20_Training_025,t1
0.05079074576497078,0.11007548123598099,1.0,0.012323406524956226,0.2526736855506897,0.02292330376803875,BraTS20_Training_025,t1ce
0.05883398279547691,0.13896720111370087,1.0,0.012185386382043362,0.3881591558456421,0.025110138580203056,BraTS20_Training_025,t2
0.05348336696624756,0.12111630290746689,1.0,0.009204591624438763,0.31162363290786743,0.0227979589253664,BraTS20_Training_025,flair
0.131715327501297,0.25880008935928345,1.0,0.011132734827697277,0.466397225856781,0.023848971351981163,BraTS20_Training_026,t1
0.07247191667556763,0.13411496579647064,1.0,0.011114797554910183,0.35217225551605225,0.023031316697597504,BraTS20_Training_026,t1ce
0.07606648653745651,0.15514974296092987,1.0,0.017873698845505714,0.517105758190155,0.030489614233374596,BraTS20_Training_026,t2
0.0593080073595047,0.11386975646018982,1.0,0.007192946970462799,0.32869401574134827,0.019939878955483437,BraTS20_Training_026,flair
0.10140202939510345,0.2224062979221344,1.0,0.01934637874364853,0.5518362522125244,0.031084682792425156,BraTS20_Training_027,t1
0.0684332326054573,0.1400495320558548,1.0,0.014835064299404621,0.3456905782222748,0.02536107785999775,BraTS20_Training_027,t1ce
0.06789617240428925,0.14842884242534637,1.0,0.021190445870161057,0.4805665910243988,0.03179355338215828,BraTS20_Training_027,t2
0.07047010958194733,0.14804063737392426,1.0,0.01046994049102068,0.36202386021614075,0.023663312196731567,BraTS20_Training_027,flair
0.09938674420118332,0.2076673060655594,1.0,0.016223082318902016,0.5686675906181335,0.02896769717335701,BraTS20_Training_028,t1
0.07550755143165588,0.1504461169242859,1.0,0.013884911313652992,0.4287070631980896,0.0258479043841362,BraTS20_Training_028,t1ce
0.08306633681058884,0.17715780436992645,1.0,0.01491517387330532,0.5727137923240662,0.0287981778383255,BraTS20_Training_028,t2
0.07544249296188354,0.15392087399959564,1.0,0.016780981793999672,0.4969214200973511,0.030690547078847885,BraTS20_Training_028,flair
0.0838366150856018,0.19843138754367828,1.0,0.015179270878434181,0.4679211378097534,0.028019938617944717,BraTS20_Training_029,t1
0.057334914803504944,0.12601755559444427,1.0,0.013842031359672546,0.30050432682037354,0.024875083938241005,BraTS20_Training_029,t1ce
0.06325845420360565,0.1486062854528427,1.0,0.008602922782301903,0.3914824426174164,0.02230636030435562,BraTS20_Training_029,t2
0.0608271099627018,0.13975116610527039,1.0,0.013552932068705559,0.3844221830368042,0.028009749948978424,BraTS20_Training_029,flair
0.10290185362100601,0.21536493301391602,1.0,0.01686934381723404,0.5229650139808655,0.02868526801466942,BraTS20_Training_030,t1
0.07108493149280548,0.14034928381443024,1.0,0.017520064488053322,0.35775861144065857,0.027341922745108604,BraTS20_Training_030,t1ce
0.0680147260427475,0.14211614429950714,1.0,0.021149635314941406,0.46378397941589355,0.031547289341688156,BraTS20_Training_030,t2
0.07412786036729813,0.15087288618087769,1.0,0.017349399626255035,0.44214046001434326,0.03045889362692833,BraTS20_Training_030,flair
0.1076713502407074,0.22251899540424347,1.0,0.015430884435772896,0.5508522391319275,0.02826099656522274,BraTS20_Training_031,t1
0.07245060801506042,0.14059960842132568,1.0,0.01235935091972351,0.3447437882423401,0.02364511601626873,BraTS20_Training_031,t1ce
0.07638834416866302,0.15880602598190308,1.0,0.010906603187322617,0.47135114669799805,0.02449420467019081,BraTS20_Training_031,t2
0.07468867301940918,0.15097187459468842,1.0,0.017215752974152565,0.47649747133255005,0.03124994970858097,BraTS20_Training_031,flair
0.09002919495105743,0.2033313512802124,1.0,0.01649479754269123,0.5008110404014587,0.029019098728895187,BraTS20_Training_032,t1
0.06824687123298645,0.1465868204832077,1.0,0.015356252901256084,0.37034356594085693,0.026739418506622314,BraTS20_Training_032,t1ce
0.06771069765090942,0.15214307606220245,1.0,0.009983214549720287,0.4397751986980438,0.024468950927257538,BraTS20_Training_032,t2
0.05966218560934067,0.1271209716796875,1.0,0.011609330773353577,0.36932721734046936,0.02600432001054287,BraTS20_Training_032,flair
0.08184728026390076,0.18862849473953247,1.0,0.013600240461528301,0.44016581773757935,0.026073331013321877,BraTS20_Training_033,t1
0.05165572836995125,0.10903360694646835,1.0,0.010042883455753326,0.2602219879627228,0.021057697013020515,BraTS20_Training_033,t1ce
0.06345507502555847,0.14921340346336365,1.0,0.02335510216653347,0.4678986072540283,0.03353603184223175,BraTS20_Training_033,t2
0.05527493357658386,0.12363021075725555,1.0,0.008988738059997559,0.32609620690345764,0.02238014154136181,BraTS20_Training_033,flair
0.07435020804405212,0.1639709323644638,1.0,0.009604395367205143,0.3706789016723633,0.02171340398490429,BraTS20_Training_034,t1
0.06139253452420235,0.12961551547050476,1.0,0.011474876664578915,0.2995217740535736,0.022499801591038704,BraTS20_Training_034,t1ce
0.06546732038259506,0.14686307311058044,1.0,0.009262393228709698,0.3765973448753357,0.022060994058847427,BraTS20_Training_034,t2
0.0575798824429512,0.12461298704147339,1.0,0.011034851893782616,0.36082950234413147,0.024580035358667374,BraTS20_Training_034,flair
0.0866565853357315,0.186600923538208,1.0,0.0111389746889472,0.4796009659767151,0.02502737194299698,BraTS20_Training_035,t1
0.05993614345788956,0.12103183567523956,1.0,0.010769332759082317,0.3752996027469635,0.023597460240125656,BraTS20_Training_035,t1ce
0.0686650425195694,0.1550418883562088,1.0,0.015489550307393074,0.5898666381835938,0.030933434143662453,BraTS20_Training_035,t2
0.058980315923690796,0.12105730175971985,1.0,0.011218775995075703,0.3676849901676178,0.02427055314183235,BraTS20_Training_035,flair
0.09285058081150055,0.21388383209705353,1.0,0.01615811139345169,0.535275399684906,0.029134443029761314,BraTS20_Training_036,t1
0.054123830050230026,0.11263102293014526,1.0,0.012444817461073399,0.287189781665802,0.023696092888712883,BraTS20_Training_036,t1ce
0.06338794529438019,0.1525079309940338,1.0,0.017735062167048454,0.5222774744033813,0.030694788321852684,BraTS20_Training_036,t2
0.05593157187104225,0.11916548013687134,1.0,0.011616719886660576,0.35568884015083313,0.025620900094509125,BraTS20_Training_036,flair
0.08933447301387787,0.20013824105262756,1.0,0.012026747688651085,0.45767942070961,0.02506072074174881,BraTS20_Training_037,t1
0.049427323043346405,0.09979061782360077,1.0,0.007990449666976929,0.2579645812511444,0.02011973038315773,BraTS20_Training_037,t1ce
0.06669128686189651,0.1517137736082077,1.0,0.011439905501902103,0.4335266947746277,0.025470318272709846,BraTS20_Training_037,t2
0.05966271087527275,0.12786248326301575,1.0,0.009817930869758129,0.3304465711116791,0.02316991426050663,BraTS20_Training_037,flair
0.08366938680410385,0.19089223444461823,1.0,0.01433566678315401,0.4750477075576782,0.026826487854123116,BraTS20_Training_038,t1
0.05365966632962227,0.11247218400239944,1.0,0.012156089767813683,0.3105446994304657,0.023746509104967117,BraTS20_Training_038,t1ce
0.06794918328523636,0.16223721206188202,1.0,0.019342288374900818,0.5330197811126709,0.0312754362821579,BraTS20_Training_038,t2
0.05467652529478073,0.11830052733421326,1.0,0.009421439841389656,0.33129438757896423,0.02254037745296955,BraTS20_Training_038,flair
0.08555541187524796,0.19837120175361633,1.0,0.009908429346978664,0.40408819913864136,0.02291696146130562,BraTS20_Training_039,t1
0.04414568096399307,0.08819738775491714,1.0,0.006921444553881884,0.19736233353614807,0.017540831118822098,BraTS20_Training_039,t1ce
0.05427996441721916,0.12576480209827423,1.0,0.009831899777054787,0.37599751353263855,0.023904593661427498,BraTS20_Training_039,t2
0.05969217047095299,0.1309550404548645,1.0,0.007035999558866024,0.3075263500213623,0.02031501568853855,BraTS20_Training_039,flair
0.11127148568630219,0.226406067609787,1.0,0.021196948364377022,0.6004583835601807,0.0324944444000721,BraTS20_Training_040,t1
0.06633483618497849,0.12653104960918427,1.0,0.01680130697786808,0.37039509415626526,0.02752949483692646,BraTS20_Training_040,t1ce
0.07536035776138306,0.16174153983592987,1.0,0.01600797101855278,0.5497174859046936,0.0299416184425354,BraTS20_Training_040,t2
0.07199427485466003,0.14383050799369812,1.0,0.011636181734502316,0.4254256784915924,0.026110589504241943,BraTS20_Training_040,flair
0.0859675407409668,0.17889544367790222,1.0,0.011520239524543285,0.4427742063999176,0.02418135106563568,BraTS20_Training_041,t1
0.06434621661901474,0.12774845957756042,1.0,0.016374707221984863,0.3470124900341034,0.027022158727049828,BraTS20_Training_041,t1ce
0.07215873152017593,0.16093795001506805,1.0,0.01717814989387989,0.5475477576255798,0.030759701505303383,BraTS20_Training_041,t2
0.05729689821600914,0.11545900255441666,1.0,0.008977403864264488,0.34159836173057556,0.0224220659583807,BraTS20_Training_041,flair
0.09897393733263016,0.2229219377040863,1.0,0.01728086732327938,0.5338310599327087,0.029713770374655724,BraTS20_Training_042,t1
0.057077616453170776,0.11765044927597046,1.0,0.012413582764565945,0.3019261658191681,0.02387242391705513,BraTS20_Training_042,t1ce
0.06537634134292603,0.1523820459842682,1.0,0.01600293070077896,0.5005492568016052,0.02973002754151821,BraTS20_Training_042,t2
0.058633219450712204,0.1255483329296112,1.0,0.00911881122738123,0.336112380027771,0.02295246161520481,BraTS20_Training_042,flair
0.10907074064016342,0.23072099685668945,1.0,0.019818713888525963,0.576084554195404,0.03137696534395218,BraTS20_Training_043,t1
0.0565008670091629,0.10681969672441483,1.0,0.011943742632865906,0.28386422991752625,0.023122649639844894,BraTS20_Training_043,t1ce
0.06469063460826874,0.13740162551403046,1.0,0.0135088125243783,0.47004440426826477,0.027019506320357323,BraTS20_Training_043,t2
0.07121406495571136,0.14432866871356964,1.0,0.016920728608965874,0.4566654562950134,0.030573273077607155,BraTS20_Training_043,flair
0.10635049641132355,0.2278120070695877,1.0,0.01716795563697815,0.5498679876327515,0.029485009610652924,BraTS20_Training_044,t1
0.05797123163938522,0.11326435208320618,1.0,0.012301514856517315,0.28535667061805725,0.02349488064646721,BraTS20_Training_044,t1ce
0.05781856179237366,0.1225380152463913,1.0,0.01047869585454464,0.4145214557647705,0.024191278964281082,BraTS20_Training_044,t2
0.061875950545072556,0.12520460784435272,1.0,0.012656506150960922,0.4006524384021759,0.02686121314764023,BraTS20_Training_044,flair
0.0881124958395958,0.20284518599510193,1.0,0.016379404813051224,0.49490121006965637,0.02864690311253071,BraTS20_Training_045,t1
0.05482238158583641,0.11806166172027588,1.0,0.013045195490121841,0.31471678614616394,0.024958930909633636,BraTS20_Training_045,t1ce
0.06522636860609055,0.15582889318466187,1.0,0.01718609221279621,0.5133532285690308,0.03056100197136402,BraTS20_Training_045,t2
0.061214156448841095,0.1365770399570465,1.0,0.012568365782499313,0.38279488682746887,0.026437753811478615,BraTS20_Training_045,flair
0.07387440651655197,0.1486307829618454,1.0,0.004122869577258825,0.3310021758079529,0.015637125819921494,BraTS20_Training_046,t1
0.05601364001631737,0.10696592926979065,1.0,0.007695836015045643,0.2746112048625946,0.01984229125082493,BraTS20_Training_046,t1ce
0.06334452331066132,0.13898324966430664,1.0,0.015404717065393925,0.5071930885314941,0.029267093166708946,BraTS20_Training_046,t2
0.06248811259865761,0.12337909638881683,1.0,0.009196560829877853,0.3500918745994568,0.022420933470129967,BraTS20_Training_046,flair
0.10082115978002548,0.20672708749771118,1.0,0.014104415662586689,0.5118072032928467,0.02654114179313183,BraTS20_Training_047,t1
0.06414153426885605,0.12277746945619583,1.0,0.014069502241909504,0.34460553526878357,0.02546655759215355,BraTS20_Training_047,t1ce
0.07183780521154404,0.15669049322605133,1.0,0.015994051471352577,0.5584969520568848,0.030161283910274506,BraTS20_Training_047,t2
0.06398986279964447,0.1276390254497528,1.0,0.013075793161988258,0.41021203994750977,0.026773789897561073,BraTS20_Training_047,flair
0.09777892380952835,0.21153222024440765,1.0,0.015011841431260109,0.5321587920188904,0.028004951775074005,BraTS20_Training_048,t1
0.06114839389920235,0.12133121490478516,1.0,0.014575128443539143,0.3069412410259247,0.02488606609404087,BraTS20_Training_048,t1ce
0.06486156582832336,0.14514261484146118,1.0,0.016066335141658783,0.5139662027359009,0.029454488307237625,BraTS20_Training_048,t2
0.05173545330762863,0.10083863884210587,1.0,0.008109493181109428,0.3183082640171051,0.021570466458797455,BraTS20_Training_048,flair
0.10391602665185928,0.2228291630744934,1.0,0.019905513152480125,0.5942578315734863,0.03173485025763512,BraTS20_Training_049,t1
0.06575877964496613,0.13097156584262848,1.0,0.014335733838379383,0.3984370529651642,0.026135975494980812,BraTS20_Training_049,t1ce
0.078010693192482,0.17365135252475739,1.0,0.020418040454387665,0.5903593897819519,0.03305340185761452,BraTS20_Training_049,t2
0.07221592962741852,0.14937512576580048,1.0,0.012982994318008423,0.4688807725906372,0.028114378452301025,BraTS20_Training_049,flair
0.0716131255030632,0.14107562601566315,1.0,0.005026599857956171,0.3230741024017334,0.016565615311264992,BraTS20_Training_050,t1
0.06248302385210991,0.12039149552583694,1.0,0.009345927275717258,0.31262290477752686,0.022125085815787315,BraTS20_Training_050,t1ce
0.06719271838665009,0.14649508893489838,1.0,0.014134697616100311,0.5009968876838684,0.028076862916350365,BraTS20_Training_050,t2
0.059113115072250366,0.1166253536939621,1.0,0.009111263789236546,0.3544808626174927,0.02313920482993126,BraTS20_Training_050,flair
0.08734272420406342,0.19570836424827576,1.0,0.012981624342501163,0.45990458130836487,0.025995297357439995,BraTS20_Training_051,t1
0.054245468229055405,0.110990010201931,1.0,0.010849260725080967,0.26789939403533936,0.02185388281941414,BraTS20_Training_051,t1ce
0.0648205429315567,0.15183842182159424,1.0,0.013663007877767086,0.46143820881843567,0.027196332812309265,BraTS20_Training_051,t2
0.05901084467768669,0.12933839857578278,1.0,0.009160442277789116,0.3425368070602417,0.023134568706154823,BraTS20_Training_051,flair
0.08843956142663956,0.1973647177219391,1.0,0.013829602859914303,0.46823185682296753,0.026358848437666893,BraTS20_Training_052,t1
0.058429230004549026,0.12107943743467331,1.0,0.012874029576778412,0.3171651065349579,0.02450638636946678,BraTS20_Training_052,t1ce
0.0670066773891449,0.15752233564853668,1.0,0.01744169183075428,0.5345051884651184,0.03107343800365925,BraTS20_Training_052,t2
0.059638749808073044,0.12631964683532715,1.0,0.0137294577434659,0.3585544228553772,0.026457833126187325,BraTS20_Training_052,flair
0.11527960002422333,0.2282075732946396,1.0,0.020150085911154747,0.573140025138855,0.030897831544280052,BraTS20_Training_053,t1
0.06244466081261635,0.11427869647741318,1.0,0.01398713793605566,0.3094175457954407,0.02455069310963154,BraTS20_Training_053,t1ce
0.07302945107221603,0.14673566818237305,1.0,0.01199736911803484,0.4482136368751526,0.02496480755507946,BraTS20_Training_053,t2
0.08391289412975311,0.16538603603839874,1.0,0.01621956191956997,0.4845123291015625,0.030046280473470688,BraTS20_Training_053,flair
0.09199508279561996,0.20888715982437134,1.0,0.015095430426299572,0.4893447458744049,0.028018785640597343,BraTS20_Training_054,t1
0.05101018399000168,0.10532504320144653,1.0,0.010360775515437126,0.25938355922698975,0.021785980090498924,BraTS20_Training_054,t1ce
0.05316586792469025,0.12203945219516754,1.0,0.00957222655415535,0.39359667897224426,0.023650985211133957,BraTS20_Training_054,t2
0.05154796689748764,0.10859128832817078,1.0,0.007517238613218069,0.29468849301338196,0.021020734682679176,BraTS20_Training_054,flair
0.09035870432853699,0.17684054374694824,1.0,0.007828114554286003,0.4214010536670685,0.020536156371235847,BraTS20_Training_055,t1
0.058093950152397156,0.10485685616731644,1.0,0.009885229170322418,0.280074805021286,0.02091614343225956,BraTS20_Training_055,t1ce
0.07244746387004852,0.15232563018798828,1.0,0.014153997413814068,0.5284687876701355,0.028111735358834267,BraTS20_Training_055,t2
0.07803209871053696,0.151360422372818,1.0,0.009911173023283482,0.42802292108535767,0.024600697681307793,BraTS20_Training_055,flair
0.07019148766994476,0.16582602262496948,1.0,0.009132586419582367,0.36464235186576843,0.022258492186665535,BraTS20_Training_056,t1
0.04541905224323273,0.09791713207960129,1.0,0.008324367925524712,0.2286098599433899,0.01970849744975567,BraTS20_Training_056,t1ce
0.058829355984926224,0.1423342376947403,1.0,0.014614774845540524,0.39932456612586975,0.027886543422937393,BraTS20_Training_056,t2
0.06278029084205627,0.14512208104133606,1.0,0.0044464245438575745,0.2741224765777588,0.016752393916249275,BraTS20_Training_056,flair
0.0835723876953125,0.20352019369602203,1.0,0.012886568903923035,0.43287214636802673,0.026224404573440552,BraTS20_Training_057,t1
0.050527751445770264,0.11164813488721848,1.0,0.010292833670973778,0.2533871829509735,0.021472161635756493,BraTS20_Training_057,t1ce
0.05325746163725853,0.12941981852054596,1.0,0.01370073389261961,0.3730144500732422,0.0265191737562418,BraTS20_Training_057,t2
0.05719726160168648,0.1329028308391571,1.0,0.006191333755850792,0.28517091274261475,0.01860913448035717,BraTS20_Training_057,flair
0.09824705123901367,0.2092255800962448,1.0,0.022808624431490898,0.5411335229873657,0.03233350068330765,BraTS20_Training_058,t1
0.06868171691894531,0.13848143815994263,1.0,0.01501364167779684,0.37481287121772766,0.02607133984565735,BraTS20_Training_058,t1ce
0.07140012830495834,0.1545984447002411,1.0,0.02413764037191868,0.5186036825180054,0.033382948487997055,BraTS20_Training_058,t2
0.06532752513885498,0.1332845240831375,1.0,0.010868688113987446,0.3708336651325226,0.024448804557323456,BraTS20_Training_058,flair
0.0963110476732254,0.215658500790596,1.0,0.014354312792420387,0.501515805721283,0.027501892298460007,BraTS20_Training_059,t1
0.05603443831205368,0.11387598514556885,1.0,0.010301033034920692,0.26922622323036194,0.021471306681632996,BraTS20_Training_059,t1ce
0.06278670579195023,0.14066365361213684,1.0,0.021241001784801483,0.46963056921958923,0.03221180662512779,BraTS20_Training_059,t2
0.06023178622126579,0.12767532467842102,1.0,0.011187762953341007,0.3813117444515228,0.02588840201497078,BraTS20_Training_059,flair
0.09623786807060242,0.21805398166179657,1.0,0.017894044518470764,0.5187945365905762,0.030168119817972183,BraTS20_Training_060,t1
0.06511298567056656,0.13823841512203217,1.0,0.014011937193572521,0.33297738432884216,0.02535473182797432,BraTS20_Training_060,t1ce
0.06418745964765549,0.14622528851032257,1.0,0.01409459114074707,0.4397280812263489,0.027563415467739105,BraTS20_Training_060,t2
0.06280402094125748,0.1373254358768463,1.0,0.012158313766121864,0.37887588143348694,0.026701129972934723,BraTS20_Training_060,flair
0.09277291595935822,0.20143082737922668,1.0,0.014396311715245247,0.4509311616420746,0.026551665738224983,BraTS20_Training_061,t1
0.05182911455631256,0.1023094430565834,1.0,0.008770587854087353,0.2514747977256775,0.019847312942147255,BraTS20_Training_061,t1ce
0.062140703201293945,0.1383119821548462,1.0,0.008642444387078285,0.36046430468559265,0.021838802844285965,BraTS20_Training_061,t2
0.06104592978954315,0.1259259581565857,1.0,0.004636353347450495,0.2751394212245941,0.015987055376172066,BraTS20_Training_061,flair
0.09250026196241379,0.20751911401748657,1.0,0.017499210312962532,0.4672740697860718,0.02891690842807293,BraTS20_Training_062,t1
0.05610119551420212,0.11606822907924652,1.0,0.012873485684394836,0.2898672819137573,0.02372954972088337,BraTS20_Training_062,t1ce
0.06720037758350372,0.1502431333065033,1.0,0.01909344084560871,0.4073020815849304,0.030108388513326645,BraTS20_Training_062,t2
0.06138252466917038,0.13343587517738342,1.0,0.01001802459359169,0.32753652334213257,0.023187842220067978,BraTS20_Training_062,flair
0.10269878059625626,0.2230253964662552,1.0,0.016924915835261345,0.5586925745010376,0.029469992965459824,BraTS20_Training_063,t1
0.06915585696697235,0.14054077863693237,1.0,0.01416540052741766,0.36650317907333374,0.02537188120186329,BraTS20_Training_063,t1ce
0.06788691133260727,0.1484190821647644,1.0,0.025148658081889153,0.5307749509811401,0.03488161414861679,BraTS20_Training_063,t2
0.0713658258318901,0.149289071559906,1.0,0.018593791872262955,0.4834612309932709,0.03253204748034477,BraTS20_Training_063,flair
0.09313810616731644,0.21403421461582184,1.0,0.01714377850294113,0.5076629519462585,0.029593223705887794,BraTS20_Training_064,t1
0.05481288954615593,0.11493319272994995,1.0,0.012560108676552773,0.2860679030418396,0.023597950115799904,BraTS20_Training_064,t1ce
0.06243661791086197,0.14421308040618896,1.0,0.018404444679617882,0.4427454173564911,0.030036529526114464,BraTS20_Training_064,t2
0.06025352701544762,0.13331303000450134,1.0,0.008700196631252766,0.3282204270362854,0.022390205413103104,BraTS20_Training_064,flair
0.09766026586294174,0.2229376584291458,1.0,0.01515946164727211,0.4869009852409363,0.027748549357056618,BraTS20_Training_065,t1
0.05550229921936989,0.11433088779449463,1.0,0.009604578837752342,0.2520960569381714,0.019915197044610977,BraTS20_Training_065,t1ce
0.06089191883802414,0.13663612306118011,1.0,0.014887360855937004,0.4143942594528198,0.027276674285531044,BraTS20_Training_065,t2
0.07463079690933228,0.16335734724998474,1.0,0.008820420131087303,0.3327721655368805,0.021260814741253853,BraTS20_Training_065,flair
0.10104411095380783,0.2204003483057022,1.0,0.016722308471798897,0.5342722535133362,0.02893856354057789,BraTS20_Training_066,t1
0.07019699364900589,0.14425621926784515,1.0,0.014970109798014164,0.3536943197250366,0.02565436065196991,BraTS20_Training_066,t1ce
0.06732559204101562,0.1468203067779541,1.0,0.018671078607439995,0.4569607675075531,0.029813500121235847,BraTS20_Training_066,t2
0.06944867968559265,0.14525660872459412,1.0,0.011920117773115635,0.38027840852737427,0.02511695586144924,BraTS20_Training_066,flair
0.09402137249708176,0.19643886387348175,1.0,0.01338670402765274,0.46928009390830994,0.0257053691893816,BraTS20_Training_067,t1
0.08486542105674744,0.17473584413528442,1.0,0.020807236433029175,0.4455258548259735,0.030184417963027954,BraTS20_Training_067,t1ce
0.07043684273958206,0.15079303085803986,1.0,0.02156461775302887,0.48023197054862976,0.0319032147526741,BraTS20_Training_067,t2
0.06983458250761032,0.14495861530303955,1.0,0.0144997239112854,0.4342440366744995,0.028256235644221306,BraTS20_Training_067,flair
0.10431370139122009,0.22498708963394165,1.0,0.019106687977910042,0.577518105506897,0.031225427985191345,BraTS20_Training_068,t1
0.06965231895446777,0.1405690461397171,1.0,0.01577174849808216,0.35891032218933105,0.026463469490408897,BraTS20_Training_068,t1ce
0.06795743852853775,0.14776389300823212,1.0,0.019677409902215004,0.47371500730514526,0.030612654983997345,BraTS20_Training_068,t2
0.06523297727108002,0.13298599421977997,1.0,0.010364157147705555,0.34651923179626465,0.023344287648797035,BraTS20_Training_068,flair
0.09554386883974075,0.21882686018943787,1.0,0.016504403203725815,0.48731809854507446,0.0286541935056448,BraTS20_Training_069,t1
0.056601475924253464,0.11956088244915009,1.0,0.011045733466744423,0.2713756859302521,0.022200411185622215,BraTS20_Training_069,t1ce
0.06195652112364769,0.14071309566497803,1.0,0.015645498409867287,0.3968682885169983,0.027171578258275986,BraTS20_Training_069,t2
0.06628125160932541,0.15007305145263672,1.0,0.009892595000565052,0.3638649582862854,0.023651469498872757,BraTS20_Training_069,flair
0.10502966493368149,0.21344618499279022,1.0,0.011222690343856812,0.507474422454834,0.024776747450232506,BraTS20_Training_070,t1
0.06928117573261261,0.13152602314949036,1.0,0.00930893886834383,0.32187774777412415,0.02160106785595417,BraTS20_Training_070,t1ce
0.07158321142196655,0.14560873806476593,1.0,0.017057444900274277,0.452549546957016,0.02843552641570568,BraTS20_Training_070,t2
0.07010433822870255,0.13506489992141724,1.0,0.01032300665974617,0.3610028326511383,0.023332148790359497,BraTS20_Training_070,flair
0.07192690670490265,0.14933352172374725,1.0,0.004613605327904224,0.31816691160202026,0.01639130525290966,BraTS20_Training_071,t1
0.058136917650699615,0.11535972356796265,1.0,0.006552007980644703,0.2697082459926605,0.018732625991106033,BraTS20_Training_071,t1ce
0.07032738626003265,0.15353547036647797,1.0,0.0115206902846694,0.3825031816959381,0.024129683151841164,BraTS20_Training_071,t2
0.0699227824807167,0.14768651127815247,1.0,0.007977450266480446,0.3485472798347473,0.021347736939787865,BraTS20_Training_071,flair
0.09769320487976074,0.2202172577381134,1.0,0.01440842729061842,0.5041160583496094,0.027926145121455193,BraTS20_Training_072,t1
0.051585957407951355,0.10462117940187454,1.0,0.009450618177652359,0.26304399967193604,0.02066764235496521,BraTS20_Training_072,t1ce
0.06838252395391464,0.15515950322151184,1.0,0.017115531489253044,0.463315486907959,0.03051067516207695,BraTS20_Training_072,t2
0.07415354996919632,0.16050109267234802,1.0,0.0063677518628537655,0.31940287351608276,0.018729476258158684,BraTS20_Training_072,flair
0.10128132253885269,0.22306187450885773,1.0,0.017291421070694923,0.5668426156044006,0.0300787091255188,BraTS20_Training_073,t1
0.061103012412786484,0.1233757734298706,1.0,0.013238643296062946,0.315386027097702,0.024433011189103127,BraTS20_Training_073,t1ce
0.06720013916492462,0.14984887838363647,1.0,0.024539368227124214,0.5181199312210083,0.034762442111968994,BraTS20_Training_073,t2
0.05105452239513397,0.10275352001190186,1.0,0.006749636027961969,0.29488223791122437,0.01993543654680252,BraTS20_Training_073,flair
0.09069233387708664,0.19489745795726776,1.0,0.014962897635996342,0.4809841513633728,0.02741849422454834,BraTS20_Training_074,t1
0.06386954337358475,0.13061903417110443,1.0,0.022924505174160004,0.40076544880867004,0.03198402374982834,BraTS20_Training_074,t1ce
0.06954631209373474,0.15320917963981628,1.0,0.02581344172358513,0.5349612236022949,0.036129407584667206,BraTS20_Training_074,t2
0.05363159254193306,0.10819172114133835,1.0,0.014352596364915371,0.3497138023376465,0.02670627273619175,BraTS20_Training_074,flair
0.08073796331882477,0.15326863527297974,1.0,0.006883678492158651,0.35318776965141296,0.018586887046694756,BraTS20_Training_075,t1
0.07073406130075455,0.1312611997127533,1.0,0.01057268027216196,0.335085391998291,0.02231408655643463,BraTS20_Training_075,t1ce
0.07160830497741699,0.14653997123241425,1.0,0.015794778242707253,0.4286227226257324,0.027522437274456024,BraTS20_Training_075,t2
0.0628969818353653,0.12505841255187988,1.0,0.008923067711293697,0.3512926399707794,0.022125408053398132,BraTS20_Training_075,flair
0.08284670859575272,0.20521040260791779,1.0,0.013385462574660778,0.44080811738967896,0.026542896404862404,BraTS20_Training_076,t1
0.047775544226169586,0.10553042590618134,1.0,0.009231469593942165,0.22825254499912262,0.020244522020220757,BraTS20_Training_076,t1ce
0.05083076283335686,0.1228301078081131,1.0,0.016192473471164703,0.3757381737232208,0.028329839929938316,BraTS20_Training_076,t2
0.05169779434800148,0.1204521432518959,1.0,0.011177006177604198,0.31914791464805603,0.02485719323158264,BraTS20_Training_076,flair
0.0883219987154007,0.20696400105953217,1.0,0.01604299247264862,0.5071207284927368,0.028906410560011864,BraTS20_Training_077,t1
0.05628034099936485,0.12118490040302277,1.0,0.011206231079995632,0.2918235957622528,0.02273029088973999,BraTS20_Training_077,t1ce
0.066316157579422,0.15508216619491577,1.0,0.022071808576583862,0.4843125641345978,0.03250791132450104,BraTS20_Training_077,t2
0.051967572420835495,0.11204079538583755,1.0,0.006669503636658192,0.27856385707855225,0.01925143599510193,BraTS20_Training_077,flair
0.07535888999700546,0.16112282872200012,1.0,0.009516527876257896,0.37517842650413513,0.021809156984090805,BraTS20_Training_078,t1
0.05910392850637436,0.1217963844537735,1.0,0.01531700138002634,0.34477633237838745,0.0270340945571661,BraTS20_Training_078,t1ce
0.06953137367963791,0.1604454219341278,1.0,0.013453866355121136,0.49480298161506653,0.028028301894664764,BraTS20_Training_078,t2
0.06277157366275787,0.13211150467395782,1.0,0.0112615916877985,0.366152286529541,0.025379063561558723,BraTS20_Training_078,flair
0.09603163599967957,0.21716924011707306,1.0,0.01696275733411312,0.5443664789199829,0.029752831906080246,BraTS20_Training_079,t1
0.06445804983377457,0.13521048426628113,1.0,0.012705745175480843,0.3368910253047943,0.024390285834670067,BraTS20_Training_079,t1ce
0.06311498582363129,0.14302609860897064,1.0,0.02346034161746502,0.5061059594154358,0.03418135643005371,BraTS20_Training_079,t2
0.0646364688873291,0.13865117728710175,1.0,0.017955554649233818,0.4298161268234253,0.031168026849627495,BraTS20_Training_079,flair
0.09177656471729279,0.2063765823841095,1.0,0.014256861992180347,0.4983128309249878,0.027480851858854294,BraTS20_Training_080,t1
0.05696660652756691,0.11710099875926971,1.0,0.008939930237829685,0.2815900444984436,0.020813364535570145,BraTS20_Training_080,t1ce
0.06436558067798615,0.14667010307312012,1.0,0.023828130215406418,0.4962402582168579,0.034362003207206726,BraTS20_Training_080,t2
0.060632769018411636,0.12959890067577362,1.0,0.014002997428178787,0.3870827555656433,0.027704231441020966,BraTS20_Training_080,flair
0.09592203795909882,0.204001784324646,1.0,0.010636738501489162,0.4867578446865082,0.024487324059009552,BraTS20_Training_081,t1
0.06425486505031586,0.1272730529308319,1.0,0.009686252102255821,0.3132091760635376,0.021885568276047707,BraTS20_Training_081,t1ce
0.06703553348779678,0.1442054659128189,1.0,0.019786572083830833,0.4655241370201111,0.031188273802399635,BraTS20_Training_081,t2
0.05920740216970444,0.11895038187503815,1.0,0.009438535198569298,0.3540671169757843,0.023595083504915237,BraTS20_Training_081,flair
0.08829990029335022,0.19081611931324005,1.0,0.009381704032421112,0.43756669759750366,0.022915588691830635,BraTS20_Training_082,t1
0.06771902740001678,0.1384807527065277,1.0,0.009309097193181515,0.32325175404548645,0.021885070949792862,BraTS20_Training_082,t1ce
0.06414922326803207,0.14081428945064545,1.0,0.016057351604104042,0.4321560263633728,0.028533436357975006,BraTS20_Training_082,t2
0.06347554922103882,0.13255296647548676,1.0,0.014254742302000523,0.42129045724868774,0.028077507391572,BraTS20_Training_082,flair
0.10077570378780365,0.21084386110305786,1.0,0.015079069882631302,0.5033497214317322,0.027329813688993454,BraTS20_Training_083,t1
0.06918197125196457,0.13585790991783142,1.0,0.013382948935031891,0.33162301778793335,0.024360092356801033,BraTS20_Training_083,t1ce
0.06961778551340103,0.14751382172107697,1.0,0.022504812106490135,0.48512914776802063,0.03237450122833252,BraTS20_Training_083,t2
0.06711385399103165,0.13776935636997223,1.0,0.012906461954116821,0.40320122241973877,0.02672024816274643,BraTS20_Training_083,flair
0.0845484584569931,0.17620980739593506,1.0,0.009249173104763031,0.4034850597381592,0.021866805851459503,BraTS20_Training_084,t1
0.05595050007104874,0.10892749577760696,1.0,0.01192495971918106,0.2826935350894928,0.023523854091763496,BraTS20_Training_084,t1ce
0.06158529222011566,0.13274841010570526,1.0,0.0125341285020113,0.4459932744503021,0.026349037885665894,BraTS20_Training_084,t2
0.05827079713344574,0.11593705415725708,1.0,0.00934125017374754,0.324462354183197,0.02260197326540947,BraTS20_Training_084,flair
0.10403799265623093,0.22146087884902954,1.0,0.016716497018933296,0.5373714566230774,0.028763704001903534,BraTS20_Training_085,t1
0.0606631375849247,0.11748191714286804,1.0,0.012363492511212826,0.3028998374938965,0.02318538911640644,BraTS20_Training_085,t1ce
0.06495122611522675,0.14226755499839783,1.0,0.014103781431913376,0.4870741069316864,0.027668572962284088,BraTS20_Training_085,t2
0.06632432341575623,0.13390667736530304,1.0,0.012122666463255882,0.40420863032341003,0.02648109756410122,BraTS20_Training_085,flair
0.07878676801919937,0.15776225924491882,1.0,0.008311430923640728,0.38070249557495117,0.020498279482126236,BraTS20_Training_086,t1
0.05692814663052559,0.1069483831524849,1.0,0.011285599321126938,0.2916807532310486,0.022464536130428314,BraTS20_Training_086,t1ce
0.06398287415504456,0.13851135969161987,1.0,0.013868124224245548,0.5071083307266235,0.027910476550459862,BraTS20_Training_086,t2
0.06225096061825752,0.12111297994852066,1.0,0.012011419981718063,0.3818870782852173,0.02554674632847309,BraTS20_Training_086,flair
0.07207693159580231,0.156194269657135,1.0,0.010629665106534958,0.41039493680000305,0.023590926080942154,BraTS20_Training_087,t1
0.0634714812040329,0.13220275938510895,1.0,0.018251070752739906,0.3779306709766388,0.028819464147090912,BraTS20_Training_087,t1ce
0.06606423854827881,0.14886312186717987,1.0,0.013095139525830746,0.4726368188858032,0.027062801644206047,BraTS20_Training_087,t2
0.07905659824609756,0.17300309240818024,1.0,0.011815425008535385,0.49073511362075806,0.028617428615689278,BraTS20_Training_087,flair
0.0920383408665657,0.19984033703804016,1.0,0.013005783781409264,0.5261892080307007,0.02668857015669346,BraTS20_Training_088,t1
0.06365726888179779,0.12848864495754242,1.0,0.013342308811843395,0.3512249290943146,0.02522099018096924,BraTS20_Training_088,t1ce
0.06851951777935028,0.15751054883003235,1.0,0.01681561954319477,0.5666707754135132,0.03077293187379837,BraTS20_Training_088,t2
0.05992061644792557,0.1224798709154129,1.0,0.012149126268923283,0.40759867429733276,0.026916028931736946,BraTS20_Training_088,flair
0.09770611673593521,0.1984771192073822,1.0,0.008511802181601524,0.4701139032840729,0.022494647651910782,BraTS20_Training_089,t1
0.0786641538143158,0.1535998284816742,1.0,0.01260471809655428,0.39584216475486755,0.025425005704164505,BraTS20_Training_089,t1ce
0.07901585847139359,0.16486822068691254,1.0,0.013473587110638618,0.4914920926094055,0.027630407363176346,BraTS20_Training_089,t2
0.08507142215967178,0.16878466308116913,1.0,0.00939187128096819,0.37543684244155884,0.021846309304237366,BraTS20_Training_089,flair
0.09588557481765747,0.2130628228187561,1.0,0.012041744776070118,0.50038743019104,0.026021340861916542,BraTS20_Training_090,t1
0.05537550896406174,0.11156413704156876,1.0,0.010164397768676281,0.2766290009021759,0.022288141772150993,BraTS20_Training_090,t1ce
0.06009356677532196,0.1374165564775467,1.0,0.012997356243431568,0.4743894040584564,0.027387963607907295,BraTS20_Training_090,t2
0.056557875126600266,0.1182732880115509,1.0,0.011648090556263924,0.36188897490501404,0.025508664548397064,BraTS20_Training_090,flair
0.07722951471805573,0.1635618954896927,1.0,0.006417062599211931,0.3426860570907593,0.018544945865869522,BraTS20_Training_091,t1
0.056362442672252655,0.11395100504159927,1.0,0.009582020342350006,0.3131755590438843,0.022091109305620193,BraTS20_Training_091,t1ce
0.06400006264448166,0.1417229026556015,1.0,0.009607616811990738,0.38560599088668823,0.02317497879266739,BraTS20_Training_091,t2
0.06194755807518959,0.13089099526405334,1.0,0.009365719743072987,0.3342832624912262,0.02265598066151142,BraTS20_Training_091,flair
0.10465730726718903,0.22344020009040833,1.0,0.01400080043822527,0.5732437968254089,0.028006110340356827,BraTS20_Training_092,t1
0.06330680102109909,0.12472081184387207,1.0,0.012236244976520538,0.378290057182312,0.025386493653059006,BraTS20_Training_092,t1ce
0.07149551808834076,0.15670530498027802,1.0,0.014221281744539738,0.568494975566864,0.02956785075366497,BraTS20_Training_092,t2
0.06235989183187485,0.12483163923025131,1.0,0.011520805768668652,0.3876233994960785,0.025401446968317032,BraTS20_Training_092,flair
0.09384659677743912,0.201881542801857,1.0,0.010963581502437592,0.4731956124305725,0.024586273357272148,BraTS20_Training_093,t1
0.05824361369013786,0.11612299084663391,1.0,0.010525266639888287,0.3046010732650757,0.0225529782474041,BraTS20_Training_093,t1ce
0.06511238217353821,0.14368604123592377,1.0,0.014250717125833035,0.47878143191337585,0.02797938697040081,BraTS20_Training_093,t2
0.05916091799736023,0.12234053015708923,1.0,0.010536052286624908,0.35016459226608276,0.023872440680861473,BraTS20_Training_093,flair
0.09658758342266083,0.21432645618915558,1.0,0.007502421271055937,0.47575536370277405,0.02233908697962761,BraTS20_Training_094,t1
0.06577008962631226,0.13507325947284698,1.0,0.009229895658791065,0.29354989528656006,0.02111162431538105,BraTS20_Training_094,t1ce
0.057748474180698395,0.12846222519874573,1.0,0.013694891706109047,0.4377296566963196,0.0271178986877203,BraTS20_Training_094,t2
0.07334883511066437,0.15570460259914398,1.0,0.011337829753756523,0.43792569637298584,0.027073193341493607,BraTS20_Training_094,flair
0.10010403394699097,0.20417799055576324,1.0,0.012756439857184887,0.5250459313392639,0.026411769911646843,BraTS20_Training_095,t1
0.07378873229026794,0.1422523856163025,1.0,0.013075732626020908,0.3788958787918091,0.02551129274070263,BraTS20_Training_095,t1ce
0.07562249898910522,0.158920019865036,1.0,0.01387993898242712,0.5427711009979248,0.028437748551368713,BraTS20_Training_095,t2
0.0655243769288063,0.12883014976978302,1.0,0.014399092644453049,0.4059300124645233,0.027299463748931885,BraTS20_Training_095,flair
0.0754900798201561,0.17320318520069122,1.0,0.008397454395890236,0.3894343674182892,0.021417049691081047,BraTS20_Training_096,t1
0.060830023139715195,0.1328505575656891,1.0,0.011475072242319584,0.328756719827652,0.024194614961743355,BraTS20_Training_096,t1ce
0.062072839587926865,0.14655785262584686,1.0,0.010775266215205193,0.4520121216773987,0.025583282113075256,BraTS20_Training_096,t2
0.05066767334938049,0.10920597612857819,1.0,0.009022402577102184,0.29359930753707886,0.021720895543694496,BraTS20_Training_096,flair
0.0870363712310791,0.20449110865592957,1.0,0.014847376383841038,0.5039222240447998,0.028249617666006088,BraTS20_Training_097,t1
0.05870923772454262,0.12869730591773987,1.0,0.010470546782016754,0.32396870851516724,0.023080473765730858,BraTS20_Training_097,t1ce
0.06075190380215645,0.14509494602680206,1.0,0.013743850402534008,0.46462002396583557,0.027427880093455315,BraTS20_Training_097,t2
0.06084396690130234,0.13917452096939087,1.0,0.015636468306183815,0.3918812870979309,0.028708362951874733,BraTS20_Training_097,flair
0.09086564928293228,0.19954361021518707,1.0,0.012407740578055382,0.46676114201545715,0.025516025722026825,BraTS20_Training_098,t1
0.05752575770020485,0.11719036847352982,1.0,0.011738433502614498,0.3425375521183014,0.024159569293260574,BraTS20_Training_098,t1ce
0.06496596336364746,0.1432356983423233,1.0,0.010226926766335964,0.4015761613845825,0.023361677303910255,BraTS20_Training_098,t2
0.06572072207927704,0.14218974113464355,1.0,0.012648150324821472,0.3896384537220001,0.02626650594174862,BraTS20_Training_098,flair
0.1133730337023735,0.23191788792610168,1.0,0.014329832047224045,0.5854473114013672,0.028257910162210464,BraTS20_Training_099,t1
0.06084780395030975,0.11328363418579102,1.0,0.011648734100162983,0.32793107628822327,0.02435668371617794,BraTS20_Training_099,t1ce
0.07377126812934875,0.15312449634075165,1.0,0.012326294556260109,0.5375698804855347,0.028078483417630196,BraTS20_Training_099,t2
0.0849529430270195,0.17045600712299347,1.0,0.01899515651166439,0.5483983755111694,0.034205544739961624,BraTS20_Training_099,flair
0.0825442224740982,0.18824779987335205,1.0,0.009926666505634785,0.4272401034832001,0.023699039593338966,BraTS20_Training_100,t1
0.05583035945892334,0.11818116903305054,1.0,0.009356596507132053,0.3040464222431183,0.022241724655032158,BraTS20_Training_100,t1ce
0.06581633538007736,0.1548987179994583,1.0,0.010704463347792625,0.46493610739707947,0.026252441108226776,BraTS20_Training_100,t2
0.054012615233659744,0.11838430911302567,1.0,0.007761314511299133,0.3107878863811493,0.02122017927467823,BraTS20_Training_100,flair
0.08444560319185257,0.1828949749469757,1.0,0.009666464291512966,0.45068445801734924,0.023263458162546158,BraTS20_Training_101,t1
0.05997680127620697,0.12131688743829727,1.0,0.010189726948738098,0.3157625198364258,0.022679153829813004,BraTS20_Training_101,t1ce
0.06759212911128998,0.15268437564373016,1.0,0.015505055896937847,0.5168195366859436,0.029170073568820953,BraTS20_Training_101,t2
0.055908557027578354,0.1163756474852562,1.0,0.009256518445909023,0.3445909917354584,0.02319895289838314,BraTS20_Training_101,flair
0.10346359759569168,0.2240486741065979,1.0,0.010307596065104008,0.5354482531547546,0.02522006258368492,BraTS20_Training_102,t1
0.049889400601387024,0.0945933610200882,1.0,0.006172602996230125,0.24520343542099,0.018184484913945198,BraTS20_Training_102,t1ce
0.061945535242557526,0.1365380883216858,1.0,0.012415819801390171,0.496138334274292,0.02773291990160942,BraTS20_Training_102,t2
0.06154879182577133,0.12336302548646927,1.0,0.0059580677188932896,0.34211236238479614,0.020231015980243683,BraTS20_Training_102,flair
0.09794411808252335,0.20027588307857513,1.0,0.009157804772257805,0.5261362195014954,0.023337073624134064,BraTS20_Training_103,t1
0.06388942897319794,0.12160422652959824,1.0,0.009071368724107742,0.33743348717689514,0.021470874547958374,BraTS20_Training_103,t1ce
0.0778871551156044,0.1712222695350647,1.0,0.019465362653136253,0.629938542842865,0.032938528805971146,BraTS20_Training_103,t2
0.07819589227437973,0.15666230022907257,1.0,0.013590728864073753,0.47588497400283813,0.027904991060495377,BraTS20_Training_103,flair
0.10042446851730347,0.20783203840255737,1.0,0.014507202431559563,0.5366664528846741,0.02791452221572399,BraTS20_Training_104,t1
0.060398541390895844,0.11688953638076782,1.0,0.010182001627981663,0.33012914657592773,0.022806815803050995,BraTS20_Training_104,t1ce
0.07105808705091476,0.15455865859985352,1.0,0.015178641304373741,0.5247454047203064,0.02872610092163086,BraTS20_Training_104,t2
0.059161242097616196,0.1193605437874794,1.0,0.011084511876106262,0.36021625995635986,0.023781301453709602,BraTS20_Training_104,flair
0.09932777285575867,0.22538253664970398,1.0,0.012128039263188839,0.5190192461013794,0.026468776166439056,BraTS20_Training_105,t1
0.05584900081157684,0.11478354781866074,1.0,0.010651177726686,0.28105226159095764,0.02279694937169552,BraTS20_Training_105,t1ce
0.05495988950133324,0.1254153847694397,1.0,0.010115153156220913,0.4180181920528412,0.024346718564629555,BraTS20_Training_105,t2
0.057458728551864624,0.12145292013883591,1.0,0.010234675370156765,0.34934931993484497,0.02444053255021572,BraTS20_Training_105,flair
0.09074465185403824,0.20583395659923553,1.0,0.013379521667957306,0.46015745401382446,0.02633708529174328,BraTS20_Training_106,t1
0.05452526733279228,0.11353667825460434,1.0,0.010107146576046944,0.29022249579429626,0.022609025239944458,BraTS20_Training_106,t1ce
0.06396421790122986,0.14898715913295746,1.0,0.011863863095641136,0.4613912105560303,0.026539815589785576,BraTS20_Training_106,t2
0.055155426263809204,0.11885816603899002,1.0,0.012770725414156914,0.333401083946228,0.025101210922002792,BraTS20_Training_106,flair
0.09854820370674133,0.21684232354164124,1.0,0.00939934141933918,0.49700117111206055,0.023891329765319824,BraTS20_Training_107,t1
0.04749462008476257,0.09091196209192276,1.0,0.005613567307591438,0.22859686613082886,0.01696426048874855,BraTS20_Training_107,t1ce
0.061084914952516556,0.13669005036354065,1.0,0.011373239569365978,0.45818933844566345,0.026114528998732567,BraTS20_Training_107,t2
0.066093310713768,0.1376630812883377,1.0,0.008099548518657684,0.38706880807876587,0.022938711568713188,BraTS20_Training_107,flair
0.10110124200582504,0.21885888278484344,1.0,0.0139809874817729,0.5463811159133911,0.02833392471075058,BraTS20_Training_108,t1
0.05983014032244682,0.11859720200300217,1.0,0.010738404467701912,0.31435805559158325,0.02358327805995941,BraTS20_Training_108,t1ce
0.07119829207658768,0.1599879115819931,1.0,0.013891858980059624,0.5667134523391724,0.030664121732115746,BraTS20_Training_108,t2
0.05493582785129547,0.10742436349391937,1.0,0.007814694195985794,0.2899887263774872,0.02068769372999668,BraTS20_Training_108,flair
0.09859119355678558,0.21853850781917572,1.0,0.01471491064876318,0.5328114628791809,0.02882808819413185,BraTS20_Training_109,t1
0.058563221246004105,0.12020111083984375,1.0,0.0103585971519351,0.32427287101745605,0.02359912358224392,BraTS20_Training_109,t1ce
0.06755319237709045,0.15608415007591248,1.0,0.009307574480772018,0.508651614189148,0.026326293125748634,BraTS20_Training_109,t2
0.05929457023739815,0.12453771382570267,1.0,0.006026037037372589,0.3278161287307739,0.0195760615170002,BraTS20_Training_109,flair
0.09226632118225098,0.21397341787815094,1.0,0.010054325684905052,0.48647674918174744,0.024792393669486046,BraTS20_Training_110,t1
0.04515302926301956,0.090467169880867,1.0,0.005699147470295429,0.21451729536056519,0.01706930249929428,BraTS20_Training_110,t1ce
0.05770603567361832,0.1362263411283493,1.0,0.012235271744430065,0.4547647535800934,0.026980480179190636,BraTS20_Training_110,t2
0.06617245078086853,0.14714793860912323,1.0,0.009303545579314232,0.3925396203994751,0.024846773594617844,BraTS20_Training_110,flair
0.1170794889330864,0.23564964532852173,1.0,0.01664689928293228,0.6090480089187622,0.02982841059565544,BraTS20_Training_111,t1
0.06331779062747955,0.11644667387008667,1.0,0.012180959805846214,0.3260318636894226,0.02435275912284851,BraTS20_Training_111,t1ce
0.0708693191409111,0.14606627821922302,1.0,0.014071847312152386,0.5343212485313416,0.02871701307594776,BraTS20_Training_111,t2
0.06525710225105286,0.12377148121595383,1.0,0.011626682244241238,0.3945067524909973,0.025486113503575325,BraTS20_Training_111,flair
0.10388097167015076,0.2127874195575714,1.0,0.013270942494273186,0.5421615242958069,0.027089666575193405,BraTS20_Training_112,t1
0.06117193028330803,0.11708585172891617,1.0,0.011670103296637535,0.3329746723175049,0.024313360452651978,BraTS20_Training_112,t1ce
0.07494555413722992,0.15830111503601074,1.0,0.014714301563799381,0.5192248225212097,0.02862728200852871,BraTS20_Training_112,t2
0.07004496455192566,0.1411028355360031,1.0,0.011165816336870193,0.4102904796600342,0.025496454909443855,BraTS20_Training_112,flair
0.09887504577636719,0.21807682514190674,1.0,0.015279899351298809,0.5182675123214722,0.028402499854564667,BraTS20_Training_113,t1
0.05163360759615898,0.10219626873731613,1.0,0.009393230080604553,0.27541017532348633,0.02143622376024723,BraTS20_Training_113,t1ce
0.06471531093120575,0.14650842547416687,1.0,0.013054048642516136,0.4499082863330841,0.027050262317061424,BraTS20_Training_113,t2
0.07051194459199905,0.15260274708271027,1.0,0.018746724352240562,0.41767728328704834,0.030784577131271362,BraTS20_Training_113,flair
0.10455968230962753,0.2053583264350891,1.0,0.009871159680187702,0.5103948712348938,0.023829258978366852,BraTS20_Training_114,t1
0.06755464524030685,0.12413927167654037,1.0,0.011265845969319344,0.3440656065940857,0.024042092263698578,BraTS20_Training_114,t1ce
0.07946616411209106,0.16483274102210999,1.0,0.012701489962637424,0.5287336111068726,0.02730793133378029,BraTS20_Training_114,t2
0.06082307919859886,0.1154932752251625,1.0,0.00861721858382225,0.35468029975891113,0.022022798657417297,BraTS20_Training_114,flair
0.09680219739675522,0.20877274870872498,1.0,0.012928664684295654,0.5368106961250305,0.026699040085077286,BraTS20_Training_115,t1
0.060076240450143814,0.11973686516284943,1.0,0.011236508376896381,0.3275829255580902,0.023451488465070724,BraTS20_Training_115,t1ce
0.07428310811519623,0.16774025559425354,1.0,0.01762877032160759,0.5997517108917236,0.03212065249681473,BraTS20_Training_115,t2
0.06873374432325363,0.1447400450706482,1.0,0.015480314381420612,0.4320516586303711,0.02870592102408409,BraTS20_Training_115,flair
0.10827771574258804,0.23052756488323212,1.0,0.013762136921286583,0.5572871565818787,0.027758341282606125,BraTS20_Training_116,t1
0.06417571753263474,0.12561385333538055,1.0,0.011928924359381199,0.32096731662750244,0.024215945973992348,BraTS20_Training_116,t1ce
0.06241699680685997,0.1361093670129776,1.0,0.01222806517034769,0.46614590287208557,0.026359720155596733,BraTS20_Training_116,t2
0.06245808303356171,0.126609668135643,1.0,0.010361814871430397,0.37355080246925354,0.024508213624358177,BraTS20_Training_116,flair
0.10009422153234482,0.20919238030910492,1.0,0.013570104725658894,0.5491524338722229,0.02732790634036064,BraTS20_Training_117,t1
0.062062617391347885,0.11990033835172653,1.0,0.011104277335107327,0.3344917297363281,0.023442257195711136,BraTS20_Training_117,t1ce
0.0693296417593956,0.1522301882505417,1.0,0.01587611250579357,0.559337317943573,0.030331673100590706,BraTS20_Training_117,t2
0.0662742331624031,0.13435423374176025,1.0,0.010206276550889015,0.39409565925598145,0.024730674922466278,BraTS20_Training_117,flair
0.10812193900346756,0.23003189265727997,1.0,0.017386598512530327,0.6130372285842896,0.03075946867465973,BraTS20_Training_118,t1
0.06239696219563484,0.12071821093559265,1.0,0.011160272173583508,0.33053240180015564,0.02339349500834942,BraTS20_Training_118,t1ce
0.07414159178733826,0.16256843507289886,1.0,0.013701988384127617,0.5679017901420593,0.028840553015470505,BraTS20_Training_118,t2
0.06672891229391098,0.1350277066230774,1.0,0.013128657825291157,0.4280415177345276,0.027703778818249702,BraTS20_Training_118,flair
0.10596825182437897,0.22905460000038147,1.0,0.011788224801421165,0.5179738998413086,0.025808362290263176,BraTS20_Training_119,t1
0.05115896463394165,0.09779055416584015,1.0,0.00802641361951828,0.25220683217048645,0.020363863557577133,BraTS20_Training_119,t1ce
0.06521859019994736,0.13829757273197174,1.0,0.008829179219901562,0.416179895401001,0.02311410754919052,BraTS20_Training_119,t2
0.06273142993450165,0.12770883738994598,1.0,0.009885307401418686,0.35932043194770813,0.02431190013885498,BraTS20_Training_119,flair
0.11018070578575134,0.2317410707473755,1.0,0.011196748353540897,0.5608652830123901,0.026268718764185905,BraTS20_Training_120,t1
0.06275800615549088,0.12000350654125214,1.0,0.00784070324152708,0.3034099042415619,0.020707136020064354,BraTS20_Training_120,t1ce
0.069366455078125,0.15044713020324707,1.0,0.008096717298030853,0.46192559599876404,0.023187650367617607,BraTS20_Training_120,t2
0.06003273278474808,0.12012225389480591,1.0,0.006877678446471691,0.3480261266231537,0.020648710429668427,BraTS20_Training_120,flair
0.1000763401389122,0.20457445085048676,1.0,0.012512948364019394,0.4849775433540344,0.025647616013884544,BraTS20_Training_121,t1
0.054332517087459564,0.10060945898294449,1.0,0.0080339964479208,0.26038989424705505,0.019715093076229095,BraTS20_Training_121,t1ce
0.07444825768470764,0.15760856866836548,1.0,0.014407276175916195,0.48409855365753174,0.02757100574672222,BraTS20_Training_121,t2
0.06802665442228317,0.1377435326576233,1.0,0.01416922826319933,0.3992078900337219,0.026688937097787857,BraTS20_Training_121,flair
0.09681085497140884,0.21873018145561218,1.0,0.009074359200894833,0.5135982036590576,0.024451684206724167,BraTS20_Training_122,t1
0.05122397094964981,0.10262314975261688,1.0,0.007156455889344215,0.24985170364379883,0.01926996558904648,BraTS20_Training_122,t1ce
0.06399349123239517,0.14680930972099304,1.0,0.013421370647847652,0.4965229630470276,0.02805541455745697,BraTS20_Training_122,t2
0.06151002645492554,0.12951713800430298,1.0,0.009608118794858456,0.35271498560905457,0.023794488981366158,BraTS20_Training_122,flair
0.08653435111045837,0.17805986106395721,1.0,0.008887025527656078,0.4132247567176819,0.021769272163510323,BraTS20_Training_123,t1
0.06051667407155037,0.11719536036252975,1.0,0.011174308136105537,0.30930352210998535,0.023176949471235275,BraTS20_Training_123,t1ce
0.0713852047920227,0.15447770059108734,1.0,0.013660648837685585,0.4901866018772125,0.02751227840781212,BraTS20_Training_123,t2
0.0629487931728363,0.128006249666214,1.0,0.009361271746456623,0.3460511267185211,0.0227094404399395,BraTS20_Training_123,flair
0.08609483391046524,0.19782805442810059,1.0,0.009427647106349468,0.5094582438468933,0.025067239999771118,BraTS20_Training_124,t1
0.057477328926324844,0.12274254113435745,1.0,0.00947045348584652,0.33277279138565063,0.02313498966395855,BraTS20_Training_124,t1ce
0.0697702020406723,0.15606194734573364,1.0,0.007088773418217897,0.34784334897994995,0.019180485978722572,BraTS20_Training_124,t2
0.08322589099407196,0.1858607828617096,1.0,0.005169117823243141,0.40389400720596313,0.019794100895524025,BraTS20_Training_124,flair
0.09672658145427704,0.21448573470115662,1.0,0.015076334588229656,0.5759231448173523,0.02956778183579445,BraTS20_Training_125,t1
0.060931771993637085,0.1252765953540802,1.0,0.010365262627601624,0.3540530800819397,0.023273108527064323,BraTS20_Training_125,t1ce
0.07717368751764297,0.17781764268875122,1.0,0.014940550550818443,0.5895083546638489,0.030444355681538582,BraTS20_Training_125,t2
0.056929588317871094,0.12188456207513809,1.0,0.006655510514974594,0.33360522985458374,0.02012268267571926,BraTS20_Training_125,flair
0.09767899662256241,0.22182905673980713,1.0,0.013352848589420319,0.528432309627533,0.02771650440990925,BraTS20_Training_126,t1
0.05101188272237778,0.10388357192277908,1.0,0.009194208309054375,0.26838117837905884,0.021841751411557198,BraTS20_Training_126,t1ce
0.06012021750211716,0.13644619286060333,1.0,0.011192078702151775,0.44852179288864136,0.02602146379649639,BraTS20_Training_126,t2
0.056467168033123016,0.12009185552597046,1.0,0.01017996110022068,0.352627694606781,0.02440737746655941,BraTS20_Training_126,flair
0.08893507719039917,0.19171170890331268,1.0,0.008708277717232704,0.47370654344558716,0.022818461060523987,BraTS20_Training_127,t1
0.060078203678131104,0.11983844637870789,1.0,0.009677411057054996,0.3352242410182953,0.022453682497143745,BraTS20_Training_127,t1ce
0.07028532773256302,0.1617753505706787,1.0,0.01721167005598545,0.570183515548706,0.03128325939178467,BraTS20_Training_127,t2
0.06985892355442047,0.14639994502067566,1.0,0.011536831967532635,0.4467874765396118,0.0265333391726017,BraTS20_Training_127,flair
0.10148803144693375,0.22014060616493225,1.0,0.013284186832606792,0.5470152497291565,0.027600018307566643,BraTS20_Training_128,t1
0.06520170718431473,0.13079321384429932,1.0,0.012292785570025444,0.3392377495765686,0.024815758690238,BraTS20_Training_128,t1ce
0.06931100785732269,0.15425704419612885,1.0,0.012509835883975029,0.5220487713813782,0.02790740877389908,BraTS20_Training_128,t2
0.06014357879757881,0.1210092082619667,1.0,0.01051027700304985,0.367499977350235,0.02485763281583786,BraTS20_Training_128,flair
0.08581855893135071,0.18381275236606598,1.0,0.01138367224484682,0.4647214710712433,0.024789411574602127,BraTS20_Training_129,t1
0.06411556899547577,0.12880900502204895,1.0,0.013658258132636547,0.35691648721694946,0.026054317131638527,BraTS20_Training_129,t1ce
0.07195090502500534,0.15914276242256165,1.0,0.01464258786290884,0.5078296065330505,0.028400501236319542,BraTS20_Training_129,t2
0.07711547613143921,0.16227009892463684,1.0,0.01014306116849184,0.43968185782432556,0.02556658908724785,BraTS20_Training_129,flair
0.08544061332941055,0.1801028996706009,1.0,0.0033192008268088102,0.30086761713027954,0.01557896751910448,BraTS20_Training_130,t1
0.07964782416820526,0.17027848958969116,1.0,0.006764633115381002,0.38489702343940735,0.021695315837860107,BraTS20_Training_130,t1ce
0.06651566922664642,0.14712055027484894,1.0,0.005150501616299152,0.36228635907173157,0.01927291601896286,BraTS20_Training_130,t2
0.07345226407051086,0.15731075406074524,1.0,0.00467482628300786,0.3595868945121765,0.019512485712766647,BraTS20_Training_130,flair
0.07614664733409882,0.1523350179195404,1.0,0.003464481560513377,0.2904721796512604,0.015657853335142136,BraTS20_Training_131,t1
0.07761478424072266,0.15970490872859955,1.0,0.006917058024555445,0.3888917565345764,0.021590014919638634,BraTS20_Training_131,t1ce
0.07846000045537949,0.16698357462882996,1.0,0.006809687707573175,0.4485854208469391,0.022152652963995934,BraTS20_Training_131,t2
0.08426222950220108,0.17618654668331146,1.0,0.00607821810990572,0.4375707507133484,0.022111661732196808,BraTS20_Training_131,flair
0.07377361506223679,0.13712078332901,1.0,0.00152261508628726,0.22355803847312927,0.010357445105910301,BraTS20_Training_132,t1
0.06698649376630783,0.12902165949344635,1.0,0.007541572209447622,0.3525473177433014,0.021588731557130814,BraTS20_Training_132,t1ce
0.0776842013001442,0.15767984092235565,1.0,0.005702285096049309,0.41392549872398376,0.020270707085728645,BraTS20_Training_132,t2
0.08307172358036041,0.1671757847070694,1.0,0.005647177807986736,0.38441500067710876,0.020465876907110214,BraTS20_Training_132,flair
0.06982064247131348,0.157765731215477,1.0,0.002238304354250431,0.23498328030109406,0.012895342893898487,BraTS20_Training_133,t1
0.06911758333444595,0.15782344341278076,1.0,0.006210939958691597,0.32019203901290894,0.020518694072961807,BraTS20_Training_133,t1ce
0.0605165921151638,0.14220857620239258,1.0,0.00384561438113451,0.2996448278427124,0.016981542110443115,BraTS20_Training_133,t2
0.06527495384216309,0.1492222249507904,1.0,0.003184072906151414,0.2864375412464142,0.016078421846032143,BraTS20_Training_133,flair
0.06857927143573761,0.1405925154685974,1.0,0.0023845224641263485,0.27374890446662903,0.013449179008603096,BraTS20_Training_134,t1
0.06897060573101044,0.14323772490024567,1.0,0.006154755596071482,0.3567436933517456,0.02071867696940899,BraTS20_Training_134,t1ce
0.07536464184522629,0.16688767075538635,1.0,0.008039151318371296,0.45855194330215454,0.024284567683935165,BraTS20_Training_134,t2
0.07718392461538315,0.1642228215932846,1.0,0.005756347440183163,0.4112575948238373,0.021711356937885284,BraTS20_Training_134,flair
0.07876630127429962,0.15320776402950287,1.0,0.0019097401527687907,0.24285133183002472,0.011576239950954914,BraTS20_Training_135,t1
0.08220008760690689,0.16130849719047546,1.0,0.008501713164150715,0.39562639594078064,0.022796332836151123,BraTS20_Training_135,t1ce
0.08396473526954651,0.17101706564426422,1.0,0.0032473853789269924,0.33789071440696716,0.015508551150560379,BraTS20_Training_135,t2
0.06751881539821625,0.1658848524093628,1.0,0.00527108833193779,0.3042238652706146,0.018915582448244095,BraTS20_Training_135,flair
0.08840059489011765,0.17858906090259552,1.0,0.0024088069330900908,0.2849102318286896,0.01329958438873291,BraTS20_Training_136,t1
0.06293909251689911,0.12482482194900513,1.0,0.0057697840966284275,0.29747268557548523,0.019137267023324966,BraTS20_Training_136,t1ce
0.0733664259314537,0.15355972945690155,1.0,0.006875395774841309,0.4174366891384125,0.022495362907648087,BraTS20_Training_136,t2
0.07437829673290253,0.1499573290348053,1.0,0.004628473427146673,0.3337227404117584,0.01860942132771015,BraTS20_Training_136,flair
0.08908591419458389,0.17580421268939972,1.0,0.0022747833281755447,0.2642214894294739,0.012760275043547153,BraTS20_Training_137,t1
0.06777457892894745,0.13397976756095886,1.0,0.005691005382686853,0.31321951746940613,0.01875661127269268,BraTS20_Training_137,t1ce
0.0764431357383728,0.1585562527179718,1.0,0.005189238116145134,0.38913315534591675,0.019463839009404182,BraTS20_Training_137,t2
0.08517236262559891,0.171784445643425,1.0,0.004426235798746347,0.36543920636177063,0.018758375197649002,BraTS20_Training_137,flair
0.09056965261697769,0.20650425553321838,1.0,0.00422433577477932,0.28811946511268616,0.017001444473862648,BraTS20_Training_138,t1
0.059917598962783813,0.13143199682235718,1.0,0.004008493851870298,0.26438218355178833,0.016659976914525032,BraTS20_Training_138,t1ce
0.07267744839191437,0.16803494095802307,1.0,0.003836662508547306,0.3245973587036133,0.01667458564043045,BraTS20_Training_138,t2
0.07657472789287567,0.1790296584367752,1.0,0.004624565131962299,0.33539772033691406,0.01854325644671917,BraTS20_Training_138,flair
0.08910069614648819,0.18380318582057953,1.0,0.0032966204453259706,0.33408308029174805,0.015750756487250328,BraTS20_Training_139,t1
0.08845201879739761,0.18481646478176117,1.0,0.00818406417965889,0.44849371910095215,0.023718833923339844,BraTS20_Training_139,t1ce
0.08218679577112198,0.17799435555934906,1.0,0.009211061522364616,0.5118097066879272,0.025621160864830017,BraTS20_Training_139,t2
0.093814417719841,0.19889523088932037,1.0,0.008077354170382023,0.5135357975959778,0.026059243828058243,BraTS20_Training_139,flair
0.07974079251289368,0.17209288477897644,1.0,0.001983006251975894,0.23936410248279572,0.01201263815164566,BraTS20_Training_140,t1
0.05529507249593735,0.1155586764216423,1.0,0.005093222018331289,0.2463407814502716,0.01766275241971016,BraTS20_Training_140,t1ce
0.06566958129405975,0.1466982066631317,1.0,0.004610574338585138,0.32712259888648987,0.018190540373325348,BraTS20_Training_140,t2
0.07557685673236847,0.1669396162033081,1.0,0.005873273592442274,0.36189258098602295,0.020897051319479942,BraTS20_Training_140,flair
0.07082653790712357,0.14271089434623718,1.0,0.00151785125490278,0.23999473452568054,0.010872787795960903,BraTS20_Training_141,t1
0.07039747387170792,0.148611381649971,1.0,0.00884612463414669,0.3958911895751953,0.024120688438415527,BraTS20_Training_141,t1ce
0.07046037912368774,0.1549232304096222,1.0,0.006867588497698307,0.4476276934146881,0.02293129451572895,BraTS20_Training_141,t2
0.06768499314785004,0.14560584723949432,1.0,0.00587539654225111,0.3698236346244812,0.021158138290047646,BraTS20_Training_141,flair
0.07998063415288925,0.16941605508327484,1.0,0.0023650173097848892,0.2998984456062317,0.01375244278460741,BraTS20_Training_142,t1
0.06470108777284622,0.13658751547336578,1.0,0.0075943609699606895,0.3543223440647125,0.02219420112669468,BraTS20_Training_142,t1ce
0.07471784949302673,0.16927677392959595,1.0,0.008188401348888874,0.5016878247261047,0.02536691166460514,BraTS20_Training_142,t2
0.07291323691606522,0.16095556318759918,1.0,0.00798130128532648,0.4194122552871704,0.024448158219456673,BraTS20_Training_142,flair
0.09769895672798157,0.19699858129024506,1.0,0.0030855517834424973,0.3142814040184021,0.01498205866664648,BraTS20_Training_143,t1
0.06101027503609657,0.12122043967247009,1.0,0.005924460478127003,0.3229210078716278,0.019645361229777336,BraTS20_Training_143,t1ce
0.07311514765024185,0.15454602241516113,1.0,0.004887237213551998,0.3739100992679596,0.01882973313331604,BraTS20_Training_143,t2
0.07369977235794067,0.14654052257537842,1.0,0.004040074069052935,0.3110334575176239,0.017420826479792595,BraTS20_Training_143,flair
0.08355981856584549,0.1628859043121338,1.0,0.0035945409908890724,0.3130090534687042,0.016092361882328987,BraTS20_Training_144,t1
0.08305956423282623,0.1651555299758911,1.0,0.008404812775552273,0.42178136110305786,0.023818422108888626,BraTS20_Training_144,t1ce
0.07591531425714493,0.15553781390190125,1.0,0.0047737304121255875,0.4123382568359375,0.019417108967900276,BraTS20_Training_144,t2
0.08743415027856827,0.17527444660663605,1.0,0.005593281704932451,0.41924113035202026,0.021081188693642616,BraTS20_Training_144,flair
0.08163710683584213,0.17037653923034668,1.0,0.003036817768588662,0.34138914942741394,0.015098057687282562,BraTS20_Training_145,t1
0.07617633789777756,0.16006478667259216,1.0,0.0061761485412716866,0.4160118103027344,0.021359318867325783,BraTS20_Training_145,t1ce
0.07486363500356674,0.16765406727790833,1.0,0.008881926536560059,0.5037242770195007,0.025443708524107933,BraTS20_Training_145,t2
0.09423157572746277,0.20354381203651428,1.0,0.0033844837453216314,0.4651724398136139,0.019084708765149117,BraTS20_Training_145,flair
0.07954024523496628,0.18057695031166077,1.0,0.0028959056362509727,0.28310418128967285,0.014730002731084824,BraTS20_Training_146,t1
0.048960283398628235,0.10307680815458298,1.0,0.0037312633357942104,0.2267465442419052,0.015342846512794495,BraTS20_Training_146,t1ce
0.062418024986982346,0.1438172459602356,1.0,0.004040839150547981,0.3450773060321808,0.017844317480921745,BraTS20_Training_146,t2
0.07743415981531143,0.1763598620891571,1.0,0.0021750677842646837,0.3077056109905243,0.014654443599283695,BraTS20_Training_146,flair
0.08123787492513657,0.1672869473695755,1.0,0.0021635398734360933,0.28099802136421204,0.01295519433915615,BraTS20_Training_147,t1
0.0659981444478035,0.13291244208812714,1.0,0.0029195372480899096,0.2884274125099182,0.015244803391397,BraTS20_Training_147,t1ce
0.08005015552043915,0.1731337159872055,1.0,0.003594968467950821,0.4104517698287964,0.017685800790786743,BraTS20_Training_147,t2
0.0875905305147171,0.18409320712089539,1.0,0.0030850153416395187,0.3445154130458832,0.016101356595754623,BraTS20_Training_147,flair
0.06630582362413406,0.13824521005153656,1.0,0.0022457619197666645,0.24067968130111694,0.012680254876613617,BraTS20_Training_148,t1
0.05588677152991295,0.11543413996696472,1.0,0.0035052571911364794,0.26437753438949585,0.015442758798599243,BraTS20_Training_148,t1ce
0.07237479835748672,0.1626759022474289,1.0,0.006792352069169283,0.45571383833885193,0.022774819284677505,BraTS20_Training_148,t2
0.06438137590885162,0.1378038227558136,1.0,0.002849592361599207,0.29360708594322205,0.015260179527103901,BraTS20_Training_148,flair
0.08138098567724228,0.16418464481830597,1.0,0.0016075357561931014,0.3166874647140503,0.012118334881961346,BraTS20_Training_149,t1
0.07018236070871353,0.13821449875831604,1.0,0.005266172345727682,0.33501118421554565,0.019224273040890694,BraTS20_Training_149,t1ce
0.07473382353782654,0.15696042776107788,1.0,0.004814651794731617,0.418647438287735,0.01960762031376362,BraTS20_Training_149,t2
0.09535539150238037,0.19746674597263336,1.0,0.005474939476698637,0.4153551459312439,0.020259389653801918,BraTS20_Training_149,flair
0.06142359599471092,0.15575875341892242,1.0,0.005732779391109943,0.24013923108577728,0.016073687002062798,BraTS20_Training_150,t1
0.053429797291755676,0.1315145641565323,1.0,0.004589694552123547,0.19238226115703583,0.014388085342943668,BraTS20_Training_150,t1ce
0.04757870361208916,0.12498807162046432,1.0,0.007232876494526863,0.29114267230033875,0.019152207300066948,BraTS20_Training_150,t2
0.0677657499909401,0.17198805510997772,1.0,0.009204298257827759,0.2710132300853729,0.020072154700756073,BraTS20_Training_150,flair
0.08480943739414215,0.1847308874130249,1.0,0.007007418666034937,0.32539018988609314,0.018085641786456108,BraTS20_Training_151,t1
0.07337402552366257,0.15718331933021545,1.0,0.004328161012381315,0.2726588547229767,0.014856822788715363,BraTS20_Training_151,t1ce
0.05652540922164917,0.12628524005413055,1.0,0.007398372516036034,0.3543729782104492,0.020501350983977318,BraTS20_Training_151,t2
0.07614832371473312,0.16209222376346588,1.0,0.0058755576610565186,0.2830235958099365,0.016975490376353264,BraTS20_Training_151,flair
0.09747586399316788,0.20992404222488403,1.0,0.007622736971825361,0.40203529596328735,0.019477365538477898,BraTS20_Training_152,t1
0.0768972858786583,0.1578608602285385,1.0,0.003910569939762354,0.27436593174934387,0.01419342402368784,BraTS20_Training_152,t1ce
0.06257941573858261,0.13652770221233368,1.0,0.007391924504190683,0.3389551639556885,0.01927523873746395,BraTS20_Training_152,t2
0.0892985463142395,0.18759272992610931,1.0,0.00781917106360197,0.33824193477630615,0.019673993811011314,BraTS20_Training_152,flair
0.08542812615633011,0.1854008585214615,1.0,0.004847746342420578,0.3483288884162903,0.016332047060132027,BraTS20_Training_153,t1
0.07550407946109772,0.16196468472480774,1.0,0.003914902918040752,0.32125160098075867,0.015535414218902588,BraTS20_Training_153,t1ce
0.06414669752120972,0.14949660003185272,1.0,0.009619702585041523,0.4571132957935333,0.02417825534939766,BraTS20_Training_153,t2
0.07974325865507126,0.16970084607601166,1.0,0.005609665997326374,0.3261633813381195,0.018010925501585007,BraTS20_Training_153,flair
0.09470979124307632,0.2073860764503479,1.0,0.00570101710036397,0.4877431094646454,0.020795239135622978,BraTS20_Training_154,t1
0.07326963543891907,0.15231846272945404,1.0,0.0060371700674295425,0.365729421377182,0.019653650000691414,BraTS20_Training_154,t1ce
0.04545135796070099,0.09952901303768158,1.0,0.0067686159163713455,0.3562051057815552,0.021830158308148384,BraTS20_Training_154,t2
0.08566593378782272,0.18504245579242706,1.0,0.007674884982407093,0.4701556861400604,0.024926701560616493,BraTS20_Training_154,flair
0.08535972982645035,0.20215904712677002,1.0,0.005973407067358494,0.42921847105026245,0.02056785300374031,BraTS20_Training_155,t1
0.05384555086493492,0.11663569509983063,1.0,0.005568416323512793,0.2633758783340454,0.018019070848822594,BraTS20_Training_155,t1ce
0.04089827463030815,0.09493997693061829,1.0,0.006043736357241869,0.30014488101005554,0.02068159729242325,BraTS20_Training_155,t2
0.0716058686375618,0.1697547882795334,1.0,0.005360309034585953,0.36469367146492004,0.02028270997107029,BraTS20_Training_155,flair
0.08510071039199829,0.19424466788768768,1.0,0.005124467890709639,0.43310871720314026,0.019595567137002945,BraTS20_Training_156,t1
0.06046392768621445,0.12746106088161469,1.0,0.004756502341479063,0.2846108376979828,0.01721394993364811,BraTS20_Training_156,t1ce
0.04921402409672737,0.11412662267684937,1.0,0.006916407495737076,0.3493168354034424,0.02213732898235321,BraTS20_Training_156,t2
0.07879021763801575,0.1773650199174881,1.0,0.005958325229585171,0.40077027678489685,0.02168535254895687,BraTS20_Training_156,flair
0.08699960261583328,0.18755605816841125,1.0,0.0055304961279034615,0.40704792737960815,0.018259748816490173,BraTS20_Training_157,t1
0.07734239101409912,0.15845263004302979,1.0,0.004750384017825127,0.31575828790664673,0.016162849962711334,BraTS20_Training_157,t1ce
0.06420408934354782,0.14392387866973877,1.0,0.012884415686130524,0.48903006315231323,0.027109108865261078,BraTS20_Training_157,t2
0.0832957923412323,0.17088724672794342,1.0,0.007296793162822723,0.3569728434085846,0.020129425451159477,BraTS20_Training_157,flair
0.10042008012533188,0.2138604074716568,1.0,0.010621592402458191,0.3677958846092224,0.022172875702381134,BraTS20_Training_158,t1
0.06999911367893219,0.1398792862892151,1.0,0.007357084192335606,0.23159390687942505,0.01837664097547531,BraTS20_Training_158,t1ce
0.07185385376214981,0.1566462367773056,1.0,0.01749752275645733,0.442955881357193,0.028637344017624855,BraTS20_Training_158,t2
0.07178285717964172,0.1486089825630188,1.0,0.009375955909490585,0.365837424993515,0.023032255470752716,BraTS20_Training_158,flair
0.07077761739492416,0.15355780720710754,1.0,0.005757146514952183,0.27888166904449463,0.016775919124484062,BraTS20_Training_159,t1
0.07246115803718567,0.15484081208705902,1.0,0.010547016747295856,0.27933910489082336,0.02193746529519558,BraTS20_Training_159,t1ce
0.07080195099115372,0.1638801395893097,1.0,0.013863639906048775,0.44839000701904297,0.027018530294299126,BraTS20_Training_159,t2
0.07155320793390274,0.15882126986980438,1.0,0.010392713360488415,0.39223629236221313,0.02510903775691986,BraTS20_Training_159,flair
0.09108220785856247,0.19273245334625244,1.0,0.00871269591152668,0.3433600962162018,0.020210765302181244,BraTS20_Training_160,t1
0.06813880056142807,0.13506056368350983,1.0,0.007355695590376854,0.2297181785106659,0.01779595948755741,BraTS20_Training_160,t1ce
0.06676547229290009,0.1447683870792389,1.0,0.006933758035302162,0.3565748333930969,0.019634027034044266,BraTS20_Training_160,t2
0.06002148985862732,0.12275231629610062,1.0,0.004586393479257822,0.2679539620876312,0.016284916549921036,BraTS20_Training_160,flair
0.09206122159957886,0.19680257141590118,1.0,0.007421637885272503,0.3136835992336273,0.018814703449606895,BraTS20_Training_161,t1
0.0700337141752243,0.14475762844085693,1.0,0.012032963335514069,0.2895538806915283,0.022314541041851044,BraTS20_Training_161,t1ce
0.0712185725569725,0.1548682153224945,1.0,0.01191584300249815,0.40423041582107544,0.024540549144148827,BraTS20_Training_161,t2
0.07316487282514572,0.15385475754737854,1.0,0.00716896029189229,0.3021111786365509,0.019926369190216064,BraTS20_Training_161,flair
0.0667102038860321,0.142715185880661,1.0,0.006463186349719763,0.2752913236618042,0.01783124916255474,BraTS20_Training_162,t1
0.063706174492836,0.13340824842453003,1.0,0.008980938233435154,0.2583957016468048,0.020521288737654686,BraTS20_Training_162,t1ce
0.07329492270946503,0.16991211473941803,1.0,0.015171757899224758,0.47888413071632385,0.028695790097117424,BraTS20_Training_162,t2
0.06939934939146042,0.15453839302062988,1.0,0.00971390400081873,0.37674200534820557,0.024045441299676895,BraTS20_Training_162,flair
0.08010800182819366,0.16300715506076813,1.0,0.008977276273071766,0.3079507350921631,0.020317627117037773,BraTS20_Training_163,t1
0.07734711468219757,0.15546081960201263,1.0,0.012212258763611317,0.30767568945884705,0.023373764008283615,BraTS20_Training_163,t1ce
0.07071681320667267,0.15421341359615326,1.0,0.013055686838924885,0.4341186583042145,0.026001783087849617,BraTS20_Training_163,t2
0.0758339986205101,0.16012540459632874,1.0,0.011559774167835712,0.39985889196395874,0.025138266384601593,BraTS20_Training_163,flair
0.06924939900636673,0.1425306648015976,1.0,0.0061979168094694614,0.27489185333251953,0.01770891435444355,BraTS20_Training_164,t1
0.06941787898540497,0.14177753031253815,1.0,0.010447553358972073,0.30039361119270325,0.022856401279568672,BraTS20_Training_164,t1ce
0.07600453495979309,0.1683008372783661,1.0,0.014583452604711056,0.46023237705230713,0.027778049930930138,BraTS20_Training_164,t2
0.07493273913860321,0.15967439115047455,1.0,0.010249238461256027,0.39207661151885986,0.02454782836139202,BraTS20_Training_164,flair
0.07570618391036987,0.15836328268051147,1.0,0.010840898379683495,0.3160543739795685,0.022210558876395226,BraTS20_Training_165,t1
0.06999976933002472,0.14347043633460999,1.0,0.012036824598908424,0.2821178436279297,0.023190099745988846,BraTS20_Training_165,t1ce
0.07165565341711044,0.15876096487045288,1.0,0.01107113342732191,0.39622101187705994,0.024118686094880104,BraTS20_Training_165,t2
0.0766124427318573,0.16893240809440613,1.0,0.012085754424333572,0.41090360283851624,0.025903863832354546,BraTS20_Training_165,flair
0.0788840651512146,0.15840941667556763,1.0,0.007529997732490301,0.27899765968322754,0.018090732395648956,BraTS20_Training_166,t1
0.07928480952978134,0.15797586739063263,1.0,0.010542924515902996,0.28264120221138,0.02140200510621071,BraTS20_Training_166,t1ce
0.08318076282739639,0.1795552372932434,1.0,0.014630600810050964,0.4620315432548523,0.027298450469970703,BraTS20_Training_166,t2
0.08228670060634613,0.17386434972286224,1.0,0.010451219975948334,0.3969087302684784,0.023883402347564697,BraTS20_Training_166,flair
0.07941968739032745,0.1766795516014099,1.0,0.005859189201146364,0.28434041142463684,0.017035596072673798,BraTS20_Training_167,t1
0.07067922502756119,0.15207014977931976,1.0,0.00828145258128643,0.23463043570518494,0.019321385771036148,BraTS20_Training_167,t1ce
0.05903827026486397,0.13242767751216888,1.0,0.010476050898432732,0.3374614417552948,0.022802669554948807,BraTS20_Training_167,t2
0.07744073122739792,0.17479924857616425,1.0,0.01240590214729309,0.39150816202163696,0.026479875668883324,BraTS20_Training_167,flair
0.07406681030988693,0.15396225452423096,1.0,0.006670754868537188,0.32709115743637085,0.01835297793149948,BraTS20_Training_168,t1
0.07827676087617874,0.1585957556962967,1.0,0.011354848742485046,0.30628159642219543,0.022576631978154182,BraTS20_Training_168,t1ce
0.08037196099758148,0.17271952331066132,1.0,0.01011425070464611,0.4011688530445099,0.02315688319504261,BraTS20_Training_168,t2
0.09027084708213806,0.19293756783008575,1.0,0.013542162254452705,0.41964301466941833,0.02668343484401703,BraTS20_Training_168,flair
0.10429736226797104,0.22206929326057434,1.0,0.011964398436248302,0.5133001208305359,0.02534736506640911,BraTS20_Training_169,t1
0.08016179502010345,0.16169540584087372,1.0,0.013918545097112656,0.3574485778808594,0.025406332686543465,BraTS20_Training_169,t1ce
0.07845699787139893,0.16494320333003998,1.0,0.015588009729981422,0.4331583082675934,0.02715986967086792,BraTS20_Training_169,t2
0.08233832567930222,0.167655348777771,1.0,0.010910175740718842,0.36147961020469666,0.0236013475805521,BraTS20_Training_169,flair
0.08551014959812164,0.175151526927948,1.0,0.011718815192580223,0.3199446201324463,0.02227070741355419,BraTS20_Training_170,t1
0.07834158837795258,0.15737056732177734,1.0,0.013126564212143421,0.2956339716911316,0.023594042286276817,BraTS20_Training_170,t1ce
0.07210254669189453,0.15122303366661072,1.0,0.011480781249701977,0.363209992647171,0.023592673242092133,BraTS20_Training_170,t2
0.08024835586547852,0.16700859367847443,1.0,0.01297694444656372,0.38421013951301575,0.025344528257846832,BraTS20_Training_170,flair
0.074378602206707,0.1601671725511551,1.0,0.004008956719189882,0.23378853499889374,0.013881717808544636,BraTS20_Training_171,t1
0.06055447831749916,0.12697410583496094,1.0,0.008036243729293346,0.2413000613451004,0.019207164645195007,BraTS20_Training_171,t1ce
0.06890439242124557,0.15207654237747192,1.0,0.009066830389201641,0.32875189185142517,0.021437397226691246,BraTS20_Training_171,t2
0.07564475387334824,0.16343122720718384,1.0,0.005520125385373831,0.2643820643424988,0.01703423075377941,BraTS20_Training_171,flair
0.0931175947189331,0.19455476105213165,1.0,0.0077766296453773975,0.34910380840301514,0.019429566338658333,BraTS20_Training_172,t1
0.08798814564943314,0.17982476949691772,1.0,0.009520036168396473,0.3186720311641693,0.021169202402234077,BraTS20_Training_172,t1ce
0.07839297503232956,0.17111417651176453,1.0,0.01858646608889103,0.49397239089012146,0.030770666897296906,BraTS20_Training_172,t2
0.08130818605422974,0.17089423537254333,1.0,0.00819797720760107,0.3750223219394684,0.021575305610895157,BraTS20_Training_172,flair
0.0896233543753624,0.19450002908706665,1.0,0.008888425305485725,0.37436121702194214,0.021054541692137718,BraTS20_Training_173,t1
0.07724686712026596,0.1603602170944214,1.0,0.008552862331271172,0.26216256618499756,0.019687306135892868,BraTS20_Training_173,t1ce
0.06925477087497711,0.15019169449806213,1.0,0.009161565452814102,0.3820226788520813,0.022100817412137985,BraTS20_Training_173,t2
0.09226321429014206,0.20052576065063477,1.0,0.012212594971060753,0.3967644274234772,0.025343263521790504,BraTS20_Training_173,flair
0.0719587504863739,0.15803273022174835,1.0,0.007141108624637127,0.2882152199745178,0.018570607528090477,BraTS20_Training_174,t1
0.06826160103082657,0.1463230699300766,1.0,0.009027015417814255,0.2638251483440399,0.020548680797219276,BraTS20_Training_174,t1ce
0.0701553151011467,0.1633417308330536,1.0,0.012460955418646336,0.4292118549346924,0.02613106183707714,BraTS20_Training_174,t2
0.06656216084957123,0.1496366411447525,1.0,0.007837616838514805,0.33093196153640747,0.021403424441814423,BraTS20_Training_174,flair
0.08349533379077911,0.18056313693523407,1.0,0.005502216052263975,0.30458199977874756,0.016813555732369423,BraTS20_Training_175,t1
0.08378034830093384,0.18051275610923767,1.0,0.009510375559329987,0.34028491377830505,0.021884983405470848,BraTS20_Training_175,t1ce
0.06886988878250122,0.1518712043762207,1.0,0.007337377872318029,0.35306456685066223,0.020058834925293922,BraTS20_Training_175,t2
0.079431913793087,0.17482808232307434,1.0,0.008179226890206337,0.3681727349758148,0.022150807082653046,BraTS20_Training_175,flair
0.07722438871860504,0.17122086882591248,1.0,0.006082191597670317,0.3335607051849365,0.0181929599493742,BraTS20_Training_176,t1
0.06218893453478813,0.1302298754453659,1.0,0.012774906121194363,0.27792808413505554,0.0239175446331501,BraTS20_Training_176,t1ce
0.06804908066987991,0.14883023500442505,1.0,0.008408392779529095,0.33951711654663086,0.020822782069444656,BraTS20_Training_176,t2
0.08863772451877594,0.19591359794139862,1.0,0.008112678304314613,0.34903934597969055,0.02100212685763836,BraTS20_Training_176,flair
0.08258799463510513,0.16851338744163513,1.0,0.008188183419406414,0.3204904794692993,0.019779441878199577,BraTS20_Training_177,t1
0.07846295088529587,0.1557973176240921,1.0,0.011753715574741364,0.2872444987297058,0.023142307996749878,BraTS20_Training_177,t1ce
0.06880199909210205,0.14591839909553528,1.0,0.012075887061655521,0.43033307790756226,0.025346368551254272,BraTS20_Training_177,t2
0.08193539828062057,0.16987794637680054,1.0,0.013679008930921555,0.4461490511894226,0.028062425553798676,BraTS20_Training_177,flair
0.08707049489021301,0.1757155805826187,1.0,0.007671679835766554,0.32129281759262085,0.019087782129645348,BraTS20_Training_178,t1
0.08487852662801743,0.16838625073432922,1.0,0.011260091327130795,0.30554479360580444,0.02273409068584442,BraTS20_Training_178,t1ce
0.07483326643705368,0.15952742099761963,1.0,0.01448303833603859,0.46640679240226746,0.027463432401418686,BraTS20_Training_178,t2
0.07503589242696762,0.1534038931131363,1.0,0.008880280889570713,0.37840136885643005,0.022841041907668114,BraTS20_Training_178,flair
0.0550098642706871,0.11069121956825256,1.0,0.003956624772399664,0.19845089316368103,0.013359206728637218,BraTS20_Training_179,t1
0.046689409762620926,0.08977171778678894,1.0,0.004100058693438768,0.16585013270378113,0.013453980907797813,BraTS20_Training_179,t1ce
0.04703877493739128,0.09802073985338211,1.0,0.004482632502913475,0.25727373361587524,0.01581590063869953,BraTS20_Training_179,t2
0.03944383189082146,0.07666286081075668,1.0,0.0020392388105392456,0.16577424108982086,0.010743143036961555,BraTS20_Training_179,flair
0.08346207439899445,0.17663341760635376,1.0,0.01123687531799078,0.34049198031425476,0.02195403352379799,BraTS20_Training_180,t1
0.0749170109629631,0.15614581108093262,1.0,0.0115750627592206,0.3245387077331543,0.02259378880262375,BraTS20_Training_180,t1ce
0.08988640457391739,0.1982324719429016,1.0,0.016581416130065918,0.4841930568218231,0.02831568382680416,BraTS20_Training_180,t2
0.07738200575113297,0.17114675045013428,1.0,0.012525906786322594,0.4441167414188385,0.02651895582675934,BraTS20_Training_180,flair
0.08150724321603775,0.19749756157398224,1.0,0.014142205938696861,0.443671852350235,0.026837969198822975,BraTS20_Training_181,t1
0.06271704286336899,0.14665579795837402,1.0,0.011974308639764786,0.358854740858078,0.024535389617085457,BraTS20_Training_181,t1ce
0.05855617672204971,0.1385653018951416,1.0,0.012629330158233643,0.3662765324115753,0.02499273046851158,BraTS20_Training_181,t2
0.07903380692005157,0.18863654136657715,1.0,0.018539423123002052,0.4278981685638428,0.030247725546360016,BraTS20_Training_181,flair
0.08426261693239212,0.1861456036567688,1.0,0.00730906892567873,0.41888749599456787,0.02089765854179859,BraTS20_Training_182,t1
0.06256669759750366,0.1342822015285492,1.0,0.0074165137484669685,0.3656179904937744,0.020919203758239746,BraTS20_Training_182,t1ce
0.0600845105946064,0.12812389433383942,1.0,0.007444183807820082,0.3399432301521301,0.02049948461353779,BraTS20_Training_182,t2
0.0844447910785675,0.18133415281772614,1.0,0.008594082668423653,0.392091304063797,0.02310786582529545,BraTS20_Training_182,flair
0.06848367303609848,0.15102945268154144,1.0,0.006752392277121544,0.2619272470474243,0.01770574413239956,BraTS20_Training_183,t1
0.062414515763521194,0.1361759603023529,1.0,0.006791881751269102,0.24493353068828583,0.017624009400606155,BraTS20_Training_183,t1ce
0.06947832554578781,0.1613130122423172,1.0,0.011034519411623478,0.3725300133228302,0.023584214970469475,BraTS20_Training_183,t2
0.06729425489902496,0.15508273243904114,1.0,0.00913244392722845,0.3437749147415161,0.022415513172745705,BraTS20_Training_183,flair
0.07999350130558014,0.1767524629831314,1.0,0.010664542205631733,0.3957078158855438,0.023960920050740242,BraTS20_Training_184,t1
0.07416613399982452,0.1632319539785385,1.0,0.01304352842271328,0.40895357728004456,0.026691751554608345,BraTS20_Training_184,t1ce
0.06192408874630928,0.1345820426940918,1.0,0.009317749179899693,0.3413673937320709,0.022471783682703972,BraTS20_Training_184,t2
0.0746353343129158,0.1613745391368866,1.0,0.014368634670972824,0.3775129020214081,0.02742183953523636,BraTS20_Training_184,flair
0.08241935819387436,0.1708274930715561,1.0,0.009207511320710182,0.388558954000473,0.022284401580691338,BraTS20_Training_185,t1
0.0673840194940567,0.13637042045593262,1.0,0.00980246439576149,0.35603898763656616,0.022937946021556854,BraTS20_Training_185,t1ce
0.06676683574914932,0.13788481056690216,1.0,0.010974079370498657,0.3933715522289276,0.024256952106952667,BraTS20_Training_185,t2
0.07723914831876755,0.155745267868042,1.0,0.012599404901266098,0.37250250577926636,0.025867940858006477,BraTS20_Training_185,flair
0.08397894352674484,0.1837693750858307,1.0,0.007885253988206387,0.36396291851997375,0.020431827753782272,BraTS20_Training_186,t1
0.07381230592727661,0.15841592848300934,1.0,0.00895528681576252,0.32917430996894836,0.02119864523410797,BraTS20_Training_186,t1ce
0.07839494198560715,0.17659717798233032,1.0,0.016254890710115433,0.487712025642395,0.028791315853595734,BraTS20_Training_186,t2
0.07811692357063293,0.1775391697883606,1.0,0.01116239745169878,0.45813649892807007,0.026255443692207336,BraTS20_Training_186,flair
0.06949730217456818,0.15375979244709015,1.0,0.0056182085536420345,0.2657950222492218,0.016981203109025955,BraTS20_Training_187,t1
0.06643550097942352,0.14444370567798615,1.0,0.008719674311578274,0.2640298306941986,0.020339397713541985,BraTS20_Training_187,t1ce
0.06616043299436569,0.15338747203350067,1.0,0.00684564933180809,0.38095688819885254,0.021114055067300797,BraTS20_Training_187,t2
0.05422315374016762,0.11902718245983124,1.0,0.005193669348955154,0.28065842390060425,0.017994636669754982,BraTS20_Training_187,flair
0.08875007182359695,0.20935426652431488,1.0,0.013097026385366917,0.42342090606689453,0.02590353414416313,BraTS20_Training_188,t1
0.06515888124704361,0.14720195531845093,1.0,0.010679928585886955,0.32945162057876587,0.02313319593667984,BraTS20_Training_188,t1ce
0.05766333267092705,0.13092821836471558,1.0,0.012201708741486073,0.3340873718261719,0.024211406707763672,BraTS20_Training_188,t2
0.07529348880052567,0.17319880425930023,1.0,0.014446180313825607,0.3612652122974396,0.02678566798567772,BraTS20_Training_188,flair
0.08328928053379059,0.1655990481376648,1.0,0.0067534842528402805,0.3252086639404297,0.01864730939269066,BraTS20_Training_189,t1
0.07751493155956268,0.15211942791938782,1.0,0.00889640860259533,0.31286054849624634,0.02119418792426586,BraTS20_Training_189,t1ce
0.07756713777780533,0.1641152948141098,1.0,0.014685863628983498,0.48846617341041565,0.02785748988389969,BraTS20_Training_189,t2
0.07720155268907547,0.15862011909484863,1.0,0.014665717259049416,0.4642276465892792,0.028852595016360283,BraTS20_Training_189,flair
0.0686538964509964,0.14717260003089905,1.0,0.009515516459941864,0.3300000727176666,0.021616360172629356,BraTS20_Training_190,t1
0.06108839437365532,0.1265951693058014,1.0,0.010513532906770706,0.2959236800670624,0.022011922672390938,BraTS20_Training_190,t1ce
0.07071569561958313,0.16024598479270935,1.0,0.009487089700996876,0.4422984719276428,0.02460506744682789,BraTS20_Training_190,t2
0.06632757931947708,0.14474087953567505,1.0,0.012485802173614502,0.4053044617176056,0.026769481599330902,BraTS20_Training_190,flair
0.07458765804767609,0.16082558035850525,1.0,0.006152652204036713,0.27320438623428345,0.017456525936722755,BraTS20_Training_191,t1
0.06357575953006744,0.13476939499378204,1.0,0.007819944992661476,0.2617259621620178,0.01938478648662567,BraTS20_Training_191,t1ce
0.0679655373096466,0.15342645347118378,1.0,0.009481323882937431,0.40592753887176514,0.023318199440836906,BraTS20_Training_191,t2
0.0595022477209568,0.1283605694770813,1.0,0.006708093918859959,0.31749340891838074,0.019858185201883316,BraTS20_Training_191,flair
0.07622991502285004,0.16510440409183502,1.0,0.005434226710349321,0.2751438021659851,0.016524702310562134,BraTS20_Training_192,t1
0.06266152113676071,0.13077516853809357,1.0,0.00545095931738615,0.22507916390895844,0.016005706042051315,BraTS20_Training_192,t1ce
0.06290826946496964,0.14158707857131958,1.0,0.009775593876838684,0.35741621255874634,0.022069357335567474,BraTS20_Training_192,t2
0.05893104523420334,0.1293630599975586,1.0,0.005565006751567125,0.296938419342041,0.018274065107107162,BraTS20_Training_192,flair
0.03593797981739044,0.05516044422984123,1.0,0.0010647313902154565,0.1145436093211174,0.007337165530771017,BraTS20_Training_193,t1
0.034073200076818466,0.052177246659994125,1.0,0.0015514717670157552,0.12187647074460983,0.00874660350382328,BraTS20_Training_193,t1ce
0.09012778103351593,0.17591990530490875,1.0,0.007568958681076765,0.4769854247570038,0.022262362763285637,BraTS20_Training_193,t2
0.03692471608519554,0.06193889304995537,1.0,0.0015030370559543371,0.15658678114414215,0.009338007308542728,BraTS20_Training_193,flair
0.06872843950986862,0.1454586535692215,1.0,0.005797683261334896,0.24023151397705078,0.01585359312593937,BraTS20_Training_194,t1
0.06018822640180588,0.12502282857894897,1.0,0.007916046306490898,0.25929272174835205,0.01923982799053192,BraTS20_Training_194,t1ce
0.07619117945432663,0.16661690175533295,1.0,0.010109891183674335,0.31856393814086914,0.021380990743637085,BraTS20_Training_194,t2
0.06211782619357109,0.1321493238210678,1.0,0.008718782104551792,0.32783475518226624,0.02194509655237198,BraTS20_Training_194,flair
0.09587005525827408,0.21012844145298004,1.0,0.014387750066816807,0.5062990188598633,0.02779017575085163,BraTS20_Training_195,t1
0.07205633819103241,0.15259450674057007,1.0,0.012476574629545212,0.405794233083725,0.025432264432311058,BraTS20_Training_195,t1ce
0.07052482664585114,0.15492473542690277,1.0,0.01683596335351467,0.4628840982913971,0.028642835095524788,BraTS20_Training_195,t2
0.09034385532140732,0.19419485330581665,1.0,0.02015090361237526,0.4843430817127228,0.03257366269826889,BraTS20_Training_195,flair
0.07362958043813705,0.15863829851150513,1.0,0.004994479939341545,0.2776568531990051,0.015843961387872696,BraTS20_Training_196,t1
0.06252831220626831,0.1314830631017685,1.0,0.006773348897695541,0.2776332497596741,0.01878468133509159,BraTS20_Training_196,t1ce
0.07818132638931274,0.180030956864357,1.0,0.013534937053918839,0.46321389079093933,0.026726501062512398,BraTS20_Training_196,t2
0.069806307554245,0.15804268419742584,1.0,0.009611297398805618,0.3990725576877594,0.024146927520632744,BraTS20_Training_196,flair
0.07396846264600754,0.15627293288707733,1.0,0.007446625269949436,0.2608996331691742,0.018556492403149605,BraTS20_Training_197,t1
0.0611579455435276,0.12588684260845184,1.0,0.00729872053489089,0.2598865330219269,0.01898871175944805,BraTS20_Training_197,t1ce
0.07558899372816086,0.16541726887226105,1.0,0.010435830801725388,0.35535821318626404,0.02287917397916317,BraTS20_Training_197,t2
0.06533608585596085,0.14177806675434113,1.0,0.010882082395255566,0.36776918172836304,0.024753829464316368,BraTS20_Training_197,flair
0.09103146940469742,0.1927582174539566,1.0,0.007895717397332191,0.29691872000694275,0.019274327903985977,BraTS20_Training_198,t1
0.07790171355009079,0.16149161756038666,1.0,0.008903318084776402,0.30402442812919617,0.02124268002808094,BraTS20_Training_198,t1ce
0.06748782098293304,0.1435600072145462,1.0,0.008298644796013832,0.3259882628917694,0.020450420677661896,BraTS20_Training_198,t2
0.06785807013511658,0.144001305103302,1.0,0.010131214745342731,0.3723134398460388,0.024292998015880585,BraTS20_Training_198,flair
0.08386106789112091,0.17676891386508942,1.0,0.008601697161793709,0.3254930377006531,0.020600872114300728,BraTS20_Training_199,t1
0.06317614763975143,0.12716899812221527,1.0,0.00708647258579731,0.28266364336013794,0.019492657855153084,BraTS20_Training_199,t1ce
0.08379033952951431,0.18285565078258514,1.0,0.013154144398868084,0.46183666586875916,0.026543062180280685,BraTS20_Training_199,t2
0.07409559190273285,0.16028694808483124,1.0,0.011935580521821976,0.45130589604377747,0.027300136163830757,BraTS20_Training_199,flair
0.09800703823566437,0.2106197029352188,1.0,0.009190727956593037,0.355272114276886,0.02093837782740593,BraTS20_Training_200,t1
0.07680385559797287,0.15971407294273376,1.0,0.009187436662614346,0.31765633821487427,0.021350521594285965,BraTS20_Training_200,t1ce
0.07928276062011719,0.17694437503814697,1.0,0.019373374059796333,0.4851517677307129,0.030034249648451805,BraTS20_Training_200,t2
0.07565095275640488,0.1628321260213852,1.0,0.016785379499197006,0.47268250584602356,0.03106643445789814,BraTS20_Training_200,flair
0.09496865421533585,0.1930876523256302,1.0,0.008548798970878124,0.3424796164035797,0.02029372751712799,BraTS20_Training_201,t1
0.07533987611532211,0.14928823709487915,1.0,0.008125923573970795,0.31415268778800964,0.020578455179929733,BraTS20_Training_201,t1ce
0.08133555948734283,0.1722869873046875,1.0,0.013073409907519817,0.44001442193984985,0.025687655434012413,BraTS20_Training_201,t2
0.07991789281368256,0.16763466596603394,1.0,0.01293642446398735,0.4536806344985962,0.027614884078502655,BraTS20_Training_201,flair
0.09559941291809082,0.20345783233642578,1.0,0.01079737301915884,0.43501755595207214,0.02334495633840561,BraTS20_Training_202,t1
0.06533636897802353,0.1323990523815155,1.0,0.006602798122912645,0.3121698498725891,0.018531108275055885,BraTS20_Training_202,t1ce
0.06829065084457397,0.14311668276786804,1.0,0.009993367828428745,0.37852737307548523,0.02282855659723282,BraTS20_Training_202,t2
0.0924016684293747,0.1930566430091858,1.0,0.012102429755032063,0.4128534495830536,0.025473037734627724,BraTS20_Training_202,flair
0.08660382032394409,0.18049675226211548,1.0,0.010114895179867744,0.2999039590358734,0.02166532538831234,BraTS20_Training_203,t1
0.07142388075590134,0.14934955537319183,1.0,0.011546756140887737,0.34363803267478943,0.023903436958789825,BraTS20_Training_203,t1ce
0.06702413409948349,0.14225246012210846,1.0,0.012406443245708942,0.363559365272522,0.024580879136919975,BraTS20_Training_203,t2
0.0840117335319519,0.17908474802970886,1.0,0.014923801645636559,0.4025519788265228,0.027420837432146072,BraTS20_Training_203,flair
0.07960747182369232,0.16299580037593842,1.0,0.005899385083466768,0.30073830485343933,0.01761409267783165,BraTS20_Training_204,t1
0.06618750095367432,0.13137656450271606,1.0,0.006434182170778513,0.2834203243255615,0.01893172785639763,BraTS20_Training_204,t1ce
0.07530046999454498,0.15925975143909454,1.0,0.011372950859367847,0.4259762167930603,0.024669665843248367,BraTS20_Training_204,t2
0.05629145726561546,0.11055200546979904,1.0,0.005839287303388119,0.3019564747810364,0.01904222182929516,BraTS20_Training_204,flair
0.07273586839437485,0.15216799080371857,1.0,0.007424225565046072,0.36589357256889343,0.020282378420233727,BraTS20_Training_205,t1
0.06646031141281128,0.13675685226917267,1.0,0.010085348039865494,0.37651899456977844,0.023379769176244736,BraTS20_Training_205,t1ce
0.07036899030208588,0.14865154027938843,1.0,0.009658856317400932,0.40860268473625183,0.02359636500477791,BraTS20_Training_205,t2
0.08292189240455627,0.17584051191806793,1.0,0.015663567930459976,0.45169124007225037,0.02941794879734516,BraTS20_Training_205,flair
0.08105391263961792,0.2059989869594574,1.0,0.01484009250998497,0.4223061800003052,0.02710360288619995,BraTS20_Training_206,t1
0.05028928816318512,0.12015547603368759,1.0,0.00955443549901247,0.28740525245666504,0.021868905052542686,BraTS20_Training_206,t1ce
0.05166899785399437,0.12644118070602417,1.0,0.010415926575660706,0.3084685802459717,0.022458169609308243,BraTS20_Training_206,t2
0.06751697510480881,0.1637154519557953,1.0,0.015287782996892929,0.3405167758464813,0.027303725481033325,BraTS20_Training_206,flair
0.09462130814790726,0.1913052350282669,1.0,0.007542897947132587,0.3665071725845337,0.019541116431355476,BraTS20_Training_207,t1
0.08407553285360336,0.16520261764526367,1.0,0.008805019780993462,0.3223169445991516,0.020648280158638954,BraTS20_Training_207,t1ce
0.07917892187833786,0.16016782820224762,1.0,0.00893472321331501,0.394731730222702,0.02113647572696209,BraTS20_Training_207,t2
0.05950336158275604,0.11430764198303223,1.0,0.004865332506597042,0.29898926615715027,0.016939153894782066,BraTS20_Training_207,flair
0.08460770547389984,0.17955030500888824,1.0,0.008769270963966846,0.3578004240989685,0.021050939336419106,BraTS20_Training_208,t1
0.07979340851306915,0.16825510561466217,1.0,0.010773207060992718,0.3478527069091797,0.022859759628772736,BraTS20_Training_208,t1ce
0.06903880089521408,0.15076270699501038,1.0,0.0109029496088624,0.40507569909095764,0.02409200742840767,BraTS20_Training_208,t2
0.09057264029979706,0.1945907473564148,1.0,0.010845830664038658,0.39106062054634094,0.023848267272114754,BraTS20_Training_208,flair
0.10340005904436111,0.22209490835666656,1.0,0.008087078109383583,0.34609225392341614,0.02007996290922165,BraTS20_Training_209,t1
0.06170480325818062,0.1268118917942047,1.0,0.0046919723972678185,0.2722903788089752,0.016242340207099915,BraTS20_Training_209,t1ce
0.06730110198259354,0.14533711969852448,1.0,0.009231677278876305,0.3711977005004883,0.02184966392815113,BraTS20_Training_209,t2
0.09442528337240219,0.20462243258953094,1.0,0.010694407857954502,0.4209039807319641,0.02555394545197487,BraTS20_Training_209,flair
0.08538316935300827,0.18178744614124298,1.0,0.008101772516965866,0.32194098830223083,0.019115444272756577,BraTS20_Training_210,t1
0.07302992790937424,0.15290625393390656,1.0,0.009868007153272629,0.31993404030799866,0.021437253803014755,BraTS20_Training_210,t1ce
0.07655803114175797,0.1669933795928955,1.0,0.009272295981645584,0.37221184372901917,0.021374670788645744,BraTS20_Training_210,t2
0.07105009257793427,0.15670086443424225,1.0,0.008510392159223557,0.38681912422180176,0.02187460847198963,BraTS20_Training_210,flair
0.09210342913866043,0.20459917187690735,1.0,0.013291249983012676,0.5101796984672546,0.027457011863589287,BraTS20_Training_211,t1
0.07837141305208206,0.16857337951660156,1.0,0.014387914910912514,0.4463314116001129,0.028030237182974815,BraTS20_Training_211,t1ce
0.06510250270366669,0.14142738282680511,1.0,0.012750070542097092,0.41939234733581543,0.026254357770085335,BraTS20_Training_211,t2
0.0903584361076355,0.1947188824415207,1.0,0.024395126849412918,0.5029731392860413,0.03580496460199356,BraTS20_Training_211,flair
0.08827205747365952,0.18792738020420074,1.0,0.007967839948832989,0.3966069221496582,0.02039881981909275,BraTS20_Training_212,t1
0.05800818279385567,0.11322237551212311,1.0,0.004170340485870838,0.24306420981884003,0.01499621756374836,BraTS20_Training_212,t1ce
0.066512830555439,0.13739395141601562,1.0,0.005854666233062744,0.32533392310142517,0.017929280176758766,BraTS20_Training_212,t2
0.08802278339862823,0.18495219945907593,1.0,0.008601329289376736,0.3771872818470001,0.022378314286470413,BraTS20_Training_212,flair
0.09165628999471664,0.20315709710121155,1.0,0.00923501793295145,0.4516926109790802,0.02235201932489872,BraTS20_Training_213,t1
0.06907806545495987,0.14390642940998077,1.0,0.006762833334505558,0.3005134165287018,0.01817469671368599,BraTS20_Training_213,t1ce
0.06440306454896927,0.1400388777256012,1.0,0.010017783381044865,0.3908296823501587,0.02286079153418541,BraTS20_Training_213,t2
0.09300936013460159,0.20178784430027008,1.0,0.013675366528332233,0.44394102692604065,0.027710411697626114,BraTS20_Training_213,flair
0.05993650481104851,0.13263103365898132,1.0,0.003814186668023467,0.20562753081321716,0.013899808749556541,BraTS20_Training_214,t1
0.04419104382395744,0.09308573603630066,1.0,0.005367293022572994,0.1972924917936325,0.01649794541299343,BraTS20_Training_214,t1ce
0.0556354783475399,0.13229215145111084,1.0,0.011536871083080769,0.37250545620918274,0.02485719695687294,BraTS20_Training_214,t2
0.06549141556024551,0.1526602804660797,1.0,0.006492663640528917,0.3043680787086487,0.018955128267407417,BraTS20_Training_214,flair
0.06500183045864105,0.1447567194700241,1.0,0.004183105658739805,0.22991105914115906,0.014676173217594624,BraTS20_Training_215,t1
0.05602790042757988,0.12226161360740662,1.0,0.006009016185998917,0.25273624062538147,0.01745186559855938,BraTS20_Training_215,t1ce
0.05545205995440483,0.13025495409965515,1.0,0.012027307413518429,0.38918837904930115,0.025409460067749023,BraTS20_Training_215,t2
0.06079130992293358,0.1376541554927826,1.0,0.006535685155540705,0.2898055613040924,0.018960420042276382,BraTS20_Training_215,flair
0.062300171703100204,0.1427745670080185,1.0,0.004161627497524023,0.22910957038402557,0.01468958891928196,BraTS20_Training_216,t1
0.046974506229162216,0.10252036154270172,1.0,0.006433593574911356,0.22495266795158386,0.018104014918208122,BraTS20_Training_216,t1ce
0.05942536145448685,0.14683383703231812,1.0,0.014905843883752823,0.4352228045463562,0.028967710211873055,BraTS20_Training_216,t2
0.04869017004966736,0.10950148105621338,1.0,0.0036657676100730896,0.21362707018852234,0.014313598163425922,BraTS20_Training_216,flair
0.07033433020114899,0.14456182718276978,1.0,0.004792515188455582,0.2675870358943939,0.015362140722572803,BraTS20_Training_217,t1
0.06716316193342209,0.14080975949764252,1.0,0.008694321848452091,0.34650588035583496,0.02212117239832878,BraTS20_Training_217,t1ce
0.07278502732515335,0.17034755647182465,1.0,0.01965261436998844,0.5605046153068542,0.033057376742362976,BraTS20_Training_217,t2
0.07000463455915451,0.14939916133880615,1.0,0.008255797438323498,0.3608132600784302,0.021874334663152695,BraTS20_Training_217,flair
0.0673147663474083,0.13987495005130768,1.0,0.004557490814477205,0.260824054479599,0.015368073247373104,BraTS20_Training_218,t1
0.06645025312900543,0.14098894596099854,1.0,0.011200180277228355,0.35193246603012085,0.024541394785046577,BraTS20_Training_218,t1ce
0.06725170463323593,0.15464487671852112,1.0,0.01723286509513855,0.526796281337738,0.030958272516727448,BraTS20_Training_218,t2
0.06199466437101364,0.13442203402519226,1.0,0.0057945880107581615,0.3077393174171448,0.018637213855981827,BraTS20_Training_218,flair
0.07303188741207123,0.1533130407333374,1.0,0.005828916095197201,0.26928988099098206,0.01668982021510601,BraTS20_Training_219,t1
0.055784717202186584,0.1144302636384964,1.0,0.008311535231769085,0.29092535376548767,0.02107211761176586,BraTS20_Training_219,t1ce
0.06549225747585297,0.14644059538841248,1.0,0.012693327851593494,0.44560056924819946,0.026736916974186897,BraTS20_Training_219,t2
0.0672718733549118,0.1434510499238968,1.0,0.00756762083619833,0.3203781843185425,0.020776258781552315,BraTS20_Training_219,flair
0.10581333935260773,0.2203211933374405,1.0,0.01112248282879591,0.43328404426574707,0.023306570947170258,BraTS20_Training_220,t1
0.07339198142290115,0.1458689272403717,1.0,0.009126857854425907,0.34980082511901855,0.021724704653024673,BraTS20_Training_220,t1ce
0.06147589161992073,0.1330455243587494,1.0,0.012725407257676125,0.4568232595920563,0.026917994022369385,BraTS20_Training_220,t2
0.07986785471439362,0.1652519404888153,1.0,0.009708628058433533,0.38706374168395996,0.023035163059830666,BraTS20_Training_220,flair
0.06732891499996185,0.1295960247516632,1.0,0.003910229075700045,0.23093676567077637,0.013886721804738045,BraTS20_Training_221,t1
0.06199055537581444,0.12089377641677856,1.0,0.008941076695919037,0.30771714448928833,0.02146197110414505,BraTS20_Training_221,t1ce
0.07258487492799759,0.15862907469272614,1.0,0.01357074361294508,0.46833550930023193,0.027326323091983795,BraTS20_Training_221,t2
0.08673564344644547,0.1793963462114334,1.0,0.010735593736171722,0.40750694274902344,0.023777011781930923,BraTS20_Training_221,flair
0.06286831945180893,0.12628713250160217,1.0,0.004831131547689438,0.2395632266998291,0.016254788264632225,BraTS20_Training_222,t1
0.07733070850372314,0.1613956093788147,1.0,0.012059362605214119,0.3576558828353882,0.02524556778371334,BraTS20_Training_222,t1ce
0.05799466744065285,0.12420009076595306,1.0,0.0112153934314847,0.41999512910842896,0.025946903973817825,BraTS20_Training_222,t2
0.06380486488342285,0.13178399205207825,1.0,0.007614610251039267,0.3156818151473999,0.020881306380033493,BraTS20_Training_222,flair
0.0604512058198452,0.11599000543355942,1.0,0.0030566100031137466,0.20813190937042236,0.012587613426148891,BraTS20_Training_223,t1
0.05568556860089302,0.10785515606403351,1.0,0.008063928224146366,0.2653716206550598,0.020224612206220627,BraTS20_Training_223,t1ce
0.06352253258228302,0.13592523336410522,1.0,0.011303350329399109,0.4318723678588867,0.025137385353446007,BraTS20_Training_223,t2
0.07819827646017075,0.16418802738189697,1.0,0.008426090702414513,0.3739105761051178,0.021927328780293465,BraTS20_Training_223,flair
0.07078653573989868,0.14354251325130463,1.0,0.004268398974090815,0.23727206885814667,0.014482874423265457,BraTS20_Training_224,t1
0.07789967209100723,0.1640702188014984,1.0,0.01222609169781208,0.39223089814186096,0.025147251784801483,BraTS20_Training_224,t1ce
0.06626230478286743,0.1482803225517273,1.0,0.012593906372785568,0.4465477764606476,0.026425480842590332,BraTS20_Training_224,t2
0.05703097581863403,0.12057578563690186,1.0,0.004184536635875702,0.25812891125679016,0.015392409637570381,BraTS20_Training_224,flair
0.07494621723890305,0.15480999648571014,1.0,0.006185112986713648,0.28227680921554565,0.01755927875638008,BraTS20_Training_225,t1
0.06992678344249725,0.14564062654972076,1.0,0.01186605729162693,0.33989012241363525,0.02424733154475689,BraTS20_Training_225,t1ce
0.07087454944849014,0.1578444093465805,1.0,0.012589043006300926,0.45664745569229126,0.026492159813642502,BraTS20_Training_225,t2
0.05984928086400032,0.12715892493724823,1.0,0.004535657819360495,0.2709127962589264,0.01573394611477852,BraTS20_Training_225,flair
0.10601165890693665,0.22976180911064148,1.0,0.013809654861688614,0.3619789779186249,0.024421846494078636,BraTS20_Training_226,t1
0.09163516759872437,0.193993479013443,1.0,0.013252356089651585,0.307775616645813,0.023630494251847267,BraTS20_Training_226,t1ce
0.05256662890315056,0.11213289946317673,1.0,0.008550022728741169,0.2858216166496277,0.019938109442591667,BraTS20_Training_226,t2
0.08007130771875381,0.17088894546031952,1.0,0.013283312320709229,0.37498533725738525,0.025461165234446526,BraTS20_Training_226,flair
0.07171964645385742,0.1504734456539154,1.0,0.007288377266377211,0.2828117311000824,0.019471051171422005,BraTS20_Training_227,t1
0.0734134092926979,0.14989829063415527,1.0,0.008986959233880043,0.2794952094554901,0.020433373749256134,BraTS20_Training_227,t1ce
0.06822803616523743,0.14900261163711548,1.0,0.01661759614944458,0.4451833665370941,0.02883291058242321,BraTS20_Training_227,t2
0.0692565068602562,0.14420948922634125,1.0,0.012803514488041401,0.3847898840904236,0.026625879108905792,BraTS20_Training_227,flair
0.07957717031240463,0.1752740889787674,1.0,0.006367245689034462,0.3054047226905823,0.01808100938796997,BraTS20_Training_228,t1
0.06424831598997116,0.13438144326210022,1.0,0.00591769115999341,0.23427510261535645,0.01714795082807541,BraTS20_Training_228,t1ce
0.0703829973936081,0.1603495329618454,1.0,0.01598503813147545,0.4287976920604706,0.028268354013562202,BraTS20_Training_228,t2
0.09252005070447922,0.20783716440200806,1.0,0.008634931407868862,0.40807032585144043,0.02297326736152172,BraTS20_Training_228,flair
0.08237115293741226,0.17346858978271484,1.0,0.007005004677921534,0.2945568561553955,0.018372902646660805,BraTS20_Training_229,t1
0.07587220519781113,0.15676787495613098,1.0,0.010030179284512997,0.30113327503204346,0.02208022214472294,BraTS20_Training_229,t1ce
0.0746220126748085,0.16394813358783722,1.0,0.018390007317066193,0.44224315881729126,0.02973558008670807,BraTS20_Training_229,t2
0.07753919064998627,0.1660812348127365,1.0,0.009461892768740654,0.38857442140579224,0.023842548951506615,BraTS20_Training_229,flair
0.08298435062170029,0.20191259682178497,1.0,0.0077583156526088715,0.4407598376274109,0.022175230085849762,BraTS20_Training_230,t1
0.06292029470205307,0.144846111536026,1.0,0.007280710153281689,0.30670231580734253,0.01984119415283203,BraTS20_Training_230,t1ce
0.06599872559309006,0.1605188250541687,1.0,0.013746146112680435,0.4043552577495575,0.026546305045485497,BraTS20_Training_230,t2
0.07963366061449051,0.19096550345420837,1.0,0.008516700938344002,0.3791050314903259,0.02253788523375988,BraTS20_Training_230,flair
0.0760544091463089,0.16883732378482819,1.0,0.0070116110146045685,0.27775436639785767,0.018086986616253853,BraTS20_Training_231,t1
0.06527600437402725,0.13936088979244232,1.0,0.007703237701207399,0.23560847342014313,0.018581919372081757,BraTS20_Training_231,t1ce
0.06662590056657791,0.1572050303220749,1.0,0.015362989157438278,0.40076032280921936,0.026674039661884308,BraTS20_Training_231,t2
0.08603647351264954,0.1978531926870346,1.0,0.007995078340172768,0.33964329957962036,0.020548619329929352,BraTS20_Training_231,flair
0.10965663194656372,0.22989676892757416,1.0,0.012740734033286572,0.38570013642311096,0.023745890706777573,BraTS20_Training_232,t1
0.06823769956827164,0.1334076076745987,1.0,0.007368503604084253,0.2277355045080185,0.018179219216108322,BraTS20_Training_232,t1ce
0.06747846305370331,0.14734072983264923,1.0,0.012451466172933578,0.40064629912376404,0.024613581597805023,BraTS20_Training_232,t2
0.07115887105464935,0.14505982398986816,1.0,0.007114225998520851,0.3127455711364746,0.018977761268615723,BraTS20_Training_232,flair
0.1055077463388443,0.22562053799629211,1.0,0.013404063880443573,0.37164735794067383,0.024846773594617844,BraTS20_Training_233,t1
0.08264976739883423,0.17065925896167755,1.0,0.009467157535254955,0.2706003487110138,0.02071499079465866,BraTS20_Training_233,t1ce
0.06008514016866684,0.13087832927703857,1.0,0.0142974853515625,0.38609856367111206,0.026168150827288628,BraTS20_Training_233,t2
0.09195271879434586,0.19723352789878845,1.0,0.016823649406433105,0.45633840560913086,0.02977028302848339,BraTS20_Training_233,flair
0.07974550127983093,0.1618937999010086,1.0,0.006091175135225058,0.31711316108703613,0.017216378822922707,BraTS20_Training_234,t1
0.08569952100515366,0.17050893604755402,1.0,0.010316099040210247,0.30934858322143555,0.021464526653289795,BraTS20_Training_234,t1ce
0.08193742483854294,0.1791682243347168,1.0,0.008526049554347992,0.3824536204338074,0.02065706066787243,BraTS20_Training_234,t2
0.09046707302331924,0.18915966153144836,1.0,0.013703587464988232,0.47399866580963135,0.026777638122439384,BraTS20_Training_234,flair
0.07904095947742462,0.15875780582427979,1.0,0.010563593357801437,0.32145124673843384,0.022702407091856003,BraTS20_Training_235,t1
0.07138883322477341,0.14136748015880585,1.0,0.009589308872818947,0.2903614640235901,0.02148985117673874,BraTS20_Training_235,t1ce
0.07040087878704071,0.15422558784484863,1.0,0.010730181820690632,0.39312228560447693,0.023739255964756012,BraTS20_Training_235,t2
0.08048189431428909,0.1688651591539383,1.0,0.012367172166705132,0.42231783270835876,0.026308614760637283,BraTS20_Training_235,flair
0.07757362723350525,0.15507720410823822,1.0,0.005714176222681999,0.2772020101547241,0.016596905887126923,BraTS20_Training_236,t1
0.06190919131040573,0.1186516210436821,1.0,0.005379877518862486,0.2235952764749527,0.01611689291894436,BraTS20_Training_236,t1ce
0.09570090472698212,0.20075315237045288,1.0,0.011831648647785187,0.3960913121700287,0.02358587644994259,BraTS20_Training_236,t2
0.08064477145671844,0.16381509602069855,1.0,0.007168347015976906,0.3116031587123871,0.018978843465447426,BraTS20_Training_236,flair
0.08487799763679504,0.1870395392179489,1.0,0.007910125888884068,0.2965703308582306,0.01904658041894436,BraTS20_Training_237,t1
0.05964801833033562,0.12488614022731781,1.0,0.006113092880696058,0.2296442836523056,0.016881393268704414,BraTS20_Training_237,t1ce
0.06235130503773689,0.14287886023521423,1.0,0.007256645243614912,0.3232709765434265,0.019501017406582832,BraTS20_Training_237,t2
0.0823785737156868,0.1856190711259842,1.0,0.0080007528886199,0.37288564443588257,0.02213493548333645,BraTS20_Training_237,flair
0.10082144290208817,0.20766068994998932,1.0,0.009360929019749165,0.33388593792915344,0.02068892866373062,BraTS20_Training_238,t1
0.08046763390302658,0.1596255749464035,1.0,0.009846598841249943,0.2584671676158905,0.02069525048136711,BraTS20_Training_238,t1ce
0.07323235273361206,0.15807095170021057,1.0,0.007954784668982029,0.3491646945476532,0.02009938471019268,BraTS20_Training_238,t2
0.07274390012025833,0.15139517188072205,1.0,0.004820238333195448,0.27574771642684937,0.016098687425255775,BraTS20_Training_238,flair
0.08894677460193634,0.20215293765068054,1.0,0.009709283709526062,0.4680759906768799,0.024308860301971436,BraTS20_Training_239,t1
0.07311204075813293,0.15845772624015808,1.0,0.013355781324207783,0.3716343939304352,0.025693241506814957,BraTS20_Training_239,t1ce
0.06624886393547058,0.14754624664783478,1.0,0.008963258937001228,0.3990267217159271,0.02355922758579254,BraTS20_Training_239,t2
0.06933373212814331,0.15212319791316986,1.0,0.007568059954792261,0.3679996430873871,0.02174302563071251,BraTS20_Training_239,flair
0.0834423303604126,0.1727854162454605,1.0,0.00536412512883544,0.29266679286956787,0.016343098133802414,BraTS20_Training_240,t1
0.07014688849449158,0.14140591025352478,1.0,0.010078014805912971,0.32743993401527405,0.02238408289849758,BraTS20_Training_240,t1ce
0.07690604776144028,0.16731217503547668,1.0,0.010347421281039715,0.4302276074886322,0.023978499695658684,BraTS20_Training_240,t2
0.08461905270814896,0.1791611760854721,1.0,0.0077163646928966045,0.4040333926677704,0.022075805813074112,BraTS20_Training_240,flair
0.0915297344326973,0.18611444532871246,1.0,0.011382896453142166,0.35210058093070984,0.022655941545963287,BraTS20_Training_241,t1
0.0805155411362648,0.15809789299964905,1.0,0.011221197433769703,0.2803618907928467,0.02175685577094555,BraTS20_Training_241,t1ce
0.08199872076511383,0.1717945635318756,1.0,0.011525768786668777,0.4235646426677704,0.02486872300505638,BraTS20_Training_241,t2
0.09223081916570663,0.19265151023864746,1.0,0.01244053803384304,0.4245900511741638,0.02541685849428177,BraTS20_Training_241,flair
0.08707520365715027,0.18971896171569824,1.0,0.011404783464968204,0.43160974979400635,0.023847436532378197,BraTS20_Training_242,t1
0.06228067725896835,0.12548057734966278,1.0,0.005956737790256739,0.24192014336585999,0.017442528158426285,BraTS20_Training_242,t1ce
0.07344701141119003,0.16758838295936584,1.0,0.018495749682188034,0.5280358195304871,0.032018329948186874,BraTS20_Training_242,t2
0.07532794028520584,0.16296394169330597,1.0,0.007765913847833872,0.37137624621391296,0.02159384824335575,BraTS20_Training_242,flair
0.10129848122596741,0.22052012383937836,1.0,0.010805089958012104,0.5035380721092224,0.024881482124328613,BraTS20_Training_243,t1
0.0605844110250473,0.12066735327243805,1.0,0.006157870404422283,0.26167038083076477,0.01779446005821228,BraTS20_Training_243,t1ce
0.06857100129127502,0.15341272950172424,1.0,0.013647149316966534,0.4844839870929718,0.027663465589284897,BraTS20_Training_243,t2
0.061557333916425705,0.12470743060112,1.0,0.004861426539719105,0.2705288529396057,0.016370322555303574,BraTS20_Training_243,flair
0.07769138365983963,0.16281147301197052,1.0,0.005494916345924139,0.3351670503616333,0.017297865822911263,BraTS20_Training_244,t1
0.06727249175310135,0.13665466010570526,1.0,0.008025958202779293,0.29093819856643677,0.019484980031847954,BraTS20_Training_244,t1ce
0.06392400711774826,0.141977921128273,1.0,0.010882623493671417,0.41275203227996826,0.024157073348760605,BraTS20_Training_244,t2
0.06481076031923294,0.13303638994693756,1.0,0.006516684778034687,0.29306092858314514,0.018256641924381256,BraTS20_Training_244,flair
0.09462602436542511,0.213388592004776,1.0,0.01232060045003891,0.44344350695610046,0.02486463077366352,BraTS20_Training_245,t1
0.06790637969970703,0.14137089252471924,1.0,0.006038587540388107,0.21673621237277985,0.016651416197419167,BraTS20_Training_245,t1ce
0.05468735098838806,0.1246151477098465,1.0,0.0073759546503424644,0.32704582810401917,0.019799567759037018,BraTS20_Training_245,t2
0.05000032112002373,0.10534650832414627,1.0,0.003098731394857168,0.20594272017478943,0.013116946443915367,BraTS20_Training_245,flair
0.06665199249982834,0.14794576168060303,1.0,0.004966458305716515,0.22631588578224182,0.015252621844410896,BraTS20_Training_246,t1
0.06696715205907822,0.1521054059267044,1.0,0.00582831772044301,0.21284903585910797,0.016583241522312164,BraTS20_Training_246,t1ce
0.06942421197891235,0.1564655750989914,1.0,0.01007116585969925,0.29501616954803467,0.022047894075512886,BraTS20_Training_246,t2
0.06985588371753693,0.15693673491477966,1.0,0.008160113357007504,0.2993623912334442,0.02109825238585472,BraTS20_Training_246,flair
0.07430536299943924,0.1592361032962799,1.0,0.00641029654070735,0.26693180203437805,0.01719050109386444,BraTS20_Training_247,t1
0.07588361948728561,0.16259106993675232,1.0,0.011165564879775047,0.30000126361846924,0.02291608229279518,BraTS20_Training_247,t1ce
0.06759646534919739,0.1554413139820099,1.0,0.011985782533884048,0.3802335858345032,0.0246132705360651,BraTS20_Training_247,t2
0.07402041554450989,0.16316714882850647,1.0,0.007162909954786301,0.3214922845363617,0.019520550966262817,BraTS20_Training_247,flair
0.06982070952653885,0.14652837812900543,1.0,0.004886636510491371,0.21412864327430725,0.01501128263771534,BraTS20_Training_248,t1
0.06409236788749695,0.13275118172168732,1.0,0.0056137023493647575,0.21251100301742554,0.016400327906012535,BraTS20_Training_248,t1ce
0.060222115367650986,0.13301749527454376,1.0,0.00841489713639021,0.30983516573905945,0.020398281514644623,BraTS20_Training_248,t2
0.07156337052583694,0.15480490028858185,1.0,0.006542986258864403,0.28607654571533203,0.018197983503341675,BraTS20_Training_248,flair
0.08046898245811462,0.16501419246196747,1.0,0.005854174494743347,0.2816300392150879,0.016573620960116386,BraTS20_Training_249,t1
0.06835196912288666,0.13638412952423096,1.0,0.005268882494419813,0.24295379221439362,0.015841176733374596,BraTS20_Training_249,t1ce
0.07308759540319443,0.1496463119983673,1.0,0.00903571117669344,0.32451072335243225,0.02091572806239128,BraTS20_Training_249,t2
0.07332386076450348,0.15028028190135956,1.0,0.007562916725873947,0.3506263196468353,0.02093672752380371,BraTS20_Training_249,flair
0.08434674888849258,0.17185375094413757,1.0,0.008522160351276398,0.328011691570282,0.020685184746980667,BraTS20_Training_250,t1
0.07181373238563538,0.14596836268901825,1.0,0.01004271861165762,0.34359443187713623,0.022390013560652733,BraTS20_Training_250,t1ce
0.09357183426618576,0.19495587050914764,1.0,0.014971152879297733,0.44692304730415344,0.027529912069439888,BraTS20_Training_250,t2
0.0918431356549263,0.19450627267360687,1.0,0.013727650977671146,0.49931323528289795,0.028795793652534485,BraTS20_Training_250,flair
0.07722234725952148,0.16204285621643066,1.0,0.00665047112852335,0.2653760015964508,0.017491426318883896,BraTS20_Training_251,t1
0.07084779441356659,0.14561785757541656,1.0,0.005433561280369759,0.2258843034505844,0.015974249690771103,BraTS20_Training_251,t1ce
0.06909609586000443,0.1520528942346573,1.0,0.011800440028309822,0.3872593343257904,0.02430133707821369,BraTS20_Training_251,t2
0.07662993669509888,0.16238467395305634,1.0,0.0087894257158041,0.3304143249988556,0.021488556638360023,BraTS20_Training_251,flair
0.08241118490695953,0.16061341762542725,1.0,0.006470145657658577,0.30400902032852173,0.017477331683039665,BraTS20_Training_252,t1
0.07413902133703232,0.14421570301055908,1.0,0.0111337099224329,0.3761216700077057,0.02371129021048546,BraTS20_Training_252,t1ce
0.09372616559267044,0.19037465751171112,1.0,0.011029237881302834,0.41423702239990234,0.02393268421292305,BraTS20_Training_252,t2
0.09497448801994324,0.19038927555084229,1.0,0.013661165721714497,0.44369256496429443,0.02712305821478367,BraTS20_Training_252,flair
0.08101488649845123,0.1742585450410843,1.0,0.005766610149294138,0.31720805168151855,0.017130715772509575,BraTS20_Training_253,t1
0.06879650801420212,0.14218255877494812,1.0,0.005746209062635899,0.2543793320655823,0.016777262091636658,BraTS20_Training_253,t1ce
0.06559178978204727,0.150004044175148,1.0,0.01208044495433569,0.4285869598388672,0.02489488199353218,BraTS20_Training_253,t2
0.08072368800640106,0.17562848329544067,1.0,0.009377983398735523,0.42849138379096985,0.024555232375860214,BraTS20_Training_253,flair
0.0673622339963913,0.13553379476070404,1.0,0.004066358786076307,0.23121775686740875,0.013959099538624287,BraTS20_Training_254,t1
0.06883744150400162,0.13884468376636505,1.0,0.006561663467437029,0.2558736503124237,0.018108269199728966,BraTS20_Training_254,t1ce
0.0741979107260704,0.16428063809871674,1.0,0.013529463671147823,0.4427119493484497,0.0268537774682045,BraTS20_Training_254,t2
0.07005584985017776,0.1457388550043106,1.0,0.004819107707589865,0.2829720377922058,0.0162147618830204,BraTS20_Training_254,flair
0.07074698060750961,0.14558292925357819,1.0,0.006191978231072426,0.2695121765136719,0.016865374520421028,BraTS20_Training_255,t1
0.07487007975578308,0.15540610253810883,1.0,0.008091014809906483,0.2890182435512543,0.01989264227449894,BraTS20_Training_255,t1ce
0.07707416266202927,0.17264749109745026,1.0,0.019970914348959923,0.4716796576976776,0.030813109129667282,BraTS20_Training_255,t2
0.08407039195299149,0.18092723190784454,1.0,0.011325813829898834,0.3873491883277893,0.02410239167511463,BraTS20_Training_255,flair
0.07407308369874954,0.14731252193450928,1.0,0.0048466878943145275,0.24206821620464325,0.015203137882053852,BraTS20_Training_256,t1
0.05991028994321823,0.11564629524946213,1.0,0.004350597970187664,0.20635242760181427,0.014360908418893814,BraTS20_Training_256,t1ce
0.0678291991353035,0.1408148854970932,1.0,0.008320207707583904,0.330809086561203,0.020104875788092613,BraTS20_Training_256,t2
0.07688840478658676,0.1568656712770462,1.0,0.007051617372781038,0.3215773403644562,0.019342944025993347,BraTS20_Training_256,flair
0.08692868798971176,0.17399151623249054,1.0,0.007737187203019857,0.3175455927848816,0.018876997753977776,BraTS20_Training_257,t1
0.07598643749952316,0.14626005291938782,1.0,0.008021274581551552,0.2719873785972595,0.01976053975522518,BraTS20_Training_257,t1ce
0.07744254171848297,0.16361837089061737,1.0,0.01785030961036682,0.45998263359069824,0.0291189756244421,BraTS20_Training_257,t2
0.08438216894865036,0.17047765851020813,1.0,0.009289192035794258,0.3602295517921448,0.02176440879702568,BraTS20_Training_257,flair
0.08517197519540787,0.18439197540283203,1.0,0.009160774759948254,0.2952650189399719,0.019964637234807014,BraTS20_Training_258,t1
0.0712365210056305,0.1494637131690979,1.0,0.0066416626796126366,0.22368502616882324,0.017246920615434647,BraTS20_Training_258,t1ce
0.07291392982006073,0.1604643166065216,1.0,0.014048588462173939,0.3481500446796417,0.02503899298608303,BraTS20_Training_258,t2
0.07121407240629196,0.15421973168849945,1.0,0.005885208956897259,0.27776899933815,0.017339343205094337,BraTS20_Training_258,flair
0.06639475375413895,0.15595479309558868,1.0,0.008891497738659382,0.25834718346595764,0.020298805087804794,BraTS20_Training_259,t1
0.06015549972653389,0.13733792304992676,1.0,0.005213077180087566,0.19111283123493195,0.015309826470911503,BraTS20_Training_259,t1ce
0.06238143891096115,0.15099821984767914,1.0,0.010588973760604858,0.30190566182136536,0.022039737552404404,BraTS20_Training_259,t2
0.0639551505446434,0.1494188904762268,1.0,0.007782289758324623,0.25651058554649353,0.019229957833886147,BraTS20_Training_259,flair
0.060213569551706314,0.13028812408447266,1.0,0.0013272549258545041,0.20081771910190582,0.00987780187278986,BraTS20_Training_260,t1
0.06911329180002213,0.15446537733078003,1.0,0.006794794462621212,0.31509897112846375,0.02044808492064476,BraTS20_Training_260,t1ce
0.058750733733177185,0.12908822298049927,1.0,0.0018307736609131098,0.22607895731925964,0.011579928919672966,BraTS20_Training_260,t2
0.037230052053928375,0.08228808641433716,1.0,0.0010226239683106542,0.14020545780658722,0.008771587163209915,BraTS20_Training_260,flair
0.11260224878787994,0.24212990701198578,1.0,0.004966970533132553,0.3816595673561096,0.018467281013727188,BraTS20_Training_261,t1
0.09050919115543365,0.1903122514486313,1.0,0.006993425544351339,0.35775554180145264,0.020742718130350113,BraTS20_Training_261,t1ce
0.08049991726875305,0.17566539347171783,1.0,0.004168668761849403,0.3402060866355896,0.016908137127757072,BraTS20_Training_261,t2
0.06575309485197067,0.16794708371162415,1.0,0.004928880836814642,0.29615792632102966,0.018556226044893265,BraTS20_Training_261,flair
0.08958502113819122,0.18411491811275482,1.0,0.0025957603938877583,0.3218745291233063,0.014520476572215557,BraTS20_Training_262,t1
0.07485906034708023,0.14982207119464874,1.0,0.007115265820175409,0.3540266156196594,0.02116343565285206,BraTS20_Training_262,t1ce
0.08621568232774734,0.1816520243883133,1.0,0.005866025574505329,0.45784303545951843,0.02164679951965809,BraTS20_Training_262,t2
0.09967926889657974,0.21024684607982635,1.0,0.006246883887797594,0.464192658662796,0.022805316373705864,BraTS20_Training_262,flair
0.06950587034225464,0.14682701230049133,1.0,0.0015781874535605311,0.2292165607213974,0.010927559807896614,BraTS20_Training_263,t1
0.06154171749949455,0.1313490867614746,1.0,0.005414860788732767,0.29229414463043213,0.018532291054725647,BraTS20_Training_263,t1ce
0.07016856968402863,0.15626008808612823,1.0,0.005468194838613272,0.3766912519931793,0.02012072131037712,BraTS20_Training_263,t2
0.0784694254398346,0.17320378124713898,1.0,0.00452670780941844,0.37118515372276306,0.01955464854836464,BraTS20_Training_263,flair
0.0856890007853508,0.1712210476398468,1.0,0.002677451353520155,0.29357582330703735,0.014025142416357994,BraTS20_Training_264,t1
0.07001576572656631,0.13510623574256897,1.0,0.005823797080665827,0.2977057695388794,0.018802732229232788,BraTS20_Training_264,t1ce
0.0817650631070137,0.16775929927825928,1.0,0.005121590569615364,0.40954893827438354,0.01955207996070385,BraTS20_Training_264,t2
0.04549449682235718,0.12066774070262909,1.0,0.003566088853403926,0.21991510689258575,0.01612943597137928,BraTS20_Training_264,flair
0.0718725323677063,0.16199944913387299,1.0,0.0021347005385905504,0.2903924584388733,0.013352486304938793,BraTS20_Training_265,t1
0.0678277388215065,0.1501244455575943,1.0,0.003336262656375766,0.28355929255485535,0.01595359668135643,BraTS20_Training_265,t1ce
0.07000482827425003,0.1648881733417511,1.0,0.006122902501374483,0.40052542090415955,0.021326294168829918,BraTS20_Training_265,t2
0.07961645722389221,0.18227128684520721,1.0,0.0024151259567588568,0.33093011379241943,0.015340054407715797,BraTS20_Training_265,flair
0.09727519005537033,0.2160537987947464,1.0,0.0034585942048579454,0.4225956201553345,0.017840001732110977,BraTS20_Training_266,t1
0.061422526836395264,0.12716880440711975,1.0,0.0038227674085646868,0.2846916913986206,0.016431251540780067,BraTS20_Training_266,t1ce
0.06898833066225052,0.1547280102968216,1.0,0.0045505547896027565,0.4150065779685974,0.019665872678160667,BraTS20_Training_266,t2
0.090582937002182,0.19867752492427826,1.0,0.002801025751978159,0.4073272943496704,0.017368881031870842,BraTS20_Training_266,flair
0.08156964927911758,0.17741058766841888,1.0,0.0035043552052229643,0.3496747612953186,0.01638968661427498,BraTS20_Training_267,t1
0.06036914139986038,0.12519457936286926,1.0,0.0031249558087438345,0.26512855291366577,0.014644983224570751,BraTS20_Training_267,t1ce
0.07080075144767761,0.15921323001384735,1.0,0.00762680871412158,0.44910308718681335,0.023908069357275963,BraTS20_Training_267,t2
0.07804735004901886,0.17052297294139862,1.0,0.005892875604331493,0.3885667324066162,0.021701302379369736,BraTS20_Training_267,flair
0.08314154297113419,0.17447148263454437,1.0,0.002405616221949458,0.34988167881965637,0.014521940611302853,BraTS20_Training_268,t1
0.06816815584897995,0.13878759741783142,1.0,0.0033824541606009007,0.30104461312294006,0.015885287895798683,BraTS20_Training_268,t1ce
0.0732283666729927,0.16018745303153992,1.0,0.0067077395506203175,0.45789259672164917,0.02277315780520439,BraTS20_Training_268,t2
0.08270056545734406,0.17668655514717102,1.0,0.003976648673415184,0.37789997458457947,0.018681515008211136,BraTS20_Training_268,flair
0.08722544461488724,0.190193310379982,1.0,0.002514053136110306,0.3545584976673126,0.014969872310757637,BraTS20_Training_269,t1
0.06179497763514519,0.12664254009723663,1.0,0.0022521070204675198,0.25851622223854065,0.013314957730472088,BraTS20_Training_269,t1ce
0.07038848102092743,0.15696680545806885,1.0,0.005287734791636467,0.4120429754257202,0.020160099491477013,BraTS20_Training_269,t2
0.08649986982345581,0.19060826301574707,1.0,0.005043911747634411,0.3964539170265198,0.020580584183335304,BraTS20_Training_269,flair
0.08301039785146713,0.2014489471912384,1.0,0.005476769525557756,0.31637659668922424,0.017262091860175133,BraTS20_Training_270,t1
0.060922008007764816,0.1410588026046753,1.0,0.0029405681416392326,0.2100517600774765,0.012626229785382748,BraTS20_Training_270,t1ce
0.05237657576799393,0.12958648800849915,1.0,0.005956280045211315,0.3185977339744568,0.019005872309207916,BraTS20_Training_270,t2
0.07561376690864563,0.18107737600803375,1.0,0.00569556187838316,0.30904489755630493,0.018050573766231537,BraTS20_Training_270,flair
0.06568220257759094,0.14319880306720734,1.0,0.005302987061440945,0.20342764258384705,0.015475086867809296,BraTS20_Training_271,t1
0.055515605956315994,0.11611106991767883,1.0,0.003820150624960661,0.1701318472623825,0.013996643014252186,BraTS20_Training_271,t1ce
0.05114317685365677,0.11711017042398453,1.0,0.005915988236665726,0.28217586874961853,0.018495658412575722,BraTS20_Training_271,t2
0.06510978937149048,0.1437651813030243,1.0,0.0065843211486935616,0.26946067810058594,0.01851431094110012,BraTS20_Training_271,flair
0.07212582975625992,0.14995965361595154,1.0,0.005016294773668051,0.2408934235572815,0.015097622759640217,BraTS20_Training_272,t1
0.07617466151714325,0.16215673089027405,1.0,0.015612035058438778,0.38295498490333557,0.026982499286532402,BraTS20_Training_272,t1ce
0.09311874210834503,0.20352067053318024,1.0,0.00925430003553629,0.34850192070007324,0.02089153416454792,BraTS20_Training_272,t2
0.08468755334615707,0.18381105363368988,1.0,0.010677950456738472,0.3819497227668762,0.024009332060813904,BraTS20_Training_272,flair
0.07805763185024261,0.16139563918113708,1.0,0.005298621021211147,0.2684744596481323,0.01559244655072689,BraTS20_Training_273,t1
0.07073921710252762,0.14495539665222168,1.0,0.008099651895463467,0.30647554993629456,0.019864143803715706,BraTS20_Training_273,t1ce
0.09100132435560226,0.1963541954755783,1.0,0.006972995586693287,0.34981685876846313,0.01911144331097603,BraTS20_Training_273,t2
0.08610397577285767,0.18423445522785187,1.0,0.00899846013635397,0.3953748047351837,0.022823629900813103,BraTS20_Training_273,flair
0.07484831660985947,0.1593611240386963,1.0,0.009685440920293331,0.2785409390926361,0.020105091854929924,BraTS20_Training_274,t1
0.06484946608543396,0.1337270438671112,1.0,0.0066502830013632774,0.21453700959682465,0.017301473766565323,BraTS20_Training_274,t1ce
0.06445446610450745,0.14237554371356964,1.0,0.014131407253444195,0.35684502124786377,0.024887673556804657,BraTS20_Training_274,t2
0.07317857444286346,0.15855687856674194,1.0,0.0116536570712924,0.3459722697734833,0.02335011027753353,BraTS20_Training_274,flair
0.0754045769572258,0.16837206482887268,1.0,0.007817988283932209,0.2714490294456482,0.018380343914031982,BraTS20_Training_275,t1
0.06070341169834137,0.1363682895898819,1.0,0.0059823268093168736,0.2890811264514923,0.018226945772767067,BraTS20_Training_275,t1ce
0.06272804737091064,0.14504258334636688,1.0,0.01651708036661148,0.3726443350315094,0.027469681575894356,BraTS20_Training_275,t2
0.07400932163000107,0.1664985865354538,1.0,0.010399510152637959,0.32859599590301514,0.022618819028139114,BraTS20_Training_275,flair
0.08909540623426437,0.18661579489707947,1.0,0.011244483292102814,0.32272768020629883,0.02207639254629612,BraTS20_Training_276,t1
0.06927353888750076,0.14101818203926086,1.0,0.010160778649151325,0.30527588725090027,0.021921303123235703,BraTS20_Training_276,t1ce
0.06878317147493362,0.14573585987091064,1.0,0.014037896879017353,0.3699329197406769,0.025494934991002083,BraTS20_Training_276,t2
0.09299611300230026,0.19573746621608734,1.0,0.016176966950297356,0.3994855582714081,0.027559379115700722,BraTS20_Training_276,flair
0.07507829368114471,0.14586593210697174,1.0,0.008020814508199692,0.28031522035598755,0.018579084426164627,BraTS20_Training_277,t1
0.09080850332975388,0.1749047189950943,1.0,0.005785396788269281,0.3635840117931366,0.018551455810666084,BraTS20_Training_277,t1ce
0.07785322517156601,0.1582668423652649,1.0,0.015558574348688126,0.48178595304489136,0.027470340952277184,BraTS20_Training_277,t2
0.08293823152780533,0.15730759501457214,1.0,0.00807823333889246,0.3381730914115906,0.01926947571337223,BraTS20_Training_277,flair
0.08160021156072617,0.18393583595752716,1.0,0.00871366634964943,0.29888203740119934,0.01958823949098587,BraTS20_Training_278,t1
0.06348768621683121,0.13599802553653717,1.0,0.0053850207477808,0.20041941106319427,0.01572893187403679,BraTS20_Training_278,t1ce
0.06267289072275162,0.14359495043754578,1.0,0.0124742416664958,0.34856170415878296,0.024286366999149323,BraTS20_Training_278,t2
0.07277535647153854,0.16447308659553528,1.0,0.008055901154875755,0.31019163131713867,0.02040434256196022,BraTS20_Training_278,flair
0.09289934486150742,0.18565566837787628,1.0,0.012846696190536022,0.3184778094291687,0.02295900136232376,BraTS20_Training_279,t1
0.07722033560276031,0.15237340331077576,1.0,0.01120918057858944,0.3168467879295349,0.022546911612153053,BraTS20_Training_279,t1ce
0.0764971673488617,0.16104656457901,1.0,0.011077328585088253,0.36086761951446533,0.022547846660017967,BraTS20_Training_279,t2
0.07289069145917892,0.14415834844112396,1.0,0.008828269317746162,0.32930609583854675,0.020526258274912834,BraTS20_Training_279,flair
0.08364574611186981,0.18118590116500854,1.0,0.008116289973258972,0.3499222695827484,0.020531928166747093,BraTS20_Training_280,t1
0.07405634969472885,0.15594415366649628,1.0,0.010049127973616123,0.29741019010543823,0.021587014198303223,BraTS20_Training_280,t1ce
0.06351347267627716,0.139998659491539,1.0,0.012551178224384785,0.3815050423145294,0.025009166449308395,BraTS20_Training_280,t2
0.08372984081506729,0.18070237338542938,1.0,0.01186352502554655,0.37600770592689514,0.024499651044607162,BraTS20_Training_280,flair
0.09079723805189133,0.1965813934803009,1.0,0.009014049544930458,0.3039323091506958,0.020029665902256966,BraTS20_Training_281,t1
0.06618594378232956,0.1352137327194214,1.0,0.005678270012140274,0.19819478690624237,0.016054563224315643,BraTS20_Training_281,t1ce
0.07183290272951126,0.15782031416893005,1.0,0.012184116058051586,0.3604212999343872,0.023787029087543488,BraTS20_Training_281,t2
0.08694259822368622,0.19213108718395233,1.0,0.011613246984779835,0.3966517746448517,0.024329040199518204,BraTS20_Training_281,flair
0.06437855958938599,0.13302962481975555,1.0,0.005450851283967495,0.2249424010515213,0.016089148819446564,BraTS20_Training_282,t1
0.06637251377105713,0.13713338971138,1.0,0.005466293543577194,0.2152452915906906,0.015855753794312477,BraTS20_Training_282,t1ce
0.08155366778373718,0.18065957725048065,1.0,0.01132089551538229,0.38756614923477173,0.023531774058938026,BraTS20_Training_282,t2
0.0704759955406189,0.15437746047973633,1.0,0.011217880062758923,0.38641372323036194,0.025343483313918114,BraTS20_Training_282,flair
0.09001479297876358,0.19027063250541687,1.0,0.008728140033781528,0.3367789685726166,0.02028624527156353,BraTS20_Training_283,t1
0.07290581613779068,0.14757907390594482,1.0,0.00977605301886797,0.2742898762226105,0.020755359902977943,BraTS20_Training_283,t1ce
0.0819488987326622,0.17603091895580292,1.0,0.0099431611597538,0.428518682718277,0.02353956736624241,BraTS20_Training_283,t2
0.07466118782758713,0.15934967994689941,1.0,0.014179861173033714,0.4544799029827118,0.029077140614390373,BraTS20_Training_283,flair
0.10845478624105453,0.22161953151226044,1.0,0.009202496148645878,0.3444098234176636,0.020208291709423065,BraTS20_Training_284,t1
0.08067285269498825,0.16185082495212555,1.0,0.016714021563529968,0.3865117132663727,0.027635496109724045,BraTS20_Training_284,t1ce
0.07248783111572266,0.15236204862594604,1.0,0.008386613801121712,0.33081114292144775,0.01988031715154648,BraTS20_Training_284,t2
0.09835398197174072,0.20142963528633118,1.0,0.010064580477774143,0.4277438819408417,0.023387715220451355,BraTS20_Training_284,flair
0.07097121328115463,0.15551108121871948,1.0,0.005805543158203363,0.2936842143535614,0.018051650375127792,BraTS20_Training_285,t1
0.059172119945287704,0.12408077716827393,1.0,0.005392713472247124,0.23743489384651184,0.0169389508664608,BraTS20_Training_285,t1ce
0.07759293168783188,0.17485128343105316,1.0,0.00673480611294508,0.3332192003726959,0.019200200214982033,BraTS20_Training_285,t2
0.06482468545436859,0.14364376664161682,1.0,0.008965698070824146,0.366759717464447,0.02339286543428898,BraTS20_Training_285,flair
0.08559925109148026,0.18885691463947296,1.0,0.009504583664238453,0.4162309169769287,0.02292003110051155,BraTS20_Training_286,t1
0.0688905343413353,0.14523208141326904,1.0,0.009321950376033783,0.3378331959247589,0.022371143102645874,BraTS20_Training_286,t1ce
0.06389179825782776,0.14058499038219452,1.0,0.013545172289013863,0.39880311489105225,0.026293380185961723,BraTS20_Training_286,t2
0.08176585286855698,0.17687031626701355,1.0,0.017979901283979416,0.41252443194389343,0.030557531863451004,BraTS20_Training_286,flair
0.09231191128492355,0.2084863930940628,1.0,0.00867735780775547,0.37973934412002563,0.02124199829995632,BraTS20_Training_287,t1
0.06877730041742325,0.14736908674240112,1.0,0.005896234884858131,0.24826858937740326,0.01675916463136673,BraTS20_Training_287,t1ce
0.06847662478685379,0.1523204892873764,1.0,0.012525655329227448,0.3870920240879059,0.024563008919358253,BraTS20_Training_287,t2
0.0714201107621193,0.15666818618774414,1.0,0.01055113784968853,0.38243019580841064,0.024539422243833542,BraTS20_Training_287,flair
0.09892603754997253,0.19994810223579407,1.0,0.013305412605404854,0.46982449293136597,0.025706365704536438,BraTS20_Training_288,t1
0.06092314049601555,0.11315413564443588,1.0,0.006302833557128906,0.27000296115875244,0.017473600804805756,BraTS20_Training_288,t1ce
0.06119481474161148,0.11809658259153366,1.0,0.009201306849718094,0.33078351616859436,0.020860256627202034,BraTS20_Training_288,t2
0.08003798127174377,0.15322840213775635,1.0,0.013064919970929623,0.3475196957588196,0.02488667145371437,BraTS20_Training_288,flair
0.07070068269968033,0.15294891595840454,1.0,0.00439675897359848,0.25824683904647827,0.015344999730587006,BraTS20_Training_289,t1
0.06240113824605942,0.13073380291461945,1.0,0.0054607694037258625,0.21771515905857086,0.01626112498342991,BraTS20_Training_289,t1ce
0.07166831940412521,0.16353870928287506,1.0,0.012033856473863125,0.3792898654937744,0.024832652881741524,BraTS20_Training_289,t2
0.06831490248441696,0.15275628864765167,1.0,0.00727457320317626,0.3352015018463135,0.020956607535481453,BraTS20_Training_289,flair
0.08297237008810043,0.1748715192079544,1.0,0.0064200591295957565,0.298587441444397,0.017554933205246925,BraTS20_Training_290,t1
0.08706431090831757,0.18315789103507996,1.0,0.009000985883176327,0.29509589076042175,0.02011231519281864,BraTS20_Training_290,t1ce
0.07905113697052002,0.17244286835193634,1.0,0.014809361658990383,0.4262467622756958,0.026813682168722153,BraTS20_Training_290,t2
0.07608523219823837,0.16497401893138885,1.0,0.00914172362536192,0.37965065240859985,0.0229300856590271,BraTS20_Training_290,flair
0.07694382965564728,0.1526464968919754,1.0,0.006281895563006401,0.29378384351730347,0.017503920942544937,BraTS20_Training_291,t1
0.06023096665740013,0.11423756927251816,1.0,0.005321386270225048,0.22951163351535797,0.015739915892481804,BraTS20_Training_291,t1ce
0.08439148962497711,0.179334819316864,1.0,0.012114528566598892,0.4363555610179901,0.02499014139175415,BraTS20_Training_291,t2
0.07286228239536285,0.151118203997612,1.0,0.009425122290849686,0.38631853461265564,0.023259658366441727,BraTS20_Training_291,flair
0.08684363961219788,0.20150607824325562,1.0,0.012582525610923767,0.4341455399990082,0.02540476620197296,BraTS20_Training_292,t1
0.06268573552370071,0.13681983947753906,1.0,0.009841857478022575,0.3195384442806244,0.022001225501298904,BraTS20_Training_292,t1ce
0.06467601656913757,0.14626871049404144,1.0,0.012295744381844997,0.38004088401794434,0.024899164214730263,BraTS20_Training_292,t2
0.07454915344715118,0.16503965854644775,1.0,0.015411834232509136,0.3742772042751312,0.028115302324295044,BraTS20_Training_292,flair
0.09243890643119812,0.19874142110347748,1.0,0.013443078845739365,0.35970887541770935,0.024934032931923866,BraTS20_Training_293,t1
0.07093342393636703,0.1546676605939865,1.0,0.013600671663880348,0.39330804347991943,0.02634735219180584,BraTS20_Training_293,t1ce
0.06653077900409698,0.14447017014026642,1.0,0.00932068657130003,0.3420983850955963,0.021647896617650986,BraTS20_Training_293,t2
0.08854671567678452,0.19495241343975067,1.0,0.018272172659635544,0.4529089629650116,0.030585596337914467,BraTS20_Training_293,flair
0.09182783216238022,0.18988169729709625,1.0,0.010259824804961681,0.42631295323371887,0.023407714441418648,BraTS20_Training_294,t1
0.07428255677223206,0.14857430756092072,1.0,0.0106106698513031,0.3665306568145752,0.023422041907906532,BraTS20_Training_294,t1ce
0.07044977694749832,0.1452149897813797,1.0,0.01290865708142519,0.40039798617362976,0.025281867012381554,BraTS20_Training_294,t2
0.08453987538814545,0.17085470259189606,1.0,0.016788285225629807,0.40178224444389343,0.02915162406861782,BraTS20_Training_294,flair
0.07809457182884216,0.19086472690105438,1.0,0.006950555834919214,0.4026336371898651,0.0206428412348032,BraTS20_Training_295,t1
0.05770084634423256,0.13322913646697998,1.0,0.007014283910393715,0.3132842481136322,0.019850756973028183,BraTS20_Training_295,t1ce
0.051968902349472046,0.12106230854988098,1.0,0.007154021877795458,0.31783533096313477,0.02000443823635578,BraTS20_Training_295,t2
0.07431779056787491,0.17363668978214264,1.0,0.008757726289331913,0.36536815762519836,0.023396164178848267,BraTS20_Training_295,flair
0.07677649706602097,0.1669408529996872,1.0,0.004849985241889954,0.2532738149166107,0.015296241268515587,BraTS20_Training_296,t1
0.06795568764209747,0.14459124207496643,1.0,0.007448776159435511,0.2599900960922241,0.019035931676626205,BraTS20_Training_296,t1ce
0.08068844676017761,0.18188190460205078,1.0,0.006946591194719076,0.3526504337787628,0.019366992637515068,BraTS20_Training_296,t2
0.06368260830640793,0.1403271108865738,1.0,0.006662726402282715,0.32228925824165344,0.020067911595106125,BraTS20_Training_296,flair
0.09283805638551712,0.1999811828136444,1.0,0.0120394267141819,0.4267455041408539,0.025133145973086357,BraTS20_Training_297,t1
0.0557924285531044,0.10972436517477036,1.0,0.005840528290718794,0.2504994571208954,0.017217472195625305,BraTS20_Training_297,t1ce
0.07036009430885315,0.14501342177391052,1.0,0.010670456103980541,0.33337536454200745,0.02298303321003914,BraTS20_Training_297,t2
0.08614650368690491,0.1807997226715088,1.0,0.013597259297966957,0.3894466161727905,0.026448098942637444,BraTS20_Training_297,flair
0.09451011568307877,0.20621216297149658,1.0,0.012189355678856373,0.37352296710014343,0.024218637496232986,BraTS20_Training_298,t1
0.07056154310703278,0.1535261571407318,1.0,0.01171294879168272,0.3715522885322571,0.024647755548357964,BraTS20_Training_298,t1ce
0.06598559767007828,0.14866647124290466,1.0,0.014286158606410027,0.42182841897010803,0.026676034554839134,BraTS20_Training_298,t2
0.08772435784339905,0.19414357841014862,1.0,0.019544459879398346,0.45202186703681946,0.03185657784342766,BraTS20_Training_298,flair
0.08547503501176834,0.18414683640003204,1.0,0.009453605860471725,0.4211292862892151,0.023005135357379913,BraTS20_Training_299,t1
0.06349503248929977,0.13084419071674347,1.0,0.0077793188393116,0.32911229133605957,0.02063349261879921,BraTS20_Training_299,t1ce
0.0704384297132492,0.15128175914287567,1.0,0.014064550399780273,0.4268845319747925,0.0269826278090477,BraTS20_Training_299,t2
0.0884750485420227,0.18524424731731415,1.0,0.017519205808639526,0.4520052969455719,0.030662545934319496,BraTS20_Training_299,flair
0.08006208389997482,0.1850671023130417,1.0,0.009635771624743938,0.38531458377838135,0.022664671763777733,BraTS20_Training_300,t1
0.0604836605489254,0.13380300998687744,1.0,0.00982514675706625,0.31371721625328064,0.022139403969049454,BraTS20_Training_300,t1ce
0.05737786367535591,0.12841060757637024,1.0,0.009173344820737839,0.3275066912174225,0.021917598322033882,BraTS20_Training_300,t2
0.08271702378988266,0.18893517553806305,1.0,0.017067495733499527,0.3977089524269104,0.029178984463214874,BraTS20_Training_300,flair
0.08409516513347626,0.18676069378852844,1.0,0.012047108262777328,0.3919837772846222,0.024393156170845032,BraTS20_Training_301,t1
0.06105706840753555,0.12878665328025818,1.0,0.009237263351678848,0.30473044514656067,0.021356185898184776,BraTS20_Training_301,t1ce
0.05893372744321823,0.12743611633777618,1.0,0.009870043955743313,0.32563289999961853,0.022307537496089935,BraTS20_Training_301,t2
0.07213050872087479,0.155411034822464,1.0,0.011787278577685356,0.34093210101127625,0.024371234700083733,BraTS20_Training_301,flair
0.08330903202295303,0.1800786405801773,1.0,0.010730927810072899,0.4007977545261383,0.02346363104879856,BraTS20_Training_302,t1
0.07419399917125702,0.158376082777977,1.0,0.01381209958344698,0.40085938572883606,0.02649850584566593,BraTS20_Training_302,t1ce
0.07155545800924301,0.1538112461566925,1.0,0.014972171746194363,0.41595780849456787,0.027434630319476128,BraTS20_Training_302,t2
0.08002827316522598,0.16990093886852264,1.0,0.015932707116007805,0.38943177461624146,0.028347469866275787,BraTS20_Training_302,flair
0.08029839396476746,0.1816127747297287,1.0,0.010213378816843033,0.4005497694015503,0.02324622869491577,BraTS20_Training_303,t1
0.06312847882509232,0.13442686200141907,1.0,0.00928311888128519,0.3033357560634613,0.021409736946225166,BraTS20_Training_303,t1ce
0.06131969019770622,0.13444778323173523,1.0,0.01075657270848751,0.352975457906723,0.023486441001296043,BraTS20_Training_303,t2
0.08398940414190292,0.18617983162403107,1.0,0.019195614382624626,0.4164181351661682,0.03132811561226845,BraTS20_Training_303,flair
0.07255017012357712,0.1780562400817871,1.0,0.006775672547519207,0.3782605826854706,0.020004939287900925,BraTS20_Training_304,t1
0.06259720027446747,0.14718696475028992,1.0,0.007252538576722145,0.3236519396305084,0.02036622166633606,BraTS20_Training_304,t1ce
0.059245605021715164,0.14527404308319092,1.0,0.016662629321217537,0.40015709400177,0.02793138101696968,BraTS20_Training_304,t2
0.06834471970796585,0.16169720888137817,1.0,0.009009297005832195,0.3503381907939911,0.023440679535269737,BraTS20_Training_304,flair
0.08093226701021194,0.18029668927192688,1.0,0.011226791888475418,0.43205976486206055,0.02486659213900566,BraTS20_Training_305,t1
0.0700652077794075,0.1491997390985489,1.0,0.012008430436253548,0.3665310740470886,0.024755354970693588,BraTS20_Training_305,t1ce
0.06415822356939316,0.13721713423728943,1.0,0.011924278922379017,0.35140401124954224,0.0241092462092638,BraTS20_Training_305,t2
0.08166314661502838,0.17490705847740173,1.0,0.016821574419736862,0.3893853724002838,0.028720125555992126,BraTS20_Training_305,flair
0.10095347464084625,0.21231286227703094,1.0,0.014100410975515842,0.3622678816318512,0.0253172405064106,BraTS20_Training_306,t1
0.07364262640476227,0.15360566973686218,1.0,0.013167104683816433,0.365416944026947,0.02514495886862278,BraTS20_Training_306,t1ce
0.069074846804142,0.14843086898326874,1.0,0.01491932850331068,0.4026673138141632,0.02647405117750168,BraTS20_Training_306,t2
0.09084440767765045,0.1936628520488739,1.0,0.02157800830900669,0.4626232385635376,0.032747332006692886,BraTS20_Training_306,flair
0.08235980570316315,0.19233199954032898,1.0,0.014921523630619049,0.43655839562416077,0.02751053124666214,BraTS20_Training_307,t1
0.07279034703969955,0.16566403210163116,1.0,0.014993246644735336,0.39479121565818787,0.027312789112329483,BraTS20_Training_307,t1ce
0.0636959820985794,0.1458768993616104,1.0,0.012898360379040241,0.35995328426361084,0.025088390335440636,BraTS20_Training_307,t2
0.08385031670331955,0.1936173141002655,1.0,0.022872621193528175,0.44481348991394043,0.0336519218981266,BraTS20_Training_307,flair
0.07987869530916214,0.18386857211589813,1.0,0.010486490093171597,0.39373937249183655,0.023441631346940994,BraTS20_Training_308,t1
0.0675431564450264,0.14872494339942932,1.0,0.010366949252784252,0.3190191388130188,0.022521181032061577,BraTS20_Training_308,t1ce
0.06021060049533844,0.13479453325271606,1.0,0.010772551409900188,0.326637327671051,0.02256671153008938,BraTS20_Training_308,t2
0.07510045915842056,0.16803710162639618,1.0,0.013938819989562035,0.3454737961292267,0.025977814570069313,BraTS20_Training_308,flair
0.08560758829116821,0.1876663863658905,1.0,0.009112990461289883,0.4209892153739929,0.021826686337590218,BraTS20_Training_309,t1
0.07650047540664673,0.16239678859710693,1.0,0.009780741296708584,0.3791811466217041,0.02244098111987114,BraTS20_Training_309,t1ce
0.0682043582201004,0.1459847390651703,1.0,0.011575207114219666,0.38834136724472046,0.023937666788697243,BraTS20_Training_309,t2
0.08237076550722122,0.17210595309734344,1.0,0.011125248856842518,0.36509624123573303,0.02397661842405796,BraTS20_Training_309,flair
0.07159455865621567,0.13651201128959656,1.0,0.006314265541732311,0.2547806203365326,0.016761817038059235,BraTS20_Training_310,t1
0.06411771476268768,0.12074781954288483,1.0,0.0073416815139353275,0.27353599667549133,0.01899005100131035,BraTS20_Training_310,t1ce
0.08505520224571228,0.1673341542482376,1.0,0.007319749798625708,0.3386225402355194,0.01970326527953148,BraTS20_Training_310,t2
0.07001236081123352,0.1374550759792328,1.0,0.00866273045539856,0.35619744658470154,0.021958867087960243,BraTS20_Training_310,flair
0.08196166157722473,0.1764904111623764,1.0,0.005156608764082193,0.4057554602622986,0.017721449956297874,BraTS20_Training_311,t1
0.07170536369085312,0.150167316198349,1.0,0.006173265166580677,0.364208459854126,0.01947033777832985,BraTS20_Training_311,t1ce
0.07612715661525726,0.1639554649591446,1.0,0.014018059708178043,0.4888592064380646,0.02752496860921383,BraTS20_Training_311,t2
0.07096236199140549,0.14357440173625946,1.0,0.006865118630230427,0.35070690512657166,0.019845418632030487,BraTS20_Training_311,flair
0.0947708711028099,0.2046239674091339,1.0,0.0076781027019023895,0.32956260442733765,0.01880076341331005,BraTS20_Training_312,t1
0.07996585220098495,0.1677028238773346,1.0,0.006434454582631588,0.25959208607673645,0.016824912279844284,BraTS20_Training_312,t1ce
0.07549652457237244,0.16453132033348083,1.0,0.00989481434226036,0.3577481806278229,0.021983345970511436,BraTS20_Training_312,t2
0.09129299968481064,0.1981039047241211,1.0,0.008468333631753922,0.34452563524246216,0.020226702094078064,BraTS20_Training_312,flair
0.07570300996303558,0.15508222579956055,1.0,0.004421719815582037,0.2598574459552765,0.01457553543150425,BraTS20_Training_313,t1
0.07479115575551987,0.15041153132915497,1.0,0.005592251196503639,0.2480623871088028,0.01621147058904171,BraTS20_Training_313,t1ce
0.0793306976556778,0.17236237227916718,1.0,0.005393390078097582,0.3779686391353607,0.018153203651309013,BraTS20_Training_313,t2
0.08936955779790878,0.19082902371883392,1.0,0.0056693656370043755,0.3750092685222626,0.01830248162150383,BraTS20_Training_313,flair
0.08306494355201721,0.18486560881137848,1.0,0.008247354999184608,0.3870980441570282,0.020968278869986534,BraTS20_Training_314,t1
0.06584286689758301,0.1385171264410019,1.0,0.00735635356977582,0.2952568829059601,0.01945127546787262,BraTS20_Training_314,t1ce
0.0639248713850975,0.13900341093540192,1.0,0.010461481288075447,0.3595980703830719,0.022720912471413612,BraTS20_Training_314,t2
0.0773576870560646,0.1687721461057663,1.0,0.007877685129642487,0.33683884143829346,0.021416092291474342,BraTS20_Training_314,flair
0.08451427519321442,0.1853199452161789,1.0,0.005541573744267225,0.37319156527519226,0.017069127410650253,BraTS20_Training_315,t1
0.07009866088628769,0.14587005972862244,1.0,0.006449039559811354,0.33087432384490967,0.01942671276628971,BraTS20_Training_315,t1ce
0.06938093900680542,0.14581820368766785,1.0,0.00849529542028904,0.3765042722225189,0.021753808483481407,BraTS20_Training_315,t2
0.07186810672283173,0.14698448777198792,1.0,0.005122032482177019,0.3367359936237335,0.017784982919692993,BraTS20_Training_315,flair
0.06788521260023117,0.14968062937259674,1.0,0.004981094039976597,0.31247907876968384,0.016004271805286407,BraTS20_Training_316,t1
0.06086258962750435,0.12945909798145294,1.0,0.005292945541441441,0.2925223708152771,0.017691168934106827,BraTS20_Training_316,t1ce
0.07110060006380081,0.15564504265785217,1.0,0.009967365302145481,0.3872048556804657,0.023830346763134003,BraTS20_Training_316,t2
0.0718945562839508,0.15528902411460876,1.0,0.005762499291449785,0.3159484565258026,0.017879866063594818,BraTS20_Training_316,flair
0.09564836323261261,0.20730987191200256,1.0,0.011299782432615757,0.5020365118980408,0.025234805420041084,BraTS20_Training_317,t1
0.08698761463165283,0.18419235944747925,1.0,0.01380543876439333,0.46152129769325256,0.027417685836553574,BraTS20_Training_317,t1ce
0.07207846641540527,0.16088010370731354,1.0,0.01797695830464363,0.541140615940094,0.030891193076968193,BraTS20_Training_317,t2
0.08095014840364456,0.16976425051689148,1.0,0.010798797011375427,0.4123013913631439,0.024671629071235657,BraTS20_Training_317,flair
0.0931890681385994,0.19027356803417206,1.0,0.009719008579850197,0.4335416555404663,0.02299419417977333,BraTS20_Training_318,t1
0.08532100915908813,0.1702820360660553,1.0,0.013077355921268463,0.3953286111354828,0.025660034269094467,BraTS20_Training_318,t1ce
0.04043491557240486,0.08967459201812744,1.0,0.0014668519143015146,0.21655836701393127,0.010494323447346687,BraTS20_Training_318,t2
0.0911211371421814,0.18571676313877106,1.0,0.010442598722875118,0.4051319360733032,0.023483388125896454,BraTS20_Training_318,flair
0.08292931318283081,0.19063730537891388,1.0,0.007681721355766058,0.38572847843170166,0.02100503258407116,BraTS20_Training_319,t1
0.055600203573703766,0.1179315596818924,1.0,0.007427639793604612,0.23585106432437897,0.018666846677660942,BraTS20_Training_319,t1ce
0.0680423229932785,0.15902453660964966,1.0,0.008827472105622292,0.3492273688316345,0.021201465278863907,BraTS20_Training_319,t2
0.07961973547935486,0.1811729073524475,1.0,0.00846594013273716,0.3753453493118286,0.022003522142767906,BraTS20_Training_319,flair
0.08956015110015869,0.18159359693527222,1.0,0.010595280677080154,0.37306952476501465,0.02206558734178543,BraTS20_Training_320,t1
0.09263711422681808,0.18294097483158112,1.0,0.014075186103582382,0.3313189148902893,0.02465668134391308,BraTS20_Training_320,t1ce
0.0544762946665287,0.10851498693227768,1.0,0.0064066555351018906,0.32979142665863037,0.018762219697237015,BraTS20_Training_320,t2
0.0794992446899414,0.15870420634746552,1.0,0.010768990963697433,0.3943219780921936,0.024211985990405083,BraTS20_Training_320,flair
0.08449158072471619,0.1873207837343216,1.0,0.009030886925756931,0.40351709723472595,0.021771932020783424,BraTS20_Training_321,t1
0.07910734415054321,0.18403580784797668,1.0,0.010826158337295055,0.505366325378418,0.02579472027719021,BraTS20_Training_321,t1ce
0.06430412828922272,0.14200256764888763,1.0,0.013360755518078804,0.40446531772613525,0.025745591148734093,BraTS20_Training_321,t2
0.0824740007519722,0.17769888043403625,1.0,0.012256496585905552,0.3842407763004303,0.025130195543169975,BraTS20_Training_321,flair
0.09344286471605301,0.1997048407793045,1.0,0.008299825713038445,0.4214838445186615,0.02182476408779621,BraTS20_Training_322,t1
0.07150104641914368,0.14457525312900543,1.0,0.009477764368057251,0.3029398024082184,0.02154858596622944,BraTS20_Training_322,t1ce
0.07650402188301086,0.16450464725494385,1.0,0.009236170910298824,0.39331895112991333,0.022197190672159195,BraTS20_Training_322,t2
0.080861896276474,0.16850130259990692,1.0,0.007030722219496965,0.36492472887039185,0.020560964941978455,BraTS20_Training_322,flair
0.08759330958127975,0.19279342889785767,1.0,0.004897980950772762,0.3461959958076477,0.01680748164653778,BraTS20_Training_323,t1
0.07158250361680984,0.1508243829011917,1.0,0.008116556331515312,0.29920583963394165,0.0201603714376688,BraTS20_Training_323,t1ce
0.07117240130901337,0.15421302616596222,1.0,0.007826385088264942,0.3567298948764801,0.02035617083311081,BraTS20_Training_323,t2
0.07882515341043472,0.16921430826187134,1.0,0.006101131904870272,0.33059418201446533,0.01864834688603878,BraTS20_Training_323,flair
0.10233689099550247,0.19657950103282928,1.0,0.006775876972824335,0.3372620940208435,0.018219269812107086,BraTS20_Training_324,t1
0.08731390535831451,0.16700635850429535,1.0,0.009114584885537624,0.3626111149787903,0.02154485508799553,BraTS20_Training_324,t1ce
0.08279073983430862,0.16786353290081024,1.0,0.011349865235388279,0.5049961805343628,0.025408349931240082,BraTS20_Training_324,t2
0.09659663587808609,0.18835343420505524,1.0,0.008739843033254147,0.4349476397037506,0.022705089300870895,BraTS20_Training_324,flair
0.08491584658622742,0.17522212862968445,1.0,0.005575168877840042,0.3130992352962494,0.016896171495318413,BraTS20_Training_325,t1
0.0792803019285202,0.16399593651294708,1.0,0.01072728168219328,0.38064026832580566,0.023540586233139038,BraTS20_Training_325,t1ce
0.0818750336766243,0.17316821217536926,1.0,0.004433639347553253,0.3641853928565979,0.017384767532348633,BraTS20_Training_325,t2
0.07270339131355286,0.14759191870689392,1.0,0.005910807754844427,0.3285106122493744,0.018946189433336258,BraTS20_Training_325,flair
0.07780946791172028,0.16598328948020935,1.0,0.005257989279925823,0.24423904716968536,0.015686525031924248,BraTS20_Training_326,t1
0.06838145107030869,0.1448168307542801,1.0,0.006852242164313793,0.28117743134498596,0.018785344436764717,BraTS20_Training_326,t1ce
0.06937067210674286,0.15078634023666382,1.0,0.002478647045791149,0.25764527916908264,0.01286056824028492,BraTS20_Training_326,t2
0.0733574703335762,0.15994125604629517,1.0,0.006015268620103598,0.32102054357528687,0.01843838207423687,BraTS20_Training_326,flair
0.12715856730937958,0.23204627633094788,1.0,0.008672255091369152,0.3618634045124054,0.02056811936199665,BraTS20_Training_327,t1
0.09699506312608719,0.1765420138835907,1.0,0.008870132267475128,0.4086723029613495,0.0217909999191761,BraTS20_Training_327,t1ce
0.1247575432062149,0.22976349294185638,1.0,0.007106309290975332,0.41612347960472107,0.020389506593346596,BraTS20_Training_327,t2
0.10540259629487991,0.19544363021850586,1.0,0.008323153480887413,0.45343685150146484,0.022346079349517822,BraTS20_Training_327,flair
0.08457212895154953,0.16541965305805206,1.0,0.006484786048531532,0.2862586975097656,0.017401788383722305,BraTS20_Training_328,t1
0.08321421593427658,0.1658945083618164,1.0,0.011021849699318409,0.37536197900772095,0.02321268431842327,BraTS20_Training_328,t1ce
0.092154860496521,0.19227449595928192,1.0,0.005320033524185419,0.3933873474597931,0.01869427040219307,BraTS20_Training_328,t2
0.08843454718589783,0.18316620588302612,1.0,0.008202941156923771,0.3978842794895172,0.021347971633076668,BraTS20_Training_328,flair
0.09526055306196213,0.20215196907520294,1.0,0.009604685008525848,0.42922869324684143,0.02290833368897438,BraTS20_Training_329,t1
0.07035540044307709,0.14144884049892426,1.0,0.007379880174994469,0.2946641743183136,0.019795700907707214,BraTS20_Training_329,t1ce
0.08682682365179062,0.18878142535686493,1.0,0.014890209771692753,0.5361920595169067,0.029515381902456284,BraTS20_Training_329,t2
0.08272476494312286,0.1729331761598587,1.0,0.011339026503264904,0.38459092378616333,0.024291636422276497,BraTS20_Training_329,flair
0.08325027674436569,0.18136796355247498,1.0,0.005847970489412546,0.2818280756473541,0.016922760754823685,BraTS20_Training_330,t1
0.07118173688650131,0.15336522459983826,1.0,0.007727654650807381,0.29549920558929443,0.019559025764465332,BraTS20_Training_330,t1ce
0.07064652442932129,0.1634339988231659,1.0,0.010846524499356747,0.495463103055954,0.02644338086247444,BraTS20_Training_330,t2
0.07400720566511154,0.16282133758068085,1.0,0.007866608910262585,0.36415374279022217,0.02150123007595539,BraTS20_Training_330,flair
0.09381137788295746,0.19506177306175232,1.0,0.005253219977021217,0.2985689342021942,0.016413014382123947,BraTS20_Training_331,t1
0.08175892382860184,0.16742292046546936,1.0,0.0073830303736031055,0.32015982270240784,0.019920149818062782,BraTS20_Training_331,t1ce
0.07751744240522385,0.16608071327209473,1.0,0.009762868285179138,0.484345942735672,0.025541486218571663,BraTS20_Training_331,t2
0.08022429049015045,0.16592520475387573,1.0,0.006890641525387764,0.36406028270721436,0.02037597820162773,BraTS20_Training_331,flair
0.0975315049290657,0.18087463080883026,1.0,0.007762193214148283,0.3300956189632416,0.019065236672759056,BraTS20_Training_332,t1
0.09210773557424545,0.17256899178028107,1.0,0.011336902156472206,0.39337456226348877,0.023873742669820786,BraTS20_Training_332,t1ce
0.07816354930400848,0.1555040180683136,1.0,0.011138946749269962,0.4908256530761719,0.024525046348571777,BraTS20_Training_332,t2
0.09309589117765427,0.17687219381332397,1.0,0.011654912494122982,0.46224913001060486,0.025190893560647964,BraTS20_Training_332,flair
0.10198027640581131,0.19739224016666412,1.0,0.006687696557492018,0.3138466477394104,0.018075907602906227,BraTS20_Training_333,t1
0.08589249849319458,0.16648033261299133,1.0,0.008988508023321629,0.3493216931819916,0.02150731347501278,BraTS20_Training_333,t1ce
0.07529187947511673,0.15305909514427185,1.0,0.006244648713618517,0.3714233636856079,0.018428301438689232,BraTS20_Training_333,t2
0.0874192863702774,0.17515286803245544,1.0,0.008214421570301056,0.39744850993156433,0.02149675227701664,BraTS20_Training_333,flair
0.08433549106121063,0.16506221890449524,1.0,0.004426115192472935,0.2558983564376831,0.014759453013539314,BraTS20_Training_334,t1
0.0758494958281517,0.14880631864070892,1.0,0.007721367292106152,0.3126796782016754,0.020208442583680153,BraTS20_Training_334,t1ce
0.07345122843980789,0.15035824477672577,1.0,0.0054863691329956055,0.3592611849308014,0.017863469198346138,BraTS20_Training_334,t2
0.08114556223154068,0.16367807984352112,1.0,0.006111844442784786,0.34631943702697754,0.018728038296103477,BraTS20_Training_334,flair
0.10060031712055206,0.2253841757774353,1.0,0.011819828301668167,0.5207906365394592,0.02647528238594532,BraTS20_Training_335,t1
0.06395280361175537,0.13183487951755524,1.0,0.008072620257735252,0.27630603313446045,0.019823802635073662,BraTS20_Training_335,t1ce
0.07575058192014694,0.1637367606163025,1.0,0.011695642955601215,0.41789454221725464,0.02525002509355545,BraTS20_Training_335,t2
0.08471358567476273,0.18365474045276642,1.0,0.010436901822686195,0.39759647846221924,0.02514062076807022,BraTS20_Training_335,flair
0.09784992784261703,0.21842339634895325,1.0,0.007040771655738354,0.48232153058052063,0.022062206640839577,BraTS20_Training_336,t1
0.06534003466367722,0.1359984278678894,1.0,0.007516470272094011,0.30002322793006897,0.02014947310090065,BraTS20_Training_336,t1ce
0.0637986809015274,0.13785722851753235,1.0,0.007514171302318573,0.3696688115596771,0.021258976310491562,BraTS20_Training_336,t2
0.08017177134752274,0.17079204320907593,1.0,0.0057746414095163345,0.3742959499359131,0.019743677228689194,BraTS20_Training_336,flair
0.09883914887905121,0.20914506912231445,1.0,0.008459596894681454,0.508246123790741,0.022964145988225937,BraTS20_Training_337,t1
0.07554957270622253,0.1529744565486908,1.0,0.013283022679388523,0.3951767086982727,0.025686897337436676,BraTS20_Training_337,t1ce
0.07505647838115692,0.156076580286026,1.0,0.0160721056163311,0.4532902240753174,0.02800172194838524,BraTS20_Training_337,t2
0.07933878898620605,0.15966840088367462,1.0,0.008113902993500233,0.38559046387672424,0.021425636485219002,BraTS20_Training_337,flair
0.06767233461141586,0.15019822120666504,1.0,0.0037562758661806583,0.2600926160812378,0.013746559619903564,BraTS20_Training_338,t1
0.06432902812957764,0.14322678744792938,1.0,0.010502523742616177,0.3260517120361328,0.023147473111748695,BraTS20_Training_338,t1ce
0.06460028886795044,0.1568005532026291,1.0,0.013864218257367611,0.4667312502861023,0.028569892048835754,BraTS20_Training_338,t2
0.07273676246404648,0.16789819300174713,1.0,0.011288964189589024,0.4452325403690338,0.027884630486369133,BraTS20_Training_338,flair
0.0923570990562439,0.20349985361099243,1.0,0.00756481708958745,0.4703676104545593,0.022121861577033997,BraTS20_Training_339,t1
0.06647644191980362,0.13888339698314667,1.0,0.011796955950558186,0.351264089345932,0.02441563829779625,BraTS20_Training_339,t1ce
0.07233861833810806,0.1549260914325714,1.0,0.01162364799529314,0.4145220220088959,0.02532474510371685,BraTS20_Training_339,t2
0.08681049942970276,0.1846693456172943,1.0,0.009491530247032642,0.3956376612186432,0.022988181561231613,BraTS20_Training_339,flair
0.10355530679225922,0.2173255831003189,1.0,0.006199632305651903,0.4036425054073334,0.019020603969693184,BraTS20_Training_340,t1
0.07364068925380707,0.15186749398708344,1.0,0.004566348157823086,0.28586819767951965,0.015067193657159805,BraTS20_Training_340,t1ce
0.07067129015922546,0.14386706054210663,1.0,0.007189530413597822,0.3330312967300415,0.02010294608771801,BraTS20_Training_340,t2
0.09236349910497665,0.1900065690279007,1.0,0.00775531493127346,0.4001491665840149,0.021601121872663498,BraTS20_Training_340,flair
0.08073975145816803,0.1791962832212448,1.0,0.004827182739973068,0.31054994463920593,0.015994196757674217,BraTS20_Training_341,t1
0.06783613562583923,0.14495278894901276,1.0,0.006283546332269907,0.25245732069015503,0.017195982858538628,BraTS20_Training_341,t1ce
0.06560167670249939,0.14899080991744995,0.9993542432785034,0.014116358011960983,0.4022061824798584,0.02703775092959404,BraTS20_Training_341,t2
0.08661231398582458,0.18996627628803253,0.9960784316062927,0.01436565164476633,0.4248887598514557,0.027895718812942505,BraTS20_Training_341,flair
0.08716350048780441,0.17887625098228455,1.0,0.0055234674364328384,0.3175225555896759,0.016382751986384392,BraTS20_Training_342,t1
0.0768892914056778,0.15749876201152802,1.0,0.011661302298307419,0.36982423067092896,0.02448894828557968,BraTS20_Training_342,t1ce
0.07150642573833466,0.14752011001110077,1.0,0.011067315936088562,0.39846041798591614,0.024702956900000572,BraTS20_Training_342,t2
0.07667693495750427,0.15463364124298096,1.0,0.005995150655508041,0.30330774188041687,0.018199443817138672,BraTS20_Training_342,flair
0.0958276018500328,0.18960337340831757,1.0,0.00655621150508523,0.3202538788318634,0.018657822161912918,BraTS20_Training_343,t1
0.0783190205693245,0.15332984924316406,1.0,0.01188673172146082,0.36358967423439026,0.024979189038276672,BraTS20_Training_343,t1ce
0.07666237652301788,0.1543113738298416,1.0,0.004367197398096323,0.3434218764305115,0.01648850366473198,BraTS20_Training_343,t2
0.09187504649162292,0.18557532131671906,1.0,0.007028592750430107,0.3905947208404541,0.021080132573843002,BraTS20_Training_343,flair
0.08484234660863876,0.19742681086063385,1.0,0.005944397300481796,0.4408707916736603,0.020803555846214294,BraTS20_Training_344,t1
0.08079014718532562,0.1851578950881958,1.0,0.01043123472481966,0.41232872009277344,0.0247636865824461,BraTS20_Training_344,t1ce
0.06158311665058136,0.13649560511112213,1.0,0.0051313466392457485,0.3156631886959076,0.018279362469911575,BraTS20_Training_344,t2
0.07889705896377563,0.1781991571187973,1.0,0.005097049754112959,0.3482382595539093,0.018619222566485405,BraTS20_Training_344,flair
0.08333279192447662,0.17715291678905487,1.0,0.0065824962221086025,0.33988744020462036,0.018481433391571045,BraTS20_Training_345,t1
0.06987462937831879,0.14605414867401123,1.0,0.00811886228621006,0.36049413681030273,0.0219124723225832,BraTS20_Training_345,t1ce
0.08150683343410492,0.18229296803474426,1.0,0.020434224978089333,0.5249767303466797,0.03282298892736435,BraTS20_Training_345,t2
0.08890306949615479,0.1977759450674057,1.0,0.0096895731985569,0.4685264229774475,0.025598278269171715,BraTS20_Training_345,flair
0.09399936348199844,0.1965920329093933,1.0,0.0065118856728076935,0.4376034438610077,0.019467784091830254,BraTS20_Training_346,t1
0.07581630349159241,0.1545393168926239,1.0,0.012390680611133575,0.3888736069202423,0.02481941692531109,BraTS20_Training_346,t1ce
0.07667405158281326,0.16536061465740204,1.0,0.02282889559864998,0.542071521282196,0.03395825996994972,BraTS20_Training_346,t2
0.09243293851613998,0.1876099556684494,1.0,0.012119595892727375,0.4300103187561035,0.025398116558790207,BraTS20_Training_346,flair
0.07252011448144913,0.1683383733034134,1.0,0.005760934203863144,0.33350732922554016,0.018099283799529076,BraTS20_Training_347,t1
0.061179619282484055,0.13738389313220978,1.0,0.00907848123461008,0.28993546962738037,0.02160145528614521,BraTS20_Training_347,t1ce
0.06184999272227287,0.14176157116889954,1.0,0.007612523622810841,0.342849999666214,0.021428467705845833,BraTS20_Training_347,t2
0.06945925951004028,0.15790265798568726,1.0,0.0063182273879647255,0.2953280210494995,0.018495164811611176,BraTS20_Training_347,flair
0.09719905257225037,0.20189279317855835,1.0,0.006376440171152353,0.39272913336753845,0.018476665019989014,BraTS20_Training_348,t1
0.07258005440235138,0.14704154431819916,1.0,0.011349273845553398,0.38641592860221863,0.02464582771062851,BraTS20_Training_348,t1ce
0.068901926279068,0.14299672842025757,1.0,0.012542655691504478,0.4372557997703552,0.026271164417266846,BraTS20_Training_348,t2
0.09389077126979828,0.19281169772148132,1.0,0.011550282128155231,0.44403037428855896,0.025160199031233788,BraTS20_Training_348,flair
0.04385765269398689,0.10021315515041351,1.0,0.003337701316922903,0.17657484114170074,0.012597807683050632,BraTS20_Training_349,t1
0.049347031861543655,0.11537761241197586,1.0,0.005343325436115265,0.2053774744272232,0.015592580661177635,BraTS20_Training_349,t1ce
0.052113622426986694,0.13245569169521332,1.0,0.006017160601913929,0.25976479053497314,0.01726370118558407,BraTS20_Training_349,t2
0.05693857744336128,0.13825498521327972,1.0,0.00562241580337286,0.2703235149383545,0.017407063394784927,BraTS20_Training_349,flair
0.0855896919965744,0.17903932929039001,1.0,0.005701647140085697,0.41582340002059937,0.0191997978836298,BraTS20_Training_350,t1
0.06184910610318184,0.1230841726064682,1.0,0.008333686739206314,0.3139495551586151,0.020955713465809822,BraTS20_Training_350,t1ce
0.06873048096895218,0.14297901093959808,1.0,0.009635504335165024,0.3852372169494629,0.02296457812190056,BraTS20_Training_350,t2
0.08111187815666199,0.16333402693271637,1.0,0.007799931801855564,0.35099393129348755,0.02026023529469967,BraTS20_Training_350,flair
0.10350926965475082,0.2235116958618164,1.0,0.010234824381768703,0.5432383418083191,0.0252679493278265,BraTS20_Training_351,t1
0.0718109980225563,0.14630410075187683,1.0,0.011019159108400345,0.3484295606613159,0.02324659936130047,BraTS20_Training_351,t1ce
0.06981103867292404,0.1513611078262329,1.0,0.014131853356957436,0.49841034412384033,0.028270529583096504,BraTS20_Training_351,t2
0.07392603904008865,0.14894701540470123,1.0,0.0057349842973053455,0.32931584119796753,0.018289584666490555,BraTS20_Training_351,flair
0.08578302711248398,0.16999858617782593,1.0,0.004004125017672777,0.2656158208847046,0.014453072100877762,BraTS20_Training_352,t1
0.06874794512987137,0.13273467123508453,1.0,0.00791473314166069,0.2669377624988556,0.019995849579572678,BraTS20_Training_352,t1ce
0.0741874948143959,0.15841346979141235,1.0,0.011372928507626057,0.4813089072704315,0.026215320453047752,BraTS20_Training_352,t2
0.0824255719780922,0.17284445464611053,1.0,0.005663773510605097,0.3572879433631897,0.019465090706944466,BraTS20_Training_352,flair
0.10173630714416504,0.2107367217540741,1.0,0.005783251952379942,0.4520071744918823,0.01873055100440979,BraTS20_Training_353,t1
0.07952813804149628,0.15563450753688812,1.0,0.012249301187694073,0.3461035490036011,0.024086950346827507,BraTS20_Training_353,t1ce
0.07198286056518555,0.14827024936676025,1.0,0.014008477330207825,0.4799348711967468,0.028237827122211456,BraTS20_Training_353,t2
0.08481243997812271,0.16815175116062164,1.0,0.006353758275508881,0.3878614604473114,0.020505553111433983,BraTS20_Training_353,flair
0.09658515453338623,0.2067127525806427,1.0,0.008073600009083748,0.4814140796661377,0.02251710370182991,BraTS20_Training_354,t1
0.07104229182004929,0.1448957771062851,1.0,0.009361620992422104,0.35850271582603455,0.022793788462877274,BraTS20_Training_354,t1ce
0.08245482295751572,0.17497335374355316,1.0,0.010871883481740952,0.4337729811668396,0.024783913046121597,BraTS20_Training_354,t2
0.09233516454696655,0.19274203479290009,1.0,0.011860380880534649,0.4230286478996277,0.0255166906863451,BraTS20_Training_354,flair
0.08457337319850922,0.19458314776420593,1.0,0.004824403673410416,0.2771669626235962,0.015682917088270187,BraTS20_Training_355,t1
0.05543937534093857,0.12331094592809677,1.0,0.008051944896578789,0.27437806129455566,0.020779957994818687,BraTS20_Training_355,t1ce
0.0684136301279068,0.160024955868721,1.0,0.013790158554911613,0.37299060821533203,0.02586733177304268,BraTS20_Training_355,t2
0.06074833497405052,0.1381792575120926,1.0,0.0032678148709237576,0.2542373239994049,0.014724740758538246,BraTS20_Training_355,flair
0.09708349406719208,0.20961549878120422,1.0,0.006851890590041876,0.44630658626556396,0.02008412778377533,BraTS20_Training_356,t1
0.06527470797300339,0.13196849822998047,1.0,0.0072812908329069614,0.2955872416496277,0.01915252022445202,BraTS20_Training_356,t1ce
0.06621482968330383,0.141758531332016,1.0,0.009003570303320885,0.4300437867641449,0.023829638957977295,BraTS20_Training_356,t2
0.06927145272493362,0.13993099331855774,1.0,0.003868618980050087,0.31351372599601746,0.0164041705429554,BraTS20_Training_356,flair
0.05807311087846756,0.14896798133850098,1.0,0.0041380818001925945,0.2165047824382782,0.014803530648350716,BraTS20_Training_357,t1
0.03629148378968239,0.08557122200727463,1.0,0.0021427778992801905,0.1359615921974182,0.010481988079845905,BraTS20_Training_357,t1ce
0.05348196625709534,0.1428249180316925,1.0,0.00876292958855629,0.341791033744812,0.023450912907719612,BraTS20_Training_357,t2
0.05757461488246918,0.14904828369617462,1.0,0.006256327498704195,0.2838679552078247,0.01982034184038639,BraTS20_Training_357,flair
0.08910395205020905,0.20944061875343323,1.0,0.007160323206335306,0.43965473771095276,0.021847326308488846,BraTS20_Training_358,t1
0.05152019113302231,0.10935288667678833,1.0,0.005782172083854675,0.22930529713630676,0.017293119803071022,BraTS20_Training_358,t1ce
0.05701518803834915,0.12961013615131378,1.0,0.007090664003044367,0.3506976068019867,0.021407652646303177,BraTS20_Training_358,t2
0.08417322486639023,0.1917947381734848,1.0,0.0066154166124761105,0.35294049978256226,0.020272690802812576,BraTS20_Training_358,flair
0.0874982476234436,0.19408881664276123,1.0,0.006367067340761423,0.44522374868392944,0.02075839415192604,BraTS20_Training_359,t1
0.06131914258003235,0.12739460170269012,1.0,0.007141098380088806,0.3026006817817688,0.019762054085731506,BraTS20_Training_359,t1ce
0.06265946477651596,0.1340080052614212,1.0,0.006807792000472546,0.3608720600605011,0.020481131970882416,BraTS20_Training_359,t2
0.06781797856092453,0.14188481867313385,1.0,0.005307767540216446,0.311659038066864,0.01763816364109516,BraTS20_Training_359,flair
0.06578116863965988,0.17674823105335236,1.0,0.0073502096347510815,0.27061980962753296,0.0189693383872509,BraTS20_Training_360,t1
0.04481863975524902,0.11410189419984818,1.0,0.0033748820424079895,0.16885904967784882,0.012757113203406334,BraTS20_Training_360,t1ce
0.04103962704539299,0.10740414261817932,1.0,0.003953364212065935,0.20151251554489136,0.014537432231009007,BraTS20_Training_360,t2
0.05859258025884628,0.15773072838783264,1.0,0.007135454099625349,0.2791854441165924,0.0200795941054821,BraTS20_Training_360,flair
0.113519586622715,0.23319366574287415,1.0,0.008619414642453194,0.5728332996368408,0.024183345958590508,BraTS20_Training_361,t1
0.07180718332529068,0.13712693750858307,1.0,0.008546102792024612,0.33140552043914795,0.021141786128282547,BraTS20_Training_361,t1ce
0.07271955907344818,0.14645543694496155,1.0,0.008083459921181202,0.4497450292110443,0.02309354767203331,BraTS20_Training_361,t2
0.10621525347232819,0.2124887853860855,1.0,0.008482527919113636,0.5155638456344604,0.024405688047409058,BraTS20_Training_361,flair
0.10324554890394211,0.20424313843250275,1.0,0.004583325702697039,0.2857164740562439,0.015192639082670212,BraTS20_Training_362,t1
0.06919864565134048,0.13457156717777252,1.0,0.010684458538889885,0.35738661885261536,0.023643523454666138,BraTS20_Training_362,t1ce
0.06777416169643402,0.1400393694639206,1.0,0.008745859377086163,0.4011484384536743,0.022569792345166206,BraTS20_Training_362,t2
0.0860738456249237,0.17435885965824127,1.0,0.005167660769075155,0.3946244716644287,0.019376980140805244,BraTS20_Training_362,flair
0.08606390655040741,0.19369272887706757,1.0,0.003178010229021311,0.30299773812294006,0.013737041503190994,BraTS20_Training_363,t1
0.07230047136545181,0.15750163793563843,1.0,0.0055445097386837006,0.27719077467918396,0.016893085092306137,BraTS20_Training_363,t1ce
0.06477771699428558,0.1522822231054306,1.0,0.006093594711273909,0.37990710139274597,0.01938130334019661,BraTS20_Training_363,t2
0.06426118314266205,0.14366137981414795,1.0,0.003780931467190385,0.2969549298286438,0.01574752666056156,BraTS20_Training_363,flair
0.11368785053491592,0.22665417194366455,1.0,0.008979721926152706,0.6025550365447998,0.02479093335568905,BraTS20_Training_364,t1
0.06684667617082596,0.12268432974815369,1.0,0.0076728444546461105,0.3325338363647461,0.020133722573518753,BraTS20_Training_364,t1ce
0.0750189945101738,0.1484677493572235,1.0,0.009944889694452286,0.5053163766860962,0.02573772706091404,BraTS20_Training_364,t2
0.11204121261835098,0.21393924951553345,1.0,0.009673708118498325,0.4859952926635742,0.02467416785657406,BraTS20_Training_364,flair
0.08900473266839981,0.20557808876037598,1.0,0.008327152580022812,0.4254579544067383,0.022029148414731026,BraTS20_Training_365,t1
0.0645928904414177,0.1416202187538147,1.0,0.00856983382254839,0.30502769351005554,0.021219247952103615,BraTS20_Training_365,t1ce
0.08956965059041977,0.2003624439239502,1.0,0.007195522543042898,0.3122754693031311,0.0191317368298769,BraTS20_Training_365,t2
0.0758289024233818,0.1691882610321045,1.0,0.006384334526956081,0.3119678795337677,0.018427515402436256,BraTS20_Training_365,flair
0.07523686438798904,0.19432182610034943,1.0,0.0077231936156749725,0.28601476550102234,0.019107146188616753,BraTS20_Training_366,t1
0.05772966146469116,0.14395581185817719,1.0,0.006350506097078323,0.21811778843402863,0.017070090398192406,BraTS20_Training_366,t1ce
0.048404693603515625,0.13005757331848145,1.0,0.011867472901940346,0.3391682207584381,0.02432090975344181,BraTS20_Training_366,t2
0.06333114951848984,0.16509556770324707,1.0,0.007309199310839176,0.3178558051586151,0.020810609683394432,BraTS20_Training_366,flair
0.10835499316453934,0.21927228569984436,1.0,0.008379066362977028,0.5377697944641113,0.023118453100323677,BraTS20_Training_367,t1
0.07826074212789536,0.15010623633861542,1.0,0.009534661658108234,0.3506278097629547,0.021420421078801155,BraTS20_Training_367,t1ce
0.0771690160036087,0.15455211699008942,1.0,0.02012505754828453,0.48126107454299927,0.030372247099876404,BraTS20_Training_367,t2
0.09226740896701813,0.17816035449504852,1.0,0.00865552294999361,0.39118146896362305,0.02160242758691311,BraTS20_Training_367,flair
0.08871858566999435,0.1974264234304428,1.0,0.006549076642841101,0.38828036189079285,0.01917780190706253,BraTS20_Training_368,t1
0.07529763132333755,0.16120150685310364,1.0,0.009673971682786942,0.3214627504348755,0.022151408717036247,BraTS20_Training_368,t1ce
0.06212933361530304,0.13484863936901093,1.0,0.010526875033974648,0.3735794723033905,0.023958945646882057,BraTS20_Training_368,t2
0.08792786300182343,0.19418294727802277,1.0,0.008750866167247295,0.41844719648361206,0.023441677913069725,BraTS20_Training_368,flair
0.11113724857568741,0.2062065154314041,1.0,0.007494824007153511,0.40725088119506836,0.019478224217891693,BraTS20_Training_369,t1
0.09820307046175003,0.18052679300308228,1.0,0.011330602690577507,0.3836631178855896,0.023047635331749916,BraTS20_Training_369,t1ce
0.08744282275438309,0.16354306042194366,1.0,0.010204308666288853,0.45906710624694824,0.02399577759206295,BraTS20_Training_369,t2
0.10011512041091919,0.1850501447916031,1.0,0.007661787327378988,0.4190870225429535,0.020814308896660805,BraTS20_Training_369,flair
